2026-06-03 21:30:04,691 INFO SQLite connected: data/food_db.sqlite
2026-06-03 21:30:04,740 INFO PostgreSQL pool created
2026-06-03 21:30:04,741 INFO Redis connected
2026-06-03 21:30:04,744 INFO GET http://localhost:9200/ [status:200 duration:0.002s]
2026-06-03 21:30:04,744 INFO Elasticsearch connected: 8.13.4
2026-06-03 21:30:04,864 INFO POST http://localhost:9200/restaurants/_search?scroll=5m [status:200 duration:0.120s]
2026-06-03 21:30:04,864 INFO Total documents to embed: 51354
2026-06-03 21:30:05,768 INFO HTTP Request: POST https://open.bigmodel.cn/api/paas/v4/embeddings "HTTP/1.1 200 OK"
2026-06-03 21:30:05,853 INFO PUT http://localhost:9200/_bulk?refresh=false [status:200 duration:0.023s]
2026-06-03 21:30:05,853 INFO Progress: 20/51354 (20.2/s) — ETA 2538s
2026-06-03 21:30:05,856 INFO POST http://localhost:9200/_search/scroll [status:200 duration:0.002s]
2026-06-03 21:30:06,052 INFO HTTP Request: POST https://open.bigmodel.cn/api/paas/v4/embeddings "HTTP/1.1 200 OK"
2026-06-03 21:30:06,132 INFO PUT http://localhost:9200/_bulk?refresh=false [status:200 duration:0.027s]
2026-06-03 21:30:06,132 INFO Progress: 40/51354 (31.6/s) — ETA 1626s
2026-06-03 21:30:06,135 INFO POST http://localhost:9200/_search/scroll [status:200 duration:0.002s]
2026-06-03 21:30:06,320 INFO HTTP Request: POST https://open.bigmodel.cn/api/paas/v4/embeddings "HTTP/1.1 200 OK"
2026-06-03 21:30:06,394 INFO PUT http://localhost:9200/_bulk?refresh=false [status:200 duration:0.024s]
2026-06-03 21:30:06,394 INFO Progress: 60/51354 (39.2/s) — ETA 1308s
2026-06-03 21:30:06,396 INFO POST http://localhost:9200/_search/scroll [status:200 duration:0.002s]
2026-06-03 21:30:06,601 INFO HTTP Request: POST https://open.bigmodel.cn/api/paas/v4/embeddings "HTTP/1.1 200 OK"
2026-06-03 21:30:06,679 INFO PUT http://localhost:9200/_bulk?refresh=false [status:200 duration:0.024s]
2026-06-03 21:30:06,679 INFO Progress: 80/51354 (44.1/s) — ETA 1163s
2026-06-03 21:30:06,682 INFO POST http://localhost:9200/_search/scroll [status:200 duration:0.003s]
2026-06-03 21:30:06,866 INFO HTTP Request: POST https://open.bigmodel.cn/api/paas/v4/embeddings "HTTP/1.1 200 OK"
2026-06-03 21:30:06,924 INFO PUT http://localhost:9200/_bulk?refresh=false [status:200 duration:0.023s]
2026-06-03 21:30:06,924 INFO Progress: 100/51354 (48.5/s) — ETA 1056s
2026-06-03 21:30:06,926 INFO POST http://localhost:9200/_search/scroll [status:200 duration:0.002s]
2026-06-03 21:30:07,087 INFO HTTP Request: POST https://open.bigmodel.cn/api/paas/v4/embeddings "HTTP/1.1 200 OK"
2026-06-03 21:30:07,149 INFO PUT http://localhost:9200/_bulk?refresh=false [status:200 duration:0.025s]
2026-06-03 21:30:07,149 INFO Progress: 120/51354 (52.5/s) — ETA 976s
2026-06-03 21:30:07,151 INFO POST http://localhost:9200/_search/scroll [status:200 duration:0.002s]
2026-06-03 21:30:07,315 INFO HTTP Request: POST https://open.bigmodel.cn/api/paas/v4/embeddings "HTTP/1.1 200 OK"
2026-06-03 21:30:07,367 INFO PUT http://localhost:9200/_bulk?refresh=false [status:200 duration:0.023s]
2026-06-03 21:30:07,367 INFO Progress: 140/51354 (55.9/s) — ETA 916s
2026-06-03 21:30:07,370 INFO POST http://localhost:9200/_search/scroll [status:200 duration:0.002s]
2026-06-03 21:30:07,574 INFO HTTP Request: POST https://open.bigmodel.cn/api/paas/v4/embeddings "HTTP/1.1 200 OK"
2026-06-03 21:30:07,657 INFO PUT http://localhost:9200/_bulk?refresh=false [status:200 duration:0.026s]
2026-06-03 21:30:07,657 INFO Progress: 160/51354 (57.3/s) — ETA 894s
2026-06-03 21:30:07,660 INFO POST http://localhost:9200/_search/scroll [status:200 duration:0.002s]
2026-06-03 21:30:07,833 INFO HTTP Request: POST https://open.bigmodel.cn/api/paas/v4/embeddings "HTTP/1.1 200 OK"
2026-06-03 21:30:07,909 INFO PUT http://localhost:9200/_bulk?refresh=false [status:200 duration:0.023s]
2026-06-03 21:30:07,909 INFO Progress: 180/51354 (59.1/s) — ETA 866s
2026-06-03 21:30:07,911 INFO POST http://localhost:9200/_search/scroll [status:200 duration:0.002s]
2026-06-03 21:30:08,144 INFO HTTP Request: POST https://open.bigmodel.cn/api/paas/v4/embeddings "HTTP/1.1 200 OK"
2026-06-03 21:30:08,220 INFO PUT http://localhost:9200/_bulk?refresh=false [status:200 duration:0.024s]
2026-06-03 21:30:08,221 INFO Progress: 200/51354 (59.6/s) — ETA 858s
2026-06-03 21:30:08,223 INFO POST http://localhost:9200/_search/scroll [status:200 duration:0.002s]
2026-06-03 21:30:08,395 INFO HTTP Request: POST https://open.bigmodel.cn/api/paas/v4/embeddings "HTTP/1.1 200 OK"
2026-06-03 21:30:08,477 INFO PUT http://localhost:9200/_bulk?refresh=false [status:200 duration:0.023s]
2026-06-03 21:30:08,478 INFO Progress: 220/51354 (60.9/s) — ETA 840s
2026-06-03 21:30:08,480 INFO POST http://localhost:9200/_search/scroll [status:200 duration:0.002s]
2026-06-03 21:30:08,676 INFO HTTP Request: POST https://open.bigmodel.cn/api/paas/v4/embeddings "HTTP/1.1 200 OK"
2026-06-03 21:30:08,736 INFO PUT http://localhost:9200/_bulk?refresh=false [status:200 duration:0.023s]
2026-06-03 21:30:08,736 INFO Progress: 240/51354 (62.0/s) — ETA 825s
2026-06-03 21:30:08,739 INFO POST http://localhost:9200/_search/scroll [status:200 duration:0.002s]
2026-06-03 21:30:08,927 INFO HTTP Request: POST https://open.bigmodel.cn/api/paas/v4/embeddings "HTTP/1.1 200 OK"
2026-06-03 21:30:08,984 INFO PUT http://localhost:9200/_bulk?refresh=false [status:200 duration:0.024s]
2026-06-03 21:30:08,984 INFO Progress: 260/51354 (63.1/s) — ETA 810s
2026-06-03 21:30:08,987 INFO POST http://localhost:9200/_search/scroll [status:200 duration:0.002s]
2026-06-03 21:30:09,147 INFO HTTP Request: POST https://open.bigmodel.cn/api/paas/v4/embeddings "HTTP/1.1 200 OK"
2026-06-03 21:30:09,234 INFO PUT http://localhost:9200/_bulk?refresh=false [status:200 duration:0.029s]
2026-06-03 21:30:09,234 INFO Progress: 280/51354 (64.1/s) — ETA 797s
2026-06-03 21:30:09,236 INFO POST http://localhost:9200/_search/scroll [status:200 duration:0.002s]
2026-06-03 21:30:09,442 INFO HTTP Request: POST https://open.bigmodel.cn/api/paas/v4/embeddings "HTTP/1.1 200 OK"
2026-06-03 21:30:09,524 INFO PUT http://localhost:9200/_bulk?refresh=false [status:200 duration:0.023s]
2026-06-03 21:30:09,524 INFO Progress: 300/51354 (64.4/s) — ETA 793s
2026-06-03 21:30:09,527 INFO POST http://localhost:9200/_search/scroll [status:200 duration:0.002s]
2026-06-03 21:30:09,772 INFO HTTP Request: POST https://open.bigmodel.cn/api/paas/v4/embeddings "HTTP/1.1 200 OK"
2026-06-03 21:30:09,849 INFO PUT http://localhost:9200/_bulk?refresh=false [status:200 duration:0.023s]
2026-06-03 21:30:09,850 INFO Progress: 320/51354 (64.2/s) — ETA 795s
2026-06-03 21:30:09,852 INFO POST http://localhost:9200/_search/scroll [status:200 duration:0.002s]
2026-06-03 21:30:10,109 INFO HTTP Request: POST https://open.bigmodel.cn/api/paas/v4/embeddings "HTTP/1.1 200 OK"
2026-06-03 21:30:10,190 INFO PUT http://localhost:9200/_bulk?refresh=false [status:200 duration:0.025s]
2026-06-03 21:30:10,191 INFO Progress: 340/51354 (63.8/s) — ETA 799s
2026-06-03 21:30:10,193 INFO POST http://localhost:9200/_search/scroll [status:200 duration:0.002s]
2026-06-03 21:30:10,398 INFO HTTP Request: POST https://open.bigmodel.cn/api/paas/v4/embeddings "HTTP/1.1 200 OK"
2026-06-03 21:30:10,467 INFO PUT http://localhost:9200/_bulk?refresh=false [status:200 duration:0.024s]
2026-06-03 21:30:10,467 INFO Progress: 360/51354 (64.3/s) — ETA 794s
2026-06-03 21:30:10,469 INFO POST http://localhost:9200/_search/scroll [status:200 duration:0.002s]
2026-06-03 21:30:10,721 INFO HTTP Request: POST https://open.bigmodel.cn/api/paas/v4/embeddings "HTTP/1.1 200 OK"
2026-06-03 21:30:10,806 INFO PUT http://localhost:9200/_bulk?refresh=false [status:200 duration:0.024s]
2026-06-03 21:30:10,806 INFO Progress: 380/51354 (64.0/s) — ETA 797s
2026-06-03 21:30:10,808 INFO POST http://localhost:9200/_search/scroll [status:200 duration:0.002s]
2026-06-03 21:30:11,023 INFO HTTP Request: POST https://open.bigmodel.cn/api/paas/v4/embeddings "HTTP/1.1 200 OK"
2026-06-03 21:30:11,098 INFO PUT http://localhost:9200/_bulk?refresh=false [status:200 duration:0.023s]
2026-06-03 21:30:11,099 INFO Progress: 400/51354 (64.2/s) — ETA 794s
2026-06-03 21:30:11,101 INFO POST http://localhost:9200/_search/scroll [status:200 duration:0.002s]
2026-06-03 21:30:11,297 INFO HTTP Request: POST https://open.bigmodel.cn/api/paas/v4/embeddings "HTTP/1.1 200 OK"
2026-06-03 21:30:11,374 INFO PUT http://localhost:9200/_bulk?refresh=false [status:200 duration:0.023s]
2026-06-03 21:30:11,375 INFO Progress: 420/51354 (64.5/s) — ETA 790s
2026-06-03 21:30:11,377 INFO POST http://localhost:9200/_search/scroll [status:200 duration:0.002s]
2026-06-03 21:30:11,543 INFO HTTP Request: POST https://open.bigmodel.cn/api/paas/v4/embeddings "HTTP/1.1 200 OK"
2026-06-03 21:30:11,594 INFO PUT http://localhost:9200/_bulk?refresh=false [status:200 duration:0.023s]
2026-06-03 21:30:11,594 INFO Progress: 440/51354 (65.4/s) — ETA 779s
2026-06-03 21:30:11,596 INFO POST http://localhost:9200/_search/scroll [status:200 duration:0.002s]
2026-06-03 21:30:11,808 INFO HTTP Request: POST https://open.bigmodel.cn/api/paas/v4/embeddings "HTTP/1.1 200 OK"
2026-06-03 21:30:11,885 INFO PUT http://localhost:9200/_bulk?refresh=false [status:200 duration:0.024s]
2026-06-03 21:30:11,885 INFO Progress: 460/51354 (65.5/s) — ETA 777s
2026-06-03 21:30:11,887 INFO POST http://localhost:9200/_search/scroll [status:200 duration:0.002s]
2026-06-03 21:30:12,069 INFO HTTP Request: POST https://open.bigmodel.cn/api/paas/v4/embeddings "HTTP/1.1 200 OK"
2026-06-03 21:30:12,126 INFO PUT http://localhost:9200/_bulk?refresh=false [status:200 duration:0.023s]
2026-06-03 21:30:12,126 INFO Progress: 480/51354 (66.1/s) — ETA 770s
2026-06-03 21:30:12,129 INFO POST http://localhost:9200/_search/scroll [status:200 duration:0.002s]
2026-06-03 21:30:12,334 INFO HTTP Request: POST https://open.bigmodel.cn/api/paas/v4/embeddings "HTTP/1.1 200 OK"
2026-06-03 21:30:12,406 INFO PUT http://localhost:9200/_bulk?refresh=false [status:200 duration:0.023s]
2026-06-03 21:30:12,407 INFO Progress: 500/51354 (66.3/s) — ETA 767s
2026-06-03 21:30:12,409 INFO POST http://localhost:9200/_search/scroll [status:200 duration:0.002s]
2026-06-03 21:30:12,584 INFO HTTP Request: POST https://open.bigmodel.cn/api/paas/v4/embeddings "HTTP/1.1 200 OK"
2026-06-03 21:30:12,665 INFO PUT http://localhost:9200/_bulk?refresh=false [status:200 duration:0.022s]
2026-06-03 21:30:12,666 INFO Progress: 520/51354 (66.7/s) — ETA 763s
2026-06-03 21:30:12,668 INFO POST http://localhost:9200/_search/scroll [status:200 duration:0.002s]
2026-06-03 21:30:12,856 INFO HTTP Request: POST https://open.bigmodel.cn/api/paas/v4/embeddings "HTTP/1.1 200 OK"
2026-06-03 21:30:12,921 INFO PUT http://localhost:9200/_bulk?refresh=false [status:200 duration:0.022s]
2026-06-03 21:30:12,921 INFO Progress: 540/51354 (67.0/s) — ETA 758s
2026-06-03 21:30:12,923 INFO POST http://localhost:9200/_search/scroll [status:200 duration:0.002s]
2026-06-03 21:30:13,122 INFO HTTP Request: POST https://open.bigmodel.cn/api/paas/v4/embeddings "HTTP/1.1 200 OK"
2026-06-03 21:30:13,180 INFO PUT http://localhost:9200/_bulk?refresh=false [status:200 duration:0.024s]
2026-06-03 21:30:13,180 INFO Progress: 560/51354 (67.3/s) — ETA 754s
2026-06-03 21:30:13,182 INFO POST http://localhost:9200/_search/scroll [status:200 duration:0.002s]
2026-06-03 21:30:13,357 INFO HTTP Request: POST https://open.bigmodel.cn/api/paas/v4/embeddings "HTTP/1.1 200 OK"
2026-06-03 21:30:13,431 INFO PUT http://localhost:9200/_bulk?refresh=false [status:200 duration:0.025s]
2026-06-03 21:30:13,431 INFO Progress: 580/51354 (67.7/s) — ETA 750s
2026-06-03 21:30:13,434 INFO POST http://localhost:9200/_search/scroll [status:200 duration:0.002s]
2026-06-03 21:30:13,658 INFO HTTP Request: POST https://open.bigmodel.cn/api/paas/v4/embeddings "HTTP/1.1 200 OK"
2026-06-03 21:30:13,728 INFO PUT http://localhost:9200/_bulk?refresh=false [status:200 duration:0.030s]
2026-06-03 21:30:13,729 INFO Progress: 600/51354 (67.7/s) — ETA 750s
2026-06-03 21:30:13,733 INFO POST http://localhost:9200/_search/scroll [status:200 duration:0.004s]
2026-06-03 21:30:13,971 INFO HTTP Request: POST https://open.bigmodel.cn/api/paas/v4/embeddings "HTTP/1.1 200 OK"
2026-06-03 21:30:14,053 INFO PUT http://localhost:9200/_bulk?refresh=false [status:200 duration:0.028s]
2026-06-03 21:30:14,054 INFO Progress: 620/51354 (67.5/s) — ETA 752s
2026-06-03 21:30:14,058 INFO POST http://localhost:9200/_search/scroll [status:200 duration:0.004s]
2026-06-03 21:30:14,250 INFO HTTP Request: POST https://open.bigmodel.cn/api/paas/v4/embeddings "HTTP/1.1 200 OK"
2026-06-03 21:30:14,328 INFO PUT http://localhost:9200/_bulk?refresh=false [status:200 duration:0.024s]
2026-06-03 21:30:14,329 INFO Progress: 640/51354 (67.6/s) — ETA 750s
2026-06-03 21:30:14,331 INFO POST http://localhost:9200/_search/scroll [status:200 duration:0.002s]
2026-06-03 21:30:14,546 INFO HTTP Request: POST https://open.bigmodel.cn/api/paas/v4/embeddings "HTTP/1.1 200 OK"
2026-06-03 21:30:14,621 INFO PUT http://localhost:9200/_bulk?refresh=false [status:200 duration:0.022s]
2026-06-03 21:30:14,622 INFO Progress: 660/51354 (67.6/s) — ETA 749s
2026-06-03 21:30:14,624 INFO POST http://localhost:9200/_search/scroll [status:200 duration:0.002s]
2026-06-03 21:30:14,776 INFO HTTP Request: POST https://open.bigmodel.cn/api/paas/v4/embeddings "HTTP/1.1 200 OK"
2026-06-03 21:30:14,852 INFO PUT http://localhost:9200/_bulk?refresh=false [status:200 duration:0.023s]
2026-06-03 21:30:14,852 INFO Progress: 680/51354 (68.1/s) — ETA 744s
2026-06-03 21:30:14,855 INFO POST http://localhost:9200/_search/scroll [status:200 duration:0.002s]
2026-06-03 21:30:15,051 INFO HTTP Request: POST https://open.bigmodel.cn/api/paas/v4/embeddings "HTTP/1.1 200 OK"
2026-06-03 21:30:15,109 INFO PUT http://localhost:9200/_bulk?refresh=false [status:200 duration:0.022s]
2026-06-03 21:30:15,110 INFO Progress: 700/51354 (68.3/s) — ETA 741s
2026-06-03 21:30:15,112 INFO POST http://localhost:9200/_search/scroll [status:200 duration:0.002s]
2026-06-03 21:30:15,327 INFO HTTP Request: POST https://open.bigmodel.cn/api/paas/v4/embeddings "HTTP/1.1 200 OK"
2026-06-03 21:30:15,404 INFO PUT http://localhost:9200/_bulk?refresh=false [status:200 duration:0.028s]
2026-06-03 21:30:15,405 INFO Progress: 720/51354 (68.3/s) — ETA 741s
2026-06-03 21:30:15,407 INFO POST http://localhost:9200/_search/scroll [status:200 duration:0.002s]
2026-06-03 21:30:15,664 INFO HTTP Request: POST https://open.bigmodel.cn/api/paas/v4/embeddings "HTTP/1.1 200 OK"
2026-06-03 21:30:15,738 INFO PUT http://localhost:9200/_bulk?refresh=false [status:200 duration:0.025s]
2026-06-03 21:30:15,738 INFO Progress: 740/51354 (68.1/s) — ETA 744s
2026-06-03 21:30:15,740 INFO POST http://localhost:9200/_search/scroll [status:200 duration:0.002s]
2026-06-03 21:30:15,919 INFO HTTP Request: POST https://open.bigmodel.cn/api/paas/v4/embeddings "HTTP/1.1 200 OK"
2026-06-03 21:30:16,000 INFO PUT http://localhost:9200/_bulk?refresh=false [status:200 duration:0.023s]
2026-06-03 21:30:16,000 INFO Progress: 760/51354 (68.2/s) — ETA 741s
2026-06-03 21:30:16,002 INFO POST http://localhost:9200/_search/scroll [status:200 duration:0.002s]
2026-06-03 21:30:16,225 INFO HTTP Request: POST https://open.bigmodel.cn/api/paas/v4/embeddings "HTTP/1.1 200 OK"
2026-06-03 21:30:16,284 INFO PUT http://localhost:9200/_bulk?refresh=false [status:200 duration:0.025s]
2026-06-03 21:30:16,284 INFO Progress: 780/51354 (68.3/s) — ETA 740s
2026-06-03 21:30:16,286 INFO POST http://localhost:9200/_search/scroll [status:200 duration:0.002s]
2026-06-03 21:30:16,486 INFO HTTP Request: POST https://open.bigmodel.cn/api/paas/v4/embeddings "HTTP/1.1 200 OK"
2026-06-03 21:30:16,553 INFO PUT http://localhost:9200/_bulk?refresh=false [status:200 duration:0.022s]
2026-06-03 21:30:16,553 INFO Progress: 800/51354 (68.4/s) — ETA 739s
2026-06-03 21:30:16,555 INFO POST http://localhost:9200/_search/scroll [status:200 duration:0.002s]
2026-06-03 21:30:16,763 INFO HTTP Request: POST https://open.bigmodel.cn/api/paas/v4/embeddings "HTTP/1.1 200 OK"
2026-06-03 21:30:16,819 INFO PUT http://localhost:9200/_bulk?refresh=false [status:200 duration:0.022s]
2026-06-03 21:30:16,819 INFO Progress: 820/51354 (68.6/s) — ETA 737s
2026-06-03 21:30:16,822 INFO POST http://localhost:9200/_search/scroll [status:200 duration:0.002s]
2026-06-03 21:30:17,003 INFO HTTP Request: POST https://open.bigmodel.cn/api/paas/v4/embeddings "HTTP/1.1 200 OK"
2026-06-03 21:30:17,080 INFO PUT http://localhost:9200/_bulk?refresh=false [status:200 duration:0.026s]
2026-06-03 21:30:17,081 INFO Progress: 840/51354 (68.8/s) — ETA 735s
2026-06-03 21:30:17,083 INFO POST http://localhost:9200/_search/scroll [status:200 duration:0.002s]
2026-06-03 21:30:17,286 INFO HTTP Request: POST https://open.bigmodel.cn/api/paas/v4/embeddings "HTTP/1.1 200 OK"
2026-06-03 21:30:17,346 INFO PUT http://localhost:9200/_bulk?refresh=false [status:200 duration:0.023s]
2026-06-03 21:30:17,346 INFO Progress: 860/51354 (68.9/s) — ETA 733s
2026-06-03 21:30:17,348 INFO POST http://localhost:9200/_search/scroll [status:200 duration:0.002s]
2026-06-03 21:30:17,544 INFO HTTP Request: POST https://open.bigmodel.cn/api/paas/v4/embeddings "HTTP/1.1 200 OK"
2026-06-03 21:30:17,624 INFO PUT http://localhost:9200/_bulk?refresh=false [status:200 duration:0.023s]
2026-06-03 21:30:17,625 INFO Progress: 880/51354 (69.0/s) — ETA 732s
2026-06-03 21:30:17,627 INFO POST http://localhost:9200/_search/scroll [status:200 duration:0.002s]
2026-06-03 21:30:17,825 INFO HTTP Request: POST https://open.bigmodel.cn/api/paas/v4/embeddings "HTTP/1.1 200 OK"
2026-06-03 21:30:17,894 INFO PUT http://localhost:9200/_bulk?refresh=false [status:200 duration:0.025s]
2026-06-03 21:30:17,894 INFO Progress: 900/51354 (69.1/s) — ETA 730s
2026-06-03 21:30:17,896 INFO POST http://localhost:9200/_search/scroll [status:200 duration:0.002s]
2026-06-03 21:30:18,123 INFO HTTP Request: POST https://open.bigmodel.cn/api/paas/v4/embeddings "HTTP/1.1 200 OK"
2026-06-03 21:30:18,197 INFO PUT http://localhost:9200/_bulk?refresh=false [status:200 duration:0.021s]
2026-06-03 21:30:18,197 INFO Progress: 920/51354 (69.0/s) — ETA 731s
2026-06-03 21:30:18,199 INFO POST http://localhost:9200/_search/scroll [status:200 duration:0.002s]
2026-06-03 21:30:18,643 INFO HTTP Request: POST https://open.bigmodel.cn/api/paas/v4/embeddings "HTTP/1.1 200 OK"
2026-06-03 21:30:18,718 INFO PUT http://localhost:9200/_bulk?refresh=false [status:200 duration:0.023s]
2026-06-03 21:30:18,718 INFO Progress: 940/51354 (67.8/s) — ETA 743s
2026-06-03 21:30:18,721 INFO POST http://localhost:9200/_search/scroll [status:200 duration:0.002s]
2026-06-03 21:30:18,938 INFO HTTP Request: POST https://open.bigmodel.cn/api/paas/v4/embeddings "HTTP/1.1 200 OK"
2026-06-03 21:30:19,019 INFO PUT http://localhost:9200/_bulk?refresh=false [status:200 duration:0.024s]
2026-06-03 21:30:19,019 INFO Progress: 960/51354 (67.8/s) — ETA 743s
2026-06-03 21:30:19,021 INFO POST http://localhost:9200/_search/scroll [status:200 duration:0.002s]
2026-06-03 21:30:19,175 INFO HTTP Request: POST https://open.bigmodel.cn/api/paas/v4/embeddings "HTTP/1.1 200 OK"
2026-06-03 21:30:19,232 INFO PUT http://localhost:9200/_bulk?refresh=false [status:200 duration:0.025s]
2026-06-03 21:30:19,232 INFO Progress: 980/51354 (68.2/s) — ETA 739s
2026-06-03 21:30:19,234 INFO POST http://localhost:9200/_search/scroll [status:200 duration:0.002s]
2026-06-03 21:30:19,394 INFO HTTP Request: POST https://open.bigmodel.cn/api/paas/v4/embeddings "HTTP/1.1 200 OK"
2026-06-03 21:30:19,453 INFO PUT http://localhost:9200/_bulk?refresh=false [status:200 duration:0.026s]
2026-06-03 21:30:19,453 INFO Progress: 1000/51354 (68.5/s) — ETA 735s
2026-06-03 21:30:19,455 INFO POST http://localhost:9200/_search/scroll [status:200 duration:0.002s]
2026-06-03 21:30:19,662 INFO HTTP Request: POST https://open.bigmodel.cn/api/paas/v4/embeddings "HTTP/1.1 200 OK"
2026-06-03 21:30:19,735 INFO PUT http://localhost:9200/_bulk?refresh=false [status:200 duration:0.021s]
2026-06-03 21:30:19,735 INFO Progress: 1020/51354 (68.6/s) — ETA 734s
2026-06-03 21:30:19,737 INFO POST http://localhost:9200/_search/scroll [status:200 duration:0.002s]
2026-06-03 21:30:19,920 INFO HTTP Request: POST https://open.bigmodel.cn/api/paas/v4/embeddings "HTTP/1.1 200 OK"
2026-06-03 21:30:19,979 INFO PUT http://localhost:9200/_bulk?refresh=false [status:200 duration:0.026s]
2026-06-03 21:30:19,979 INFO Progress: 1040/51354 (68.8/s) — ETA 731s
2026-06-03 21:30:19,982 INFO POST http://localhost:9200/_search/scroll [status:200 duration:0.002s]
2026-06-03 21:30:20,161 INFO HTTP Request: POST https://open.bigmodel.cn/api/paas/v4/embeddings "HTTP/1.1 200 OK"
2026-06-03 21:30:20,220 INFO PUT http://localhost:9200/_bulk?refresh=false [status:200 duration:0.022s]
2026-06-03 21:30:20,220 INFO Progress: 1060/51354 (69.0/s) — ETA 729s
2026-06-03 21:30:20,222 INFO POST http://localhost:9200/_search/scroll [status:200 duration:0.002s]
2026-06-03 21:30:20,402 INFO HTTP Request: POST https://open.bigmodel.cn/api/paas/v4/embeddings "HTTP/1.1 200 OK"
2026-06-03 21:30:20,474 INFO PUT http://localhost:9200/_bulk?refresh=false [status:200 duration:0.028s]
2026-06-03 21:30:20,474 INFO Progress: 1080/51354 (69.2/s) — ETA 727s
2026-06-03 21:30:20,476 INFO POST http://localhost:9200/_search/scroll [status:200 duration:0.002s]
2026-06-03 21:30:20,646 INFO HTTP Request: POST https://open.bigmodel.cn/api/paas/v4/embeddings "HTTP/1.1 200 OK"
2026-06-03 21:30:20,716 INFO PUT http://localhost:9200/_bulk?refresh=false [status:200 duration:0.021s]
2026-06-03 21:30:20,717 INFO Progress: 1100/51354 (69.4/s) — ETA 724s
2026-06-03 21:30:20,719 INFO POST http://localhost:9200/_search/scroll [status:200 duration:0.002s]
2026-06-03 21:30:20,928 INFO HTTP Request: POST https://open.bigmodel.cn/api/paas/v4/embeddings "HTTP/1.1 200 OK"
2026-06-03 21:30:21,009 INFO PUT http://localhost:9200/_bulk?refresh=false [status:200 duration:0.027s]
2026-06-03 21:30:21,009 INFO Progress: 1120/51354 (69.4/s) — ETA 724s
2026-06-03 21:30:21,011 INFO POST http://localhost:9200/_search/scroll [status:200 duration:0.002s]
2026-06-03 21:30:21,206 INFO HTTP Request: POST https://open.bigmodel.cn/api/paas/v4/embeddings "HTTP/1.1 200 OK"
2026-06-03 21:30:21,287 INFO PUT http://localhost:9200/_bulk?refresh=false [status:200 duration:0.022s]
2026-06-03 21:30:21,288 INFO Progress: 1140/51354 (69.4/s) — ETA 723s
2026-06-03 21:30:21,290 INFO POST http://localhost:9200/_search/scroll [status:200 duration:0.002s]
2026-06-03 21:30:21,503 INFO HTTP Request: POST https://open.bigmodel.cn/api/paas/v4/embeddings "HTTP/1.1 200 OK"
2026-06-03 21:30:21,569 INFO PUT http://localhost:9200/_bulk?refresh=false [status:200 duration:0.022s]
2026-06-03 21:30:21,569 INFO Progress: 1160/51354 (69.4/s) — ETA 723s
2026-06-03 21:30:21,572 INFO POST http://localhost:9200/_search/scroll [status:200 duration:0.002s]
2026-06-03 21:30:21,798 INFO HTTP Request: POST https://open.bigmodel.cn/api/paas/v4/embeddings "HTTP/1.1 200 OK"
2026-06-03 21:30:21,880 INFO PUT http://localhost:9200/_bulk?refresh=false [status:200 duration:0.026s]
2026-06-03 21:30:21,881 INFO Progress: 1180/51354 (69.3/s) — ETA 724s
2026-06-03 21:30:21,883 INFO POST http://localhost:9200/_search/scroll [status:200 duration:0.002s]
2026-06-03 21:30:22,071 INFO HTTP Request: POST https://open.bigmodel.cn/api/paas/v4/embeddings "HTTP/1.1 200 OK"
2026-06-03 21:30:22,152 INFO PUT http://localhost:9200/_bulk?refresh=false [status:200 duration:0.025s]
2026-06-03 21:30:22,152 INFO Progress: 1200/51354 (69.4/s) — ETA 723s
2026-06-03 21:30:22,154 INFO POST http://localhost:9200/_search/scroll [status:200 duration:0.002s]
2026-06-03 21:30:22,314 INFO HTTP Request: POST https://open.bigmodel.cn/api/paas/v4/embeddings "HTTP/1.1 200 OK"
2026-06-03 21:30:22,397 INFO PUT http://localhost:9200/_bulk?refresh=false [status:200 duration:0.024s]
2026-06-03 21:30:22,397 INFO Progress: 1220/51354 (69.6/s) — ETA 720s
2026-06-03 21:30:22,400 INFO POST http://localhost:9200/_search/scroll [status:200 duration:0.002s]
2026-06-03 21:30:22,638 INFO HTTP Request: POST https://open.bigmodel.cn/api/paas/v4/embeddings "HTTP/1.1 200 OK"
2026-06-03 21:30:22,721 INFO PUT http://localhost:9200/_bulk?refresh=false [status:200 duration:0.032s]
2026-06-03 21:30:22,721 INFO Progress: 1240/51354 (69.4/s) — ETA 722s
2026-06-03 21:30:22,725 INFO POST http://localhost:9200/_search/scroll [status:200 duration:0.004s]
2026-06-03 21:30:22,954 INFO HTTP Request: POST https://open.bigmodel.cn/api/paas/v4/embeddings "HTTP/1.1 200 OK"
2026-06-03 21:30:23,019 INFO PUT http://localhost:9200/_bulk?refresh=false [status:200 duration:0.023s]
2026-06-03 21:30:23,019 INFO Progress: 1260/51354 (69.4/s) — ETA 722s
2026-06-03 21:30:23,021 INFO POST http://localhost:9200/_search/scroll [status:200 duration:0.002s]
2026-06-03 21:30:23,231 INFO HTTP Request: POST https://open.bigmodel.cn/api/paas/v4/embeddings "HTTP/1.1 200 OK"
2026-06-03 21:30:23,295 INFO PUT http://localhost:9200/_bulk?refresh=false [status:200 duration:0.023s]
2026-06-03 21:30:23,296 INFO Progress: 1280/51354 (69.4/s) — ETA 721s
2026-06-03 21:30:23,298 INFO POST http://localhost:9200/_search/scroll [status:200 duration:0.002s]
2026-06-03 21:30:23,531 INFO HTTP Request: POST https://open.bigmodel.cn/api/paas/v4/embeddings "HTTP/1.1 200 OK"
2026-06-03 21:30:23,594 INFO PUT http://localhost:9200/_bulk?refresh=false [status:200 duration:0.024s]
2026-06-03 21:30:23,594 INFO Progress: 1300/51354 (69.4/s) — ETA 721s
2026-06-03 21:30:23,596 INFO POST http://localhost:9200/_search/scroll [status:200 duration:0.002s]
2026-06-03 21:30:23,790 INFO HTTP Request: POST https://open.bigmodel.cn/api/paas/v4/embeddings "HTTP/1.1 200 OK"
2026-06-03 21:30:23,873 INFO PUT http://localhost:9200/_bulk?refresh=false [status:200 duration:0.024s]
2026-06-03 21:30:23,873 INFO Progress: 1320/51354 (69.4/s) — ETA 721s
2026-06-03 21:30:23,876 INFO POST http://localhost:9200/_search/scroll [status:200 duration:0.002s]
2026-06-03 21:30:24,094 INFO HTTP Request: POST https://open.bigmodel.cn/api/paas/v4/embeddings "HTTP/1.1 200 OK"
2026-06-03 21:30:24,170 INFO PUT http://localhost:9200/_bulk?refresh=false [status:200 duration:0.026s]
2026-06-03 21:30:24,171 INFO Progress: 1340/51354 (69.4/s) — ETA 721s
2026-06-03 21:30:24,173 INFO POST http://localhost:9200/_search/scroll [status:200 duration:0.002s]
2026-06-03 21:30:24,378 INFO HTTP Request: POST https://open.bigmodel.cn/api/paas/v4/embeddings "HTTP/1.1 200 OK"
2026-06-03 21:30:24,442 INFO PUT http://localhost:9200/_bulk?refresh=false [status:200 duration:0.022s]
2026-06-03 21:30:24,443 INFO Progress: 1360/51354 (69.5/s) — ETA 720s
2026-06-03 21:30:24,445 INFO POST http://localhost:9200/_search/scroll [status:200 duration:0.002s]
2026-06-03 21:30:24,637 INFO HTTP Request: POST https://open.bigmodel.cn/api/paas/v4/embeddings "HTTP/1.1 200 OK"
2026-06-03 21:30:24,718 INFO PUT http://localhost:9200/_bulk?refresh=false [status:200 duration:0.024s]
2026-06-03 21:30:24,718 INFO Progress: 1380/51354 (69.5/s) — ETA 719s
2026-06-03 21:30:24,720 INFO POST http://localhost:9200/_search/scroll [status:200 duration:0.002s]
2026-06-03 21:30:24,946 INFO HTTP Request: POST https://open.bigmodel.cn/api/paas/v4/embeddings "HTTP/1.1 200 OK"
2026-06-03 21:30:25,027 INFO PUT http://localhost:9200/_bulk?refresh=false [status:200 duration:0.025s]
2026-06-03 21:30:25,027 INFO Progress: 1400/51354 (69.4/s) — ETA 719s
2026-06-03 21:30:25,029 INFO POST http://localhost:9200/_search/scroll [status:200 duration:0.002s]
2026-06-03 21:30:25,198 INFO HTTP Request: POST https://open.bigmodel.cn/api/paas/v4/embeddings "HTTP/1.1 200 OK"
2026-06-03 21:30:25,272 INFO PUT http://localhost:9200/_bulk?refresh=false [status:200 duration:0.025s]
2026-06-03 21:30:25,272 INFO Progress: 1420/51354 (69.6/s) — ETA 718s
2026-06-03 21:30:25,274 INFO POST http://localhost:9200/_search/scroll [status:200 duration:0.002s]
2026-06-03 21:30:25,461 INFO HTTP Request: POST https://open.bigmodel.cn/api/paas/v4/embeddings "HTTP/1.1 200 OK"
2026-06-03 21:30:25,541 INFO PUT http://localhost:9200/_bulk?refresh=false [status:200 duration:0.027s]
2026-06-03 21:30:25,542 INFO Progress: 1440/51354 (69.6/s) — ETA 717s
2026-06-03 21:30:25,544 INFO POST http://localhost:9200/_search/scroll [status:200 duration:0.002s]
2026-06-03 21:30:25,776 INFO HTTP Request: POST https://open.bigmodel.cn/api/paas/v4/embeddings "HTTP/1.1 200 OK"
2026-06-03 21:30:25,830 INFO PUT http://localhost:9200/_bulk?refresh=false [status:200 duration:0.023s]
2026-06-03 21:30:25,830 INFO Progress: 1460/51354 (69.6/s) — ETA 716s
2026-06-03 21:30:25,832 INFO POST http://localhost:9200/_search/scroll [status:200 duration:0.002s]
2026-06-03 21:30:26,051 INFO HTTP Request: POST https://open.bigmodel.cn/api/paas/v4/embeddings "HTTP/1.1 200 OK"
2026-06-03 21:30:26,113 INFO PUT http://localhost:9200/_bulk?refresh=false [status:200 duration:0.026s]
2026-06-03 21:30:26,113 INFO Progress: 1480/51354 (69.7/s) — ETA 716s
2026-06-03 21:30:26,115 INFO POST http://localhost:9200/_search/scroll [status:200 duration:0.002s]
2026-06-03 21:30:26,297 INFO HTTP Request: POST https://open.bigmodel.cn/api/paas/v4/embeddings "HTTP/1.1 200 OK"
2026-06-03 21:30:26,364 INFO PUT http://localhost:9200/_bulk?refresh=false [status:200 duration:0.024s]
2026-06-03 21:30:26,364 INFO Progress: 1500/51354 (69.8/s) — ETA 715s
2026-06-03 21:30:26,366 INFO POST http://localhost:9200/_search/scroll [status:200 duration:0.002s]
2026-06-03 21:30:26,541 INFO HTTP Request: POST https://open.bigmodel.cn/api/paas/v4/embeddings "HTTP/1.1 200 OK"
2026-06-03 21:30:26,619 INFO PUT http://localhost:9200/_bulk?refresh=false [status:200 duration:0.022s]
2026-06-03 21:30:26,619 INFO Progress: 1520/51354 (69.9/s) — ETA 713s
2026-06-03 21:30:26,621 INFO POST http://localhost:9200/_search/scroll [status:200 duration:0.002s]
2026-06-03 21:30:26,817 INFO HTTP Request: POST https://open.bigmodel.cn/api/paas/v4/embeddings "HTTP/1.1 200 OK"
2026-06-03 21:30:26,899 INFO PUT http://localhost:9200/_bulk?refresh=false [status:200 duration:0.026s]
2026-06-03 21:30:26,899 INFO Progress: 1540/51354 (69.9/s) — ETA 713s
2026-06-03 21:30:26,901 INFO POST http://localhost:9200/_search/scroll [status:200 duration:0.002s]
2026-06-03 21:30:27,128 INFO HTTP Request: POST https://open.bigmodel.cn/api/paas/v4/embeddings "HTTP/1.1 200 OK"
2026-06-03 21:30:27,207 INFO PUT http://localhost:9200/_bulk?refresh=false [status:200 duration:0.026s]
2026-06-03 21:30:27,208 INFO Progress: 1560/51354 (69.8/s) — ETA 713s
2026-06-03 21:30:27,210 INFO POST http://localhost:9200/_search/scroll [status:200 duration:0.002s]
2026-06-03 21:30:27,455 INFO HTTP Request: POST https://open.bigmodel.cn/api/paas/v4/embeddings "HTTP/1.1 200 OK"
2026-06-03 21:30:27,522 INFO PUT http://localhost:9200/_bulk?refresh=false [status:200 duration:0.024s]
2026-06-03 21:30:27,522 INFO Progress: 1580/51354 (69.7/s) — ETA 714s
2026-06-03 21:30:27,524 INFO POST http://localhost:9200/_search/scroll [status:200 duration:0.002s]
2026-06-03 21:30:27,697 INFO HTTP Request: POST https://open.bigmodel.cn/api/paas/v4/embeddings "HTTP/1.1 200 OK"
2026-06-03 21:30:27,769 INFO PUT http://localhost:9200/_bulk?refresh=false [status:200 duration:0.025s]
2026-06-03 21:30:27,770 INFO Progress: 1600/51354 (69.9/s) — ETA 712s
2026-06-03 21:30:27,772 INFO POST http://localhost:9200/_search/scroll [status:200 duration:0.002s]
2026-06-03 21:30:27,969 INFO HTTP Request: POST https://open.bigmodel.cn/api/paas/v4/embeddings "HTTP/1.1 200 OK"
2026-06-03 21:30:28,025 INFO PUT http://localhost:9200/_bulk?refresh=false [status:200 duration:0.022s]
2026-06-03 21:30:28,026 INFO Progress: 1620/51354 (69.9/s) — ETA 711s
2026-06-03 21:30:28,028 INFO POST http://localhost:9200/_search/scroll [status:200 duration:0.002s]
2026-06-03 21:30:28,253 INFO HTTP Request: POST https://open.bigmodel.cn/api/paas/v4/embeddings "HTTP/1.1 200 OK"
2026-06-03 21:30:28,315 INFO PUT http://localhost:9200/_bulk?refresh=false [status:200 duration:0.026s]
2026-06-03 21:30:28,315 INFO Progress: 1640/51354 (69.9/s) — ETA 711s
2026-06-03 21:30:28,317 INFO POST http://localhost:9200/_search/scroll [status:200 duration:0.002s]
2026-06-03 21:30:28,493 INFO HTTP Request: POST https://open.bigmodel.cn/api/paas/v4/embeddings "HTTP/1.1 200 OK"
2026-06-03 21:30:28,545 INFO PUT http://localhost:9200/_bulk?refresh=false [status:200 duration:0.022s]
2026-06-03 21:30:28,545 INFO Progress: 1660/51354 (70.1/s) — ETA 709s
2026-06-03 21:30:28,547 INFO POST http://localhost:9200/_search/scroll [status:200 duration:0.002s]
2026-06-03 21:30:28,732 INFO HTTP Request: POST https://open.bigmodel.cn/api/paas/v4/embeddings "HTTP/1.1 200 OK"
2026-06-03 21:30:28,807 INFO PUT http://localhost:9200/_bulk?refresh=false [status:200 duration:0.024s]
2026-06-03 21:30:28,808 INFO Progress: 1680/51354 (70.2/s) — ETA 708s
2026-06-03 21:30:28,810 INFO POST http://localhost:9200/_search/scroll [status:200 duration:0.002s]
2026-06-03 21:30:28,992 INFO HTTP Request: POST https://open.bigmodel.cn/api/paas/v4/embeddings "HTTP/1.1 200 OK"
2026-06-03 21:30:29,043 INFO PUT http://localhost:9200/_bulk?refresh=false [status:200 duration:0.022s]
2026-06-03 21:30:29,043 INFO Progress: 1700/51354 (70.3/s) — ETA 706s
2026-06-03 21:30:29,045 INFO POST http://localhost:9200/_search/scroll [status:200 duration:0.002s]
2026-06-03 21:30:29,275 INFO HTTP Request: POST https://open.bigmodel.cn/api/paas/v4/embeddings "HTTP/1.1 200 OK"
2026-06-03 21:30:29,345 INFO PUT http://localhost:9200/_bulk?refresh=false [status:200 duration:0.022s]
2026-06-03 21:30:29,345 INFO Progress: 1720/51354 (70.3/s) — ETA 706s
2026-06-03 21:30:29,347 INFO POST http://localhost:9200/_search/scroll [status:200 duration:0.002s]
2026-06-03 21:30:29,558 INFO HTTP Request: POST https://open.bigmodel.cn/api/paas/v4/embeddings "HTTP/1.1 200 OK"
2026-06-03 21:30:29,639 INFO PUT http://localhost:9200/_bulk?refresh=false [status:200 duration:0.021s]
2026-06-03 21:30:29,639 INFO Progress: 1740/51354 (70.2/s) — ETA 706s
2026-06-03 21:30:29,641 INFO POST http://localhost:9200/_search/scroll [status:200 duration:0.002s]
2026-06-03 21:30:29,845 INFO HTTP Request: POST https://open.bigmodel.cn/api/paas/v4/embeddings "HTTP/1.1 200 OK"
2026-06-03 21:30:29,927 INFO PUT http://localhost:9200/_bulk?refresh=false [status:200 duration:0.029s]
2026-06-03 21:30:29,927 INFO Progress: 1760/51354 (70.2/s) — ETA 706s
2026-06-03 21:30:29,931 INFO POST http://localhost:9200/_search/scroll [status:200 duration:0.004s]
2026-06-03 21:30:30,119 INFO HTTP Request: POST https://open.bigmodel.cn/api/paas/v4/embeddings "HTTP/1.1 200 OK"
2026-06-03 21:30:30,183 INFO PUT http://localhost:9200/_bulk?refresh=false [status:200 duration:0.026s]
2026-06-03 21:30:30,183 INFO Progress: 1780/51354 (70.3/s) — ETA 705s
2026-06-03 21:30:30,187 INFO POST http://localhost:9200/_search/scroll [status:200 duration:0.004s]
2026-06-03 21:30:30,366 INFO HTTP Request: POST https://open.bigmodel.cn/api/paas/v4/embeddings "HTTP/1.1 200 OK"
2026-06-03 21:30:30,418 INFO PUT http://localhost:9200/_bulk?refresh=false [status:200 duration:0.023s]
2026-06-03 21:30:30,418 INFO Progress: 1800/51354 (70.4/s) — ETA 703s
2026-06-03 21:30:30,420 INFO POST http://localhost:9200/_search/scroll [status:200 duration:0.002s]
2026-06-03 21:30:30,611 INFO HTTP Request: POST https://open.bigmodel.cn/api/paas/v4/embeddings "HTTP/1.1 200 OK"
2026-06-03 21:30:30,681 INFO PUT http://localhost:9200/_bulk?refresh=false [status:200 duration:0.023s]
2026-06-03 21:30:30,681 INFO Progress: 1820/51354 (70.5/s) — ETA 703s
2026-06-03 21:30:30,684 INFO POST http://localhost:9200/_search/scroll [status:200 duration:0.002s]
2026-06-03 21:30:30,896 INFO HTTP Request: POST https://open.bigmodel.cn/api/paas/v4/embeddings "HTTP/1.1 200 OK"
2026-06-03 21:30:30,972 INFO PUT http://localhost:9200/_bulk?refresh=false [status:200 duration:0.022s]
2026-06-03 21:30:30,972 INFO Progress: 1840/51354 (70.5/s) — ETA 703s
2026-06-03 21:30:30,974 INFO POST http://localhost:9200/_search/scroll [status:200 duration:0.002s]
2026-06-03 21:30:31,216 INFO HTTP Request: POST https://open.bigmodel.cn/api/paas/v4/embeddings "HTTP/1.1 200 OK"
2026-06-03 21:30:31,287 INFO PUT http://localhost:9200/_bulk?refresh=false [status:200 duration:0.022s]
2026-06-03 21:30:31,287 INFO Progress: 1860/51354 (70.4/s) — ETA 703s
2026-06-03 21:30:31,289 INFO POST http://localhost:9200/_search/scroll [status:200 duration:0.002s]
2026-06-03 21:30:31,450 INFO HTTP Request: POST https://open.bigmodel.cn/api/paas/v4/embeddings "HTTP/1.1 200 OK"
2026-06-03 21:30:31,526 INFO PUT http://localhost:9200/_bulk?refresh=false [status:200 duration:0.023s]
2026-06-03 21:30:31,526 INFO Progress: 1880/51354 (70.5/s) — ETA 702s
2026-06-03 21:30:31,529 INFO POST http://localhost:9200/_search/scroll [status:200 duration:0.002s]
2026-06-03 21:30:31,693 INFO HTTP Request: POST https://open.bigmodel.cn/api/paas/v4/embeddings "HTTP/1.1 200 OK"
2026-06-03 21:30:31,765 INFO PUT http://localhost:9200/_bulk?refresh=false [status:200 duration:0.023s]
2026-06-03 21:30:31,765 INFO Progress: 1900/51354 (70.6/s) — ETA 700s
2026-06-03 21:30:31,768 INFO POST http://localhost:9200/_search/scroll [status:200 duration:0.002s]
2026-06-03 21:30:31,938 INFO HTTP Request: POST https://open.bigmodel.cn/api/paas/v4/embeddings "HTTP/1.1 200 OK"
2026-06-03 21:30:31,996 INFO PUT http://localhost:9200/_bulk?refresh=false [status:200 duration:0.023s]
2026-06-03 21:30:31,997 INFO Progress: 1920/51354 (70.8/s) — ETA 699s
2026-06-03 21:30:31,999 INFO POST http://localhost:9200/_search/scroll [status:200 duration:0.002s]
2026-06-03 21:30:32,197 INFO HTTP Request: POST https://open.bigmodel.cn/api/paas/v4/embeddings "HTTP/1.1 200 OK"
2026-06-03 21:30:32,278 INFO PUT http://localhost:9200/_bulk?refresh=false [status:200 duration:0.026s]
2026-06-03 21:30:32,278 INFO Progress: 1940/51354 (70.8/s) — ETA 698s
2026-06-03 21:30:32,281 INFO POST http://localhost:9200/_search/scroll [status:200 duration:0.002s]
2026-06-03 21:30:32,467 INFO HTTP Request: POST https://open.bigmodel.cn/api/paas/v4/embeddings "HTTP/1.1 200 OK"
2026-06-03 21:30:32,537 INFO PUT http://localhost:9200/_bulk?refresh=false [status:200 duration:0.022s]
2026-06-03 21:30:32,538 INFO Progress: 1960/51354 (70.8/s) — ETA 697s
2026-06-03 21:30:32,540 INFO POST http://localhost:9200/_search/scroll [status:200 duration:0.002s]
2026-06-03 21:30:32,711 INFO HTTP Request: POST https://open.bigmodel.cn/api/paas/v4/embeddings "HTTP/1.1 200 OK"
2026-06-03 21:30:32,765 INFO PUT http://localhost:9200/_bulk?refresh=false [status:200 duration:0.022s]
2026-06-03 21:30:32,765 INFO Progress: 1980/51354 (71.0/s) — ETA 696s
2026-06-03 21:30:32,767 INFO POST http://localhost:9200/_search/scroll [status:200 duration:0.002s]
2026-06-03 21:30:32,945 INFO HTTP Request: POST https://open.bigmodel.cn/api/paas/v4/embeddings "HTTP/1.1 200 OK"
2026-06-03 21:30:33,025 INFO PUT http://localhost:9200/_bulk?refresh=false [status:200 duration:0.024s]
2026-06-03 21:30:33,025 INFO Progress: 2000/51354 (71.0/s) — ETA 695s
2026-06-03 21:30:33,027 INFO POST http://localhost:9200/_search/scroll [status:200 duration:0.002s]
2026-06-03 21:30:33,196 INFO HTTP Request: POST https://open.bigmodel.cn/api/paas/v4/embeddings "HTTP/1.1 200 OK"
2026-06-03 21:30:33,274 INFO PUT http://localhost:9200/_bulk?refresh=false [status:200 duration:0.023s]
2026-06-03 21:30:33,274 INFO Progress: 2020/51354 (71.1/s) — ETA 694s
2026-06-03 21:30:33,277 INFO POST http://localhost:9200/_search/scroll [status:200 duration:0.002s]
2026-06-03 21:30:33,497 INFO HTTP Request: POST https://open.bigmodel.cn/api/paas/v4/embeddings "HTTP/1.1 200 OK"
2026-06-03 21:30:33,582 INFO PUT http://localhost:9200/_bulk?refresh=false [status:200 duration:0.022s]
2026-06-03 21:30:33,582 INFO Progress: 2040/51354 (71.0/s) — ETA 694s
2026-06-03 21:30:33,584 INFO POST http://localhost:9200/_search/scroll [status:200 duration:0.002s]
2026-06-03 21:30:33,777 INFO HTTP Request: POST https://open.bigmodel.cn/api/paas/v4/embeddings "HTTP/1.1 200 OK"
2026-06-03 21:30:33,862 INFO PUT http://localhost:9200/_bulk?refresh=false [status:200 duration:0.029s]
2026-06-03 21:30:33,862 INFO Progress: 2060/51354 (71.0/s) — ETA 694s
2026-06-03 21:30:33,864 INFO POST http://localhost:9200/_search/scroll [status:200 duration:0.002s]
2026-06-03 21:30:34,066 INFO HTTP Request: POST https://open.bigmodel.cn/api/paas/v4/embeddings "HTTP/1.1 200 OK"
2026-06-03 21:30:34,142 INFO PUT http://localhost:9200/_bulk?refresh=false [status:200 duration:0.024s]
2026-06-03 21:30:34,143 INFO Progress: 2080/51354 (71.0/s) — ETA 694s
2026-06-03 21:30:34,145 INFO POST http://localhost:9200/_search/scroll [status:200 duration:0.002s]
2026-06-03 21:30:34,403 INFO HTTP Request: POST https://open.bigmodel.cn/api/paas/v4/embeddings "HTTP/1.1 200 OK"
2026-06-03 21:30:34,480 INFO PUT http://localhost:9200/_bulk?refresh=false [status:200 duration:0.023s]
2026-06-03 21:30:34,480 INFO Progress: 2100/51354 (70.9/s) — ETA 695s
2026-06-03 21:30:34,482 INFO POST http://localhost:9200/_search/scroll [status:200 duration:0.002s]
2026-06-03 21:30:34,691 INFO HTTP Request: POST https://open.bigmodel.cn/api/paas/v4/embeddings "HTTP/1.1 200 OK"
2026-06-03 21:30:34,750 INFO PUT http://localhost:9200/_bulk?refresh=false [status:200 duration:0.023s]
2026-06-03 21:30:34,750 INFO Progress: 2120/51354 (70.9/s) — ETA 694s
2026-06-03 21:30:34,753 INFO POST http://localhost:9200/_search/scroll [status:200 duration:0.002s]
2026-06-03 21:30:34,970 INFO HTTP Request: POST https://open.bigmodel.cn/api/paas/v4/embeddings "HTTP/1.1 200 OK"
2026-06-03 21:30:35,021 INFO PUT http://localhost:9200/_bulk?refresh=false [status:200 duration:0.023s]
2026-06-03 21:30:35,021 INFO Progress: 2140/51354 (71.0/s) — ETA 694s
2026-06-03 21:30:35,023 INFO POST http://localhost:9200/_search/scroll [status:200 duration:0.002s]
2026-06-03 21:30:35,198 INFO HTTP Request: POST https://open.bigmodel.cn/api/paas/v4/embeddings "HTTP/1.1 200 OK"
2026-06-03 21:30:35,263 INFO PUT http://localhost:9200/_bulk?refresh=false [status:200 duration:0.024s]
2026-06-03 21:30:35,264 INFO Progress: 2160/51354 (71.1/s) — ETA 692s
2026-06-03 21:30:35,266 INFO POST http://localhost:9200/_search/scroll [status:200 duration:0.002s]
2026-06-03 21:30:35,466 INFO HTTP Request: POST https://open.bigmodel.cn/api/paas/v4/embeddings "HTTP/1.1 200 OK"
2026-06-03 21:30:35,524 INFO PUT http://localhost:9200/_bulk?refresh=false [status:200 duration:0.023s]
2026-06-03 21:30:35,525 INFO Progress: 2180/51354 (71.1/s) — ETA 692s
2026-06-03 21:30:35,527 INFO POST http://localhost:9200/_search/scroll [status:200 duration:0.002s]
2026-06-03 21:30:35,800 INFO HTTP Request: POST https://open.bigmodel.cn/api/paas/v4/embeddings "HTTP/1.1 200 OK"
2026-06-03 21:30:35,879 INFO PUT http://localhost:9200/_bulk?refresh=false [status:200 duration:0.022s]
2026-06-03 21:30:35,879 INFO Progress: 2200/51354 (70.9/s) — ETA 693s
2026-06-03 21:30:35,882 INFO POST http://localhost:9200/_search/scroll [status:200 duration:0.002s]
2026-06-03 21:30:36,108 INFO HTTP Request: POST https://open.bigmodel.cn/api/paas/v4/embeddings "HTTP/1.1 200 OK"
2026-06-03 21:30:36,185 INFO PUT http://localhost:9200/_bulk?refresh=false [status:200 duration:0.023s]
2026-06-03 21:30:36,185 INFO Progress: 2220/51354 (70.9/s) — ETA 693s
2026-06-03 21:30:36,187 INFO POST http://localhost:9200/_search/scroll [status:200 duration:0.002s]
2026-06-03 21:30:36,351 INFO HTTP Request: POST https://open.bigmodel.cn/api/paas/v4/embeddings "HTTP/1.1 200 OK"
2026-06-03 21:30:36,432 INFO PUT http://localhost:9200/_bulk?refresh=false [status:200 duration:0.027s]
2026-06-03 21:30:36,432 INFO Progress: 2240/51354 (71.0/s) — ETA 692s
2026-06-03 21:30:36,434 INFO POST http://localhost:9200/_search/scroll [status:200 duration:0.002s]
2026-06-03 21:30:36,611 INFO HTTP Request: POST https://open.bigmodel.cn/api/paas/v4/embeddings "HTTP/1.1 200 OK"
2026-06-03 21:30:36,684 INFO PUT http://localhost:9200/_bulk?refresh=false [status:200 duration:0.024s]
2026-06-03 21:30:36,684 INFO Progress: 2260/51354 (71.0/s) — ETA 691s
2026-06-03 21:30:36,686 INFO POST http://localhost:9200/_search/scroll [status:200 duration:0.002s]
2026-06-03 21:30:36,923 INFO HTTP Request: POST https://open.bigmodel.cn/api/paas/v4/embeddings "HTTP/1.1 200 OK"
2026-06-03 21:30:37,014 INFO PUT http://localhost:9200/_bulk?refresh=false [status:200 duration:0.030s]
2026-06-03 21:30:37,014 INFO Progress: 2280/51354 (70.9/s) — ETA 692s
2026-06-03 21:30:37,016 INFO POST http://localhost:9200/_search/scroll [status:200 duration:0.002s]
2026-06-03 21:30:37,201 INFO HTTP Request: POST https://open.bigmodel.cn/api/paas/v4/embeddings "HTTP/1.1 200 OK"
2026-06-03 21:30:37,277 INFO PUT http://localhost:9200/_bulk?refresh=false [status:200 duration:0.025s]
2026-06-03 21:30:37,277 INFO Progress: 2300/51354 (71.0/s) — ETA 691s
2026-06-03 21:30:37,279 INFO POST http://localhost:9200/_search/scroll [status:200 duration:0.002s]
2026-06-03 21:30:37,445 INFO HTTP Request: POST https://open.bigmodel.cn/api/paas/v4/embeddings "HTTP/1.1 200 OK"
2026-06-03 21:30:37,497 INFO PUT http://localhost:9200/_bulk?refresh=false [status:200 duration:0.024s]
2026-06-03 21:30:37,497 INFO Progress: 2320/51354 (71.1/s) — ETA 690s
2026-06-03 21:30:37,499 INFO POST http://localhost:9200/_search/scroll [status:200 duration:0.002s]
2026-06-03 21:30:37,731 INFO HTTP Request: POST https://open.bigmodel.cn/api/paas/v4/embeddings "HTTP/1.1 200 OK"
2026-06-03 21:30:37,787 INFO PUT http://localhost:9200/_bulk?refresh=false [status:200 duration:0.026s]
2026-06-03 21:30:37,787 INFO Progress: 2340/51354 (71.1/s) — ETA 690s
2026-06-03 21:30:37,789 INFO POST http://localhost:9200/_search/scroll [status:200 duration:0.002s]
2026-06-03 21:30:37,987 INFO HTTP Request: POST https://open.bigmodel.cn/api/paas/v4/embeddings "HTTP/1.1 200 OK"
2026-06-03 21:30:38,059 INFO PUT http://localhost:9200/_bulk?refresh=false [status:200 duration:0.026s]
2026-06-03 21:30:38,059 INFO Progress: 2360/51354 (71.1/s) — ETA 689s
2026-06-03 21:30:38,061 INFO POST http://localhost:9200/_search/scroll [status:200 duration:0.002s]
2026-06-03 21:30:38,257 INFO HTTP Request: POST https://open.bigmodel.cn/api/paas/v4/embeddings "HTTP/1.1 200 OK"
2026-06-03 21:30:38,332 INFO PUT http://localhost:9200/_bulk?refresh=false [status:200 duration:0.026s]
2026-06-03 21:30:38,333 INFO Progress: 2380/51354 (71.1/s) — ETA 689s
2026-06-03 21:30:38,335 INFO POST http://localhost:9200/_search/scroll [status:200 duration:0.002s]
2026-06-03 21:30:38,495 INFO HTTP Request: POST https://open.bigmodel.cn/api/paas/v4/embeddings "HTTP/1.1 200 OK"
2026-06-03 21:30:38,559 INFO PUT http://localhost:9200/_bulk?refresh=false [status:200 duration:0.026s]
2026-06-03 21:30:38,560 INFO Progress: 2400/51354 (71.2/s) — ETA 687s
2026-06-03 21:30:38,562 INFO POST http://localhost:9200/_search/scroll [status:200 duration:0.002s]
2026-06-03 21:30:38,838 INFO HTTP Request: POST https://open.bigmodel.cn/api/paas/v4/embeddings "HTTP/1.1 200 OK"
2026-06-03 21:30:38,909 INFO PUT http://localhost:9200/_bulk?refresh=false [status:200 duration:0.033s]
2026-06-03 21:30:38,909 INFO Progress: 2420/51354 (71.1/s) — ETA 688s
2026-06-03 21:30:38,913 INFO POST http://localhost:9200/_search/scroll [status:200 duration:0.004s]
2026-06-03 21:30:39,105 INFO HTTP Request: POST https://open.bigmodel.cn/api/paas/v4/embeddings "HTTP/1.1 200 OK"
2026-06-03 21:30:39,189 INFO PUT http://localhost:9200/_bulk?refresh=false [status:200 duration:0.028s]
2026-06-03 21:30:39,189 INFO Progress: 2440/51354 (71.1/s) — ETA 688s
2026-06-03 21:30:39,193 INFO POST http://localhost:9200/_search/scroll [status:200 duration:0.004s]
2026-06-03 21:30:39,442 INFO HTTP Request: POST https://open.bigmodel.cn/api/paas/v4/embeddings "HTTP/1.1 200 OK"
2026-06-03 21:30:39,505 INFO PUT http://localhost:9200/_bulk?refresh=false [status:200 duration:0.025s]
2026-06-03 21:30:39,505 INFO Progress: 2460/51354 (71.0/s) — ETA 689s
2026-06-03 21:30:39,507 INFO POST http://localhost:9200/_search/scroll [status:200 duration:0.002s]
2026-06-03 21:30:39,692 INFO HTTP Request: POST https://open.bigmodel.cn/api/paas/v4/embeddings "HTTP/1.1 200 OK"
2026-06-03 21:30:39,775 INFO PUT http://localhost:9200/_bulk?refresh=false [status:200 duration:0.026s]
2026-06-03 21:30:39,775 INFO Progress: 2480/51354 (71.0/s) — ETA 688s
2026-06-03 21:30:39,777 INFO POST http://localhost:9200/_search/scroll [status:200 duration:0.002s]
2026-06-03 21:30:39,971 INFO HTTP Request: POST https://open.bigmodel.cn/api/paas/v4/embeddings "HTTP/1.1 200 OK"
2026-06-03 21:30:40,054 INFO PUT http://localhost:9200/_bulk?refresh=false [status:200 duration:0.023s]
2026-06-03 21:30:40,054 INFO Progress: 2500/51354 (71.0/s) — ETA 688s
2026-06-03 21:30:40,056 INFO POST http://localhost:9200/_search/scroll [status:200 duration:0.002s]
2026-06-03 21:30:40,247 INFO HTTP Request: POST https://open.bigmodel.cn/api/paas/v4/embeddings "HTTP/1.1 200 OK"
2026-06-03 21:30:40,303 INFO PUT http://localhost:9200/_bulk?refresh=false [status:200 duration:0.023s]
2026-06-03 21:30:40,303 INFO Progress: 2520/51354 (71.1/s) — ETA 687s
2026-06-03 21:30:40,305 INFO POST http://localhost:9200/_search/scroll [status:200 duration:0.002s]
2026-06-03 21:30:40,501 INFO HTTP Request: POST https://open.bigmodel.cn/api/paas/v4/embeddings "HTTP/1.1 200 OK"
2026-06-03 21:30:40,587 INFO PUT http://localhost:9200/_bulk?refresh=false [status:200 duration:0.028s]
2026-06-03 21:30:40,588 INFO Progress: 2540/51354 (71.1/s) — ETA 687s
2026-06-03 21:30:40,590 INFO POST http://localhost:9200/_search/scroll [status:200 duration:0.002s]
2026-06-03 21:30:40,768 INFO HTTP Request: POST https://open.bigmodel.cn/api/paas/v4/embeddings "HTTP/1.1 200 OK"
2026-06-03 21:30:40,846 INFO PUT http://localhost:9200/_bulk?refresh=false [status:200 duration:0.026s]
2026-06-03 21:30:40,846 INFO Progress: 2560/51354 (71.1/s) — ETA 686s
2026-06-03 21:30:40,848 INFO POST http://localhost:9200/_search/scroll [status:200 duration:0.002s]
2026-06-03 21:30:41,038 INFO HTTP Request: POST https://open.bigmodel.cn/api/paas/v4/embeddings "HTTP/1.1 200 OK"
2026-06-03 21:30:41,113 INFO PUT http://localhost:9200/_bulk?refresh=false [status:200 duration:0.024s]
2026-06-03 21:30:41,114 INFO Progress: 2580/51354 (71.2/s) — ETA 685s
2026-06-03 21:30:41,116 INFO POST http://localhost:9200/_search/scroll [status:200 duration:0.002s]
2026-06-03 21:30:41,308 INFO HTTP Request: POST https://open.bigmodel.cn/api/paas/v4/embeddings "HTTP/1.1 200 OK"
2026-06-03 21:30:41,391 INFO PUT http://localhost:9200/_bulk?refresh=false [status:200 duration:0.024s]
2026-06-03 21:30:41,391 INFO Progress: 2600/51354 (71.2/s) — ETA 685s
2026-06-03 21:30:41,393 INFO POST http://localhost:9200/_search/scroll [status:200 duration:0.002s]
2026-06-03 21:30:41,566 INFO HTTP Request: POST https://open.bigmodel.cn/api/paas/v4/embeddings "HTTP/1.1 200 OK"
2026-06-03 21:30:41,650 INFO PUT http://localhost:9200/_bulk?refresh=false [status:200 duration:0.027s]
2026-06-03 21:30:41,650 INFO Progress: 2620/51354 (71.2/s) — ETA 684s
2026-06-03 21:30:41,653 INFO POST http://localhost:9200/_search/scroll [status:200 duration:0.002s]
2026-06-03 21:30:41,838 INFO HTTP Request: POST https://open.bigmodel.cn/api/paas/v4/embeddings "HTTP/1.1 200 OK"
2026-06-03 21:30:41,911 INFO PUT http://localhost:9200/_bulk?refresh=false [status:200 duration:0.025s]
2026-06-03 21:30:41,911 INFO Progress: 2640/51354 (71.3/s) — ETA 684s
2026-06-03 21:30:41,913 INFO POST http://localhost:9200/_search/scroll [status:200 duration:0.002s]
2026-06-03 21:30:42,101 INFO HTTP Request: POST https://open.bigmodel.cn/api/paas/v4/embeddings "HTTP/1.1 200 OK"
2026-06-03 21:30:42,178 INFO PUT http://localhost:9200/_bulk?refresh=false [status:200 duration:0.025s]
2026-06-03 21:30:42,178 INFO Progress: 2660/51354 (71.3/s) — ETA 683s
2026-06-03 21:30:42,181 INFO POST http://localhost:9200/_search/scroll [status:200 duration:0.002s]
2026-06-03 21:30:42,421 INFO HTTP Request: POST https://open.bigmodel.cn/api/paas/v4/embeddings "HTTP/1.1 200 OK"
2026-06-03 21:30:42,497 INFO PUT http://localhost:9200/_bulk?refresh=false [status:200 duration:0.025s]
2026-06-03 21:30:42,497 INFO Progress: 2680/51354 (71.2/s) — ETA 683s
2026-06-03 21:30:42,499 INFO POST http://localhost:9200/_search/scroll [status:200 duration:0.002s]
2026-06-03 21:30:42,709 INFO HTTP Request: POST https://open.bigmodel.cn/api/paas/v4/embeddings "HTTP/1.1 200 OK"
2026-06-03 21:30:42,783 INFO PUT http://localhost:9200/_bulk?refresh=false [status:200 duration:0.025s]
2026-06-03 21:30:42,784 INFO Progress: 2700/51354 (71.2/s) — ETA 683s
2026-06-03 21:30:42,786 INFO POST http://localhost:9200/_search/scroll [status:200 duration:0.002s]
2026-06-03 21:30:42,964 INFO HTTP Request: POST https://open.bigmodel.cn/api/paas/v4/embeddings "HTTP/1.1 200 OK"
2026-06-03 21:30:43,036 INFO PUT http://localhost:9200/_bulk?refresh=false [status:200 duration:0.028s]
2026-06-03 21:30:43,036 INFO Progress: 2720/51354 (71.3/s) — ETA 683s
2026-06-03 21:30:43,038 INFO POST http://localhost:9200/_search/scroll [status:200 duration:0.002s]
2026-06-03 21:30:43,207 INFO HTTP Request: POST https://open.bigmodel.cn/api/paas/v4/embeddings "HTTP/1.1 200 OK"
2026-06-03 21:30:43,291 INFO PUT http://localhost:9200/_bulk?refresh=false [status:200 duration:0.027s]
2026-06-03 21:30:43,291 INFO Progress: 2740/51354 (71.3/s) — ETA 682s
2026-06-03 21:30:43,294 INFO POST http://localhost:9200/_search/scroll [status:200 duration:0.002s]
2026-06-03 21:30:43,515 INFO HTTP Request: POST https://open.bigmodel.cn/api/paas/v4/embeddings "HTTP/1.1 200 OK"
2026-06-03 21:30:43,578 INFO PUT http://localhost:9200/_bulk?refresh=false [status:200 duration:0.025s]
2026-06-03 21:30:43,578 INFO Progress: 2760/51354 (71.3/s) — ETA 682s
2026-06-03 21:30:43,581 INFO POST http://localhost:9200/_search/scroll [status:200 duration:0.002s]
2026-06-03 21:30:43,784 INFO HTTP Request: POST https://open.bigmodel.cn/api/paas/v4/embeddings "HTTP/1.1 200 OK"
2026-06-03 21:30:43,867 INFO PUT http://localhost:9200/_bulk?refresh=false [status:200 duration:0.028s]
2026-06-03 21:30:43,868 INFO Progress: 2780/51354 (71.3/s) — ETA 681s
2026-06-03 21:30:43,870 INFO POST http://localhost:9200/_search/scroll [status:200 duration:0.002s]
2026-06-03 21:30:44,048 INFO HTTP Request: POST https://open.bigmodel.cn/api/paas/v4/embeddings "HTTP/1.1 200 OK"
2026-06-03 21:30:44,120 INFO PUT http://localhost:9200/_bulk?refresh=false [status:200 duration:0.025s]
2026-06-03 21:30:44,121 INFO Progress: 2800/51354 (71.3/s) — ETA 681s
2026-06-03 21:30:44,123 INFO POST http://localhost:9200/_search/scroll [status:200 duration:0.002s]
2026-06-03 21:30:44,329 INFO HTTP Request: POST https://open.bigmodel.cn/api/paas/v4/embeddings "HTTP/1.1 200 OK"
2026-06-03 21:30:44,404 INFO PUT http://localhost:9200/_bulk?refresh=false [status:200 duration:0.024s]
2026-06-03 21:30:44,404 INFO Progress: 2820/51354 (71.3/s) — ETA 681s
2026-06-03 21:30:44,406 INFO POST http://localhost:9200/_search/scroll [status:200 duration:0.002s]
2026-06-03 21:30:44,603 INFO HTTP Request: POST https://open.bigmodel.cn/api/paas/v4/embeddings "HTTP/1.1 200 OK"
2026-06-03 21:30:44,680 INFO PUT http://localhost:9200/_bulk?refresh=false [status:200 duration:0.024s]
2026-06-03 21:30:44,681 INFO Progress: 2840/51354 (71.3/s) — ETA 680s
2026-06-03 21:30:44,683 INFO POST http://localhost:9200/_search/scroll [status:200 duration:0.002s]
2026-06-03 21:30:44,888 INFO HTTP Request: POST https://open.bigmodel.cn/api/paas/v4/embeddings "HTTP/1.1 200 OK"
2026-06-03 21:30:44,971 INFO PUT http://localhost:9200/_bulk?refresh=false [status:200 duration:0.026s]
2026-06-03 21:30:44,972 INFO Progress: 2860/51354 (71.3/s) — ETA 680s
2026-06-03 21:30:44,974 INFO POST http://localhost:9200/_search/scroll [status:200 duration:0.002s]
2026-06-03 21:30:45,187 INFO HTTP Request: POST https://open.bigmodel.cn/api/paas/v4/embeddings "HTTP/1.1 200 OK"
2026-06-03 21:30:45,258 INFO PUT http://localhost:9200/_bulk?refresh=false [status:200 duration:0.024s]
2026-06-03 21:30:45,259 INFO Progress: 2880/51354 (71.3/s) — ETA 680s
2026-06-03 21:30:45,261 INFO POST http://localhost:9200/_search/scroll [status:200 duration:0.002s]
2026-06-03 21:30:45,452 INFO HTTP Request: POST https://open.bigmodel.cn/api/paas/v4/embeddings "HTTP/1.1 200 OK"
2026-06-03 21:30:45,535 INFO PUT http://localhost:9200/_bulk?refresh=false [status:200 duration:0.026s]
2026-06-03 21:30:45,535 INFO Progress: 2900/51354 (71.3/s) — ETA 680s
2026-06-03 21:30:45,537 INFO POST http://localhost:9200/_search/scroll [status:200 duration:0.002s]
2026-06-03 21:30:45,915 INFO HTTP Request: POST https://open.bigmodel.cn/api/paas/v4/embeddings "HTTP/1.1 200 OK"
2026-06-03 21:30:45,998 INFO PUT http://localhost:9200/_bulk?refresh=false [status:200 duration:0.025s]
2026-06-03 21:30:45,999 INFO Progress: 2920/51354 (71.0/s) — ETA 682s
2026-06-03 21:30:46,001 INFO POST http://localhost:9200/_search/scroll [status:200 duration:0.002s]
2026-06-03 21:30:46,191 INFO HTTP Request: POST https://open.bigmodel.cn/api/paas/v4/embeddings "HTTP/1.1 200 OK"
2026-06-03 21:30:46,269 INFO PUT http://localhost:9200/_bulk?refresh=false [status:200 duration:0.029s]
2026-06-03 21:30:46,269 INFO Progress: 2940/51354 (71.0/s) — ETA 682s
2026-06-03 21:30:46,271 INFO POST http://localhost:9200/_search/scroll [status:200 duration:0.002s]
2026-06-03 21:30:46,439 INFO HTTP Request: POST https://open.bigmodel.cn/api/paas/v4/embeddings "HTTP/1.1 200 OK"
2026-06-03 21:30:46,516 INFO PUT http://localhost:9200/_bulk?refresh=false [status:200 duration:0.026s]
2026-06-03 21:30:46,516 INFO Progress: 2960/51354 (71.1/s) — ETA 681s
2026-06-03 21:30:46,518 INFO POST http://localhost:9200/_search/scroll [status:200 duration:0.002s]
2026-06-03 21:30:46,722 INFO HTTP Request: POST https://open.bigmodel.cn/api/paas/v4/embeddings "HTTP/1.1 200 OK"
2026-06-03 21:30:46,784 INFO PUT http://localhost:9200/_bulk?refresh=false [status:200 duration:0.027s]
2026-06-03 21:30:46,784 INFO Progress: 2980/51354 (71.1/s) — ETA 680s
2026-06-03 21:30:46,786 INFO POST http://localhost:9200/_search/scroll [status:200 duration:0.002s]
2026-06-03 21:30:46,995 INFO HTTP Request: POST https://open.bigmodel.cn/api/paas/v4/embeddings "HTTP/1.1 200 OK"
2026-06-03 21:30:47,075 INFO PUT http://localhost:9200/_bulk?refresh=false [status:200 duration:0.026s]
2026-06-03 21:30:47,076 INFO Progress: 3000/51354 (71.1/s) — ETA 680s
2026-06-03 21:30:47,078 INFO POST http://localhost:9200/_search/scroll [status:200 duration:0.002s]
2026-06-03 21:30:47,297 INFO HTTP Request: POST https://open.bigmodel.cn/api/paas/v4/embeddings "HTTP/1.1 200 OK"
2026-06-03 21:30:47,382 INFO PUT http://localhost:9200/_bulk?refresh=false [status:200 duration:0.025s]
2026-06-03 21:30:47,382 INFO Progress: 3020/51354 (71.0/s) — ETA 680s
2026-06-03 21:30:47,385 INFO POST http://localhost:9200/_search/scroll [status:200 duration:0.002s]
2026-06-03 21:30:47,584 INFO HTTP Request: POST https://open.bigmodel.cn/api/paas/v4/embeddings "HTTP/1.1 200 OK"
2026-06-03 21:30:47,666 INFO PUT http://localhost:9200/_bulk?refresh=false [status:200 duration:0.025s]
2026-06-03 21:30:47,666 INFO Progress: 3040/51354 (71.0/s) — ETA 680s
2026-06-03 21:30:47,668 INFO POST http://localhost:9200/_search/scroll [status:200 duration:0.002s]
2026-06-03 21:30:47,842 INFO HTTP Request: POST https://open.bigmodel.cn/api/paas/v4/embeddings "HTTP/1.1 200 OK"
2026-06-03 21:30:47,907 INFO PUT http://localhost:9200/_bulk?refresh=false [status:200 duration:0.025s]
2026-06-03 21:30:47,908 INFO Progress: 3060/51354 (71.1/s) — ETA 679s
2026-06-03 21:30:47,910 INFO POST http://localhost:9200/_search/scroll [status:200 duration:0.002s]
2026-06-03 21:30:48,106 INFO HTTP Request: POST https://open.bigmodel.cn/api/paas/v4/embeddings "HTTP/1.1 200 OK"
2026-06-03 21:30:48,170 INFO PUT http://localhost:9200/_bulk?refresh=false [status:200 duration:0.029s]
2026-06-03 21:30:48,171 INFO Progress: 3080/51354 (71.1/s) — ETA 679s
2026-06-03 21:30:48,173 INFO POST http://localhost:9200/_search/scroll [status:200 duration:0.002s]
2026-06-03 21:30:48,355 INFO HTTP Request: POST https://open.bigmodel.cn/api/paas/v4/embeddings "HTTP/1.1 200 OK"
2026-06-03 21:30:48,418 INFO PUT http://localhost:9200/_bulk?refresh=false [status:200 duration:0.029s]
2026-06-03 21:30:48,418 INFO Progress: 3100/51354 (71.2/s) — ETA 678s
2026-06-03 21:30:48,420 INFO POST http://localhost:9200/_search/scroll [status:200 duration:0.002s]
2026-06-03 21:30:48,601 INFO HTTP Request: POST https://open.bigmodel.cn/api/paas/v4/embeddings "HTTP/1.1 200 OK"
2026-06-03 21:30:48,673 INFO PUT http://localhost:9200/_bulk?refresh=false [status:200 duration:0.027s]
2026-06-03 21:30:48,673 INFO Progress: 3120/51354 (71.2/s) — ETA 677s
2026-06-03 21:30:48,675 INFO POST http://localhost:9200/_search/scroll [status:200 duration:0.002s]
2026-06-03 21:30:48,839 INFO HTTP Request: POST https://open.bigmodel.cn/api/paas/v4/embeddings "HTTP/1.1 200 OK"
2026-06-03 21:30:48,918 INFO PUT http://localhost:9200/_bulk?refresh=false [status:200 duration:0.033s]
2026-06-03 21:30:48,918 INFO Progress: 3140/51354 (71.3/s) — ETA 676s
2026-06-03 21:30:48,922 INFO POST http://localhost:9200/_search/scroll [status:200 duration:0.004s]
2026-06-03 21:30:49,101 INFO HTTP Request: POST https://open.bigmodel.cn/api/paas/v4/embeddings "HTTP/1.1 200 OK"
2026-06-03 21:30:49,183 INFO PUT http://localhost:9200/_bulk?refresh=false [status:200 duration:0.029s]
2026-06-03 21:30:49,183 INFO Progress: 3160/51354 (71.3/s) — ETA 676s
2026-06-03 21:30:49,187 INFO POST http://localhost:9200/_search/scroll [status:200 duration:0.004s]
2026-06-03 21:30:49,620 INFO HTTP Request: POST https://open.bigmodel.cn/api/paas/v4/embeddings "HTTP/1.1 200 OK"
2026-06-03 21:30:49,683 INFO PUT http://localhost:9200/_bulk?refresh=false [status:200 duration:0.028s]
2026-06-03 21:30:49,684 INFO Progress: 3180/51354 (71.0/s) — ETA 679s
2026-06-03 21:30:49,686 INFO POST http://localhost:9200/_search/scroll [status:200 duration:0.002s]
2026-06-03 21:30:49,869 INFO HTTP Request: POST https://open.bigmodel.cn/api/paas/v4/embeddings "HTTP/1.1 200 OK"
2026-06-03 21:30:49,952 INFO PUT http://localhost:9200/_bulk?refresh=false [status:200 duration:0.025s]
2026-06-03 21:30:49,952 INFO Progress: 3200/51354 (71.0/s) — ETA 678s
2026-06-03 21:30:49,954 INFO POST http://localhost:9200/_search/scroll [status:200 duration:0.002s]
2026-06-03 21:30:50,146 INFO HTTP Request: POST https://open.bigmodel.cn/api/paas/v4/embeddings "HTTP/1.1 200 OK"
2026-06-03 21:30:50,223 INFO PUT http://localhost:9200/_bulk?refresh=false [status:200 duration:0.025s]
2026-06-03 21:30:50,223 INFO Progress: 3220/51354 (71.0/s) — ETA 678s
2026-06-03 21:30:50,225 INFO POST http://localhost:9200/_search/scroll [status:200 duration:0.002s]
2026-06-03 21:30:50,462 INFO HTTP Request: POST https://open.bigmodel.cn/api/paas/v4/embeddings "HTTP/1.1 200 OK"
2026-06-03 21:30:50,538 INFO PUT http://localhost:9200/_bulk?refresh=false [status:200 duration:0.025s]
2026-06-03 21:30:50,539 INFO Progress: 3240/51354 (70.9/s) — ETA 678s
2026-06-03 21:30:50,541 INFO POST http://localhost:9200/_search/scroll [status:200 duration:0.002s]
2026-06-03 21:30:50,739 INFO HTTP Request: POST https://open.bigmodel.cn/api/paas/v4/embeddings "HTTP/1.1 200 OK"
2026-06-03 21:30:50,826 INFO PUT http://localhost:9200/_bulk?refresh=false [status:200 duration:0.028s]
2026-06-03 21:30:50,827 INFO Progress: 3260/51354 (70.9/s) — ETA 678s
2026-06-03 21:30:50,829 INFO POST http://localhost:9200/_search/scroll [status:200 duration:0.002s]
2026-06-03 21:30:51,042 INFO HTTP Request: POST https://open.bigmodel.cn/api/paas/v4/embeddings "HTTP/1.1 200 OK"
2026-06-03 21:30:51,123 INFO PUT http://localhost:9200/_bulk?refresh=false [status:200 duration:0.026s]
2026-06-03 21:30:51,123 INFO Progress: 3280/51354 (70.9/s) — ETA 678s
2026-06-03 21:30:51,125 INFO POST http://localhost:9200/_search/scroll [status:200 duration:0.002s]
2026-06-03 21:30:51,336 INFO HTTP Request: POST https://open.bigmodel.cn/api/paas/v4/embeddings "HTTP/1.1 200 OK"
2026-06-03 21:30:51,417 INFO PUT http://localhost:9200/_bulk?refresh=false [status:200 duration:0.025s]
2026-06-03 21:30:51,417 INFO Progress: 3300/51354 (70.9/s) — ETA 678s
2026-06-03 21:30:51,419 INFO POST http://localhost:9200/_search/scroll [status:200 duration:0.002s]
2026-06-03 21:30:51,606 INFO HTTP Request: POST https://open.bigmodel.cn/api/paas/v4/embeddings "HTTP/1.1 200 OK"
2026-06-03 21:30:51,695 INFO PUT http://localhost:9200/_bulk?refresh=false [status:200 duration:0.030s]
2026-06-03 21:30:51,696 INFO Progress: 3320/51354 (70.9/s) — ETA 678s
2026-06-03 21:30:51,698 INFO POST http://localhost:9200/_search/scroll [status:200 duration:0.002s]
2026-06-03 21:30:51,933 INFO HTTP Request: POST https://open.bigmodel.cn/api/paas/v4/embeddings "HTTP/1.1 200 OK"
2026-06-03 21:30:52,001 INFO PUT http://localhost:9200/_bulk?refresh=false [status:200 duration:0.027s]
2026-06-03 21:30:52,001 INFO Progress: 3340/51354 (70.9/s) — ETA 678s
2026-06-03 21:30:52,003 INFO POST http://localhost:9200/_search/scroll [status:200 duration:0.002s]
2026-06-03 21:30:52,198 INFO HTTP Request: POST https://open.bigmodel.cn/api/paas/v4/embeddings "HTTP/1.1 200 OK"
2026-06-03 21:30:52,279 INFO PUT http://localhost:9200/_bulk?refresh=false [status:200 duration:0.027s]
2026-06-03 21:30:52,279 INFO Progress: 3360/51354 (70.9/s) — ETA 677s
2026-06-03 21:30:52,282 INFO POST http://localhost:9200/_search/scroll [status:200 duration:0.002s]
2026-06-03 21:30:52,442 INFO HTTP Request: POST https://open.bigmodel.cn/api/paas/v4/embeddings "HTTP/1.1 200 OK"
2026-06-03 21:30:52,523 INFO PUT http://localhost:9200/_bulk?refresh=false [status:200 duration:0.025s]
2026-06-03 21:30:52,523 INFO Progress: 3380/51354 (70.9/s) — ETA 676s
2026-06-03 21:30:52,525 INFO POST http://localhost:9200/_search/scroll [status:200 duration:0.002s]
2026-06-03 21:30:52,735 INFO HTTP Request: POST https://open.bigmodel.cn/api/paas/v4/embeddings "HTTP/1.1 200 OK"
2026-06-03 21:30:52,816 INFO PUT http://localhost:9200/_bulk?refresh=false [status:200 duration:0.028s]
2026-06-03 21:30:52,817 INFO Progress: 3400/51354 (70.9/s) — ETA 676s
2026-06-03 21:30:52,819 INFO POST http://localhost:9200/_search/scroll [status:200 duration:0.002s]
2026-06-03 21:30:53,047 INFO HTTP Request: POST https://open.bigmodel.cn/api/paas/v4/embeddings "HTTP/1.1 200 OK"
2026-06-03 21:30:53,107 INFO PUT http://localhost:9200/_bulk?refresh=false [status:200 duration:0.025s]
2026-06-03 21:30:53,107 INFO Progress: 3420/51354 (70.9/s) — ETA 676s
2026-06-03 21:30:53,109 INFO POST http://localhost:9200/_search/scroll [status:200 duration:0.002s]
2026-06-03 21:30:53,296 INFO HTTP Request: POST https://open.bigmodel.cn/api/paas/v4/embeddings "HTTP/1.1 200 OK"
2026-06-03 21:30:53,385 INFO PUT http://localhost:9200/_bulk?refresh=false [status:200 duration:0.026s]
2026-06-03 21:30:53,385 INFO Progress: 3440/51354 (70.9/s) — ETA 676s
2026-06-03 21:30:53,387 INFO POST http://localhost:9200/_search/scroll [status:200 duration:0.002s]
2026-06-03 21:30:53,563 INFO HTTP Request: POST https://open.bigmodel.cn/api/paas/v4/embeddings "HTTP/1.1 200 OK"
2026-06-03 21:30:53,640 INFO PUT http://localhost:9200/_bulk?refresh=false [status:200 duration:0.025s]
2026-06-03 21:30:53,640 INFO Progress: 3460/51354 (70.9/s) — ETA 675s
2026-06-03 21:30:53,642 INFO POST http://localhost:9200/_search/scroll [status:200 duration:0.002s]
2026-06-03 21:30:53,854 INFO HTTP Request: POST https://open.bigmodel.cn/api/paas/v4/embeddings "HTTP/1.1 200 OK"
2026-06-03 21:30:53,940 INFO PUT http://localhost:9200/_bulk?refresh=false [status:200 duration:0.025s]
2026-06-03 21:30:53,940 INFO Progress: 3480/51354 (70.9/s) — ETA 675s
2026-06-03 21:30:53,942 INFO POST http://localhost:9200/_search/scroll [status:200 duration:0.002s]
2026-06-03 21:30:54,127 INFO HTTP Request: POST https://open.bigmodel.cn/api/paas/v4/embeddings "HTTP/1.1 200 OK"
2026-06-03 21:30:54,204 INFO PUT http://localhost:9200/_bulk?refresh=false [status:200 duration:0.028s]
2026-06-03 21:30:54,204 INFO Progress: 3500/51354 (70.9/s) — ETA 675s
2026-06-03 21:30:54,206 INFO POST http://localhost:9200/_search/scroll [status:200 duration:0.002s]
2026-06-03 21:30:54,391 INFO HTTP Request: POST https://open.bigmodel.cn/api/paas/v4/embeddings "HTTP/1.1 200 OK"
2026-06-03 21:30:54,466 INFO PUT http://localhost:9200/_bulk?refresh=false [status:200 duration:0.026s]
2026-06-03 21:30:54,466 INFO Progress: 3520/51354 (71.0/s) — ETA 674s
2026-06-03 21:30:54,468 INFO POST http://localhost:9200/_search/scroll [status:200 duration:0.002s]
2026-06-03 21:30:54,657 INFO HTTP Request: POST https://open.bigmodel.cn/api/paas/v4/embeddings "HTTP/1.1 200 OK"
2026-06-03 21:30:54,742 INFO PUT http://localhost:9200/_bulk?refresh=false [status:200 duration:0.027s]
2026-06-03 21:30:54,743 INFO Progress: 3540/51354 (71.0/s) — ETA 674s
2026-06-03 21:30:54,745 INFO POST http://localhost:9200/_search/scroll [status:200 duration:0.002s]
2026-06-03 21:30:54,927 INFO HTTP Request: POST https://open.bigmodel.cn/api/paas/v4/embeddings "HTTP/1.1 200 OK"
2026-06-03 21:30:55,013 INFO PUT http://localhost:9200/_bulk?refresh=false [status:200 duration:0.027s]
2026-06-03 21:30:55,013 INFO Progress: 3560/51354 (71.0/s) — ETA 673s
2026-06-03 21:30:55,015 INFO POST http://localhost:9200/_search/scroll [status:200 duration:0.002s]
2026-06-03 21:30:55,209 INFO HTTP Request: POST https://open.bigmodel.cn/api/paas/v4/embeddings "HTTP/1.1 200 OK"
2026-06-03 21:30:55,294 INFO PUT http://localhost:9200/_bulk?refresh=false [status:200 duration:0.024s]
2026-06-03 21:30:55,295 INFO Progress: 3580/51354 (71.0/s) — ETA 673s
2026-06-03 21:30:55,297 INFO POST http://localhost:9200/_search/scroll [status:200 duration:0.002s]
2026-06-03 21:30:55,468 INFO HTTP Request: POST https://open.bigmodel.cn/api/paas/v4/embeddings "HTTP/1.1 200 OK"
2026-06-03 21:30:55,552 INFO PUT http://localhost:9200/_bulk?refresh=false [status:200 duration:0.025s]
2026-06-03 21:30:55,552 INFO Progress: 3600/51354 (71.0/s) — ETA 672s
2026-06-03 21:30:55,554 INFO POST http://localhost:9200/_search/scroll [status:200 duration:0.002s]
2026-06-03 21:30:55,763 INFO HTTP Request: POST https://open.bigmodel.cn/api/paas/v4/embeddings "HTTP/1.1 200 OK"
2026-06-03 21:30:55,851 INFO PUT http://localhost:9200/_bulk?refresh=false [status:200 duration:0.026s]
2026-06-03 21:30:55,851 INFO Progress: 3620/51354 (71.0/s) — ETA 672s
2026-06-03 21:30:55,853 INFO POST http://localhost:9200/_search/scroll [status:200 duration:0.002s]
2026-06-03 21:30:56,051 INFO HTTP Request: POST https://open.bigmodel.cn/api/paas/v4/embeddings "HTTP/1.1 200 OK"
2026-06-03 21:30:56,135 INFO PUT http://localhost:9200/_bulk?refresh=false [status:200 duration:0.027s]
2026-06-03 21:30:56,136 INFO Progress: 3640/51354 (71.0/s) — ETA 672s
2026-06-03 21:30:56,138 INFO POST http://localhost:9200/_search/scroll [status:200 duration:0.002s]
2026-06-03 21:30:56,350 INFO HTTP Request: POST https://open.bigmodel.cn/api/paas/v4/embeddings "HTTP/1.1 200 OK"
2026-06-03 21:30:56,432 INFO PUT http://localhost:9200/_bulk?refresh=false [status:200 duration:0.027s]
2026-06-03 21:30:56,433 INFO Progress: 3660/51354 (71.0/s) — ETA 672s
2026-06-03 21:30:56,435 INFO POST http://localhost:9200/_search/scroll [status:200 duration:0.002s]
2026-06-03 21:30:56,642 INFO HTTP Request: POST https://open.bigmodel.cn/api/paas/v4/embeddings "HTTP/1.1 200 OK"
2026-06-03 21:30:56,721 INFO PUT http://localhost:9200/_bulk?refresh=false [status:200 duration:0.026s]
2026-06-03 21:30:56,721 INFO Progress: 3680/51354 (71.0/s) — ETA 672s
2026-06-03 21:30:56,724 INFO POST http://localhost:9200/_search/scroll [status:200 duration:0.002s]
2026-06-03 21:30:56,888 INFO HTTP Request: POST https://open.bigmodel.cn/api/paas/v4/embeddings "HTTP/1.1 200 OK"
2026-06-03 21:30:56,973 INFO PUT http://localhost:9200/_bulk?refresh=false [status:200 duration:0.026s]
2026-06-03 21:30:56,973 INFO Progress: 3700/51354 (71.0/s) — ETA 671s
2026-06-03 21:30:56,975 INFO POST http://localhost:9200/_search/scroll [status:200 duration:0.002s]
2026-06-03 21:30:57,139 INFO HTTP Request: POST https://open.bigmodel.cn/api/paas/v4/embeddings "HTTP/1.1 200 OK"
2026-06-03 21:30:57,222 INFO PUT http://localhost:9200/_bulk?refresh=false [status:200 duration:0.026s]
2026-06-03 21:30:57,222 INFO Progress: 3720/51354 (71.0/s) — ETA 670s
2026-06-03 21:30:57,224 INFO POST http://localhost:9200/_search/scroll [status:200 duration:0.002s]
2026-06-03 21:30:57,433 INFO HTTP Request: POST https://open.bigmodel.cn/api/paas/v4/embeddings "HTTP/1.1 200 OK"
2026-06-03 21:30:57,518 INFO PUT http://localhost:9200/_bulk?refresh=false [status:200 duration:0.026s]
2026-06-03 21:30:57,518 INFO Progress: 3740/51354 (71.0/s) — ETA 670s
2026-06-03 21:30:57,520 INFO POST http://localhost:9200/_search/scroll [status:200 duration:0.002s]
2026-06-03 21:30:57,728 INFO HTTP Request: POST https://open.bigmodel.cn/api/paas/v4/embeddings "HTTP/1.1 200 OK"
2026-06-03 21:30:57,785 INFO PUT http://localhost:9200/_bulk?refresh=false [status:200 duration:0.027s]
2026-06-03 21:30:57,785 INFO Progress: 3760/51354 (71.0/s) — ETA 670s
2026-06-03 21:30:57,787 INFO POST http://localhost:9200/_search/scroll [status:200 duration:0.002s]
2026-06-03 21:30:57,972 INFO HTTP Request: POST https://open.bigmodel.cn/api/paas/v4/embeddings "HTTP/1.1 200 OK"
2026-06-03 21:30:58,049 INFO PUT http://localhost:9200/_bulk?refresh=false [status:200 duration:0.025s]
2026-06-03 21:30:58,049 INFO Progress: 3780/51354 (71.1/s) — ETA 669s
2026-06-03 21:30:58,051 INFO POST http://localhost:9200/_search/scroll [status:200 duration:0.002s]
2026-06-03 21:30:58,241 INFO HTTP Request: POST https://open.bigmodel.cn/api/paas/v4/embeddings "HTTP/1.1 200 OK"
2026-06-03 21:30:58,294 INFO PUT http://localhost:9200/_bulk?refresh=false [status:200 duration:0.024s]
2026-06-03 21:30:58,294 INFO Progress: 3800/51354 (71.1/s) — ETA 669s
2026-06-03 21:30:58,296 INFO POST http://localhost:9200/_search/scroll [status:200 duration:0.002s]
2026-06-03 21:30:58,542 INFO HTTP Request: POST https://open.bigmodel.cn/api/paas/v4/embeddings "HTTP/1.1 200 OK"
2026-06-03 21:30:58,601 INFO PUT http://localhost:9200/_bulk?refresh=false [status:200 duration:0.023s]
2026-06-03 21:30:58,601 INFO Progress: 3820/51354 (71.1/s) — ETA 669s
2026-06-03 21:30:58,604 INFO POST http://localhost:9200/_search/scroll [status:200 duration:0.002s]
2026-06-03 21:30:58,796 INFO HTTP Request: POST https://open.bigmodel.cn/api/paas/v4/embeddings "HTTP/1.1 200 OK"
2026-06-03 21:30:58,893 INFO PUT http://localhost:9200/_bulk?refresh=false [status:200 duration:0.035s]
2026-06-03 21:30:58,893 INFO Progress: 3840/51354 (71.1/s) — ETA 669s
2026-06-03 21:30:58,897 INFO POST http://localhost:9200/_search/scroll [status:200 duration:0.004s]
2026-06-03 21:30:59,804 INFO HTTP Request: POST https://open.bigmodel.cn/api/paas/v4/embeddings "HTTP/1.1 200 OK"
2026-06-03 21:30:59,871 INFO PUT http://localhost:9200/_bulk?refresh=false [status:200 duration:0.029s]
2026-06-03 21:30:59,871 INFO Progress: 3860/51354 (70.2/s) — ETA 677s
2026-06-03 21:30:59,876 INFO POST http://localhost:9200/_search/scroll [status:200 duration:0.004s]
2026-06-03 21:31:00,052 INFO HTTP Request: POST https://open.bigmodel.cn/api/paas/v4/embeddings "HTTP/1.1 200 OK"
2026-06-03 21:31:00,126 INFO PUT http://localhost:9200/_bulk?refresh=false [status:200 duration:0.027s]
2026-06-03 21:31:00,126 INFO Progress: 3880/51354 (70.2/s) — ETA 676s
2026-06-03 21:31:00,128 INFO POST http://localhost:9200/_search/scroll [status:200 duration:0.002s]
2026-06-03 21:31:00,303 INFO HTTP Request: POST https://open.bigmodel.cn/api/paas/v4/embeddings "HTTP/1.1 200 OK"
2026-06-03 21:31:00,384 INFO PUT http://localhost:9200/_bulk?refresh=false [status:200 duration:0.026s]
2026-06-03 21:31:00,384 INFO Progress: 3900/51354 (70.2/s) — ETA 676s
2026-06-03 21:31:00,386 INFO POST http://localhost:9200/_search/scroll [status:200 duration:0.002s]
2026-06-03 21:31:00,584 INFO HTTP Request: POST https://open.bigmodel.cn/api/paas/v4/embeddings "HTTP/1.1 200 OK"
2026-06-03 21:31:00,667 INFO PUT http://localhost:9200/_bulk?refresh=false [status:200 duration:0.027s]
2026-06-03 21:31:00,668 INFO Progress: 3920/51354 (70.2/s) — ETA 675s
2026-06-03 21:31:00,670 INFO POST http://localhost:9200/_search/scroll [status:200 duration:0.002s]
2026-06-03 21:31:00,853 INFO HTTP Request: POST https://open.bigmodel.cn/api/paas/v4/embeddings "HTTP/1.1 200 OK"
2026-06-03 21:31:00,980 INFO PUT http://localhost:9200/_bulk?refresh=false [status:200 duration:0.091s]
2026-06-03 21:31:00,980 INFO Progress: 3940/51354 (70.2/s) — ETA 675s
2026-06-03 21:31:00,982 INFO POST http://localhost:9200/_search/scroll [status:200 duration:0.002s]
2026-06-03 21:31:01,176 INFO HTTP Request: POST https://open.bigmodel.cn/api/paas/v4/embeddings "HTTP/1.1 200 OK"
2026-06-03 21:31:01,251 INFO PUT http://localhost:9200/_bulk?refresh=false [status:200 duration:0.026s]
2026-06-03 21:31:01,251 INFO Progress: 3960/51354 (70.2/s) — ETA 675s
2026-06-03 21:31:01,253 INFO POST http://localhost:9200/_search/scroll [status:200 duration:0.002s]
2026-06-03 21:31:01,416 INFO HTTP Request: POST https://open.bigmodel.cn/api/paas/v4/embeddings "HTTP/1.1 200 OK"
2026-06-03 21:31:01,498 INFO PUT http://localhost:9200/_bulk?refresh=false [status:200 duration:0.026s]
2026-06-03 21:31:01,499 INFO Progress: 3980/51354 (70.3/s) — ETA 674s
2026-06-03 21:31:01,501 INFO POST http://localhost:9200/_search/scroll [status:200 duration:0.002s]
2026-06-03 21:31:01,680 INFO HTTP Request: POST https://open.bigmodel.cn/api/paas/v4/embeddings "HTTP/1.1 200 OK"
2026-06-03 21:31:01,756 INFO PUT http://localhost:9200/_bulk?refresh=false [status:200 duration:0.027s]
2026-06-03 21:31:01,756 INFO Progress: 4000/51354 (70.3/s) — ETA 674s
2026-06-03 21:31:01,758 INFO POST http://localhost:9200/_search/scroll [status:200 duration:0.002s]
2026-06-03 21:31:01,945 INFO HTTP Request: POST https://open.bigmodel.cn/api/paas/v4/embeddings "HTTP/1.1 200 OK"
2026-06-03 21:31:02,024 INFO PUT http://localhost:9200/_bulk?refresh=false [status:200 duration:0.028s]
2026-06-03 21:31:02,024 INFO Progress: 4020/51354 (70.3/s) — ETA 673s
2026-06-03 21:31:02,026 INFO POST http://localhost:9200/_search/scroll [status:200 duration:0.002s]
2026-06-03 21:31:02,190 INFO HTTP Request: POST https://open.bigmodel.cn/api/paas/v4/embeddings "HTTP/1.1 200 OK"
2026-06-03 21:31:02,247 INFO PUT http://localhost:9200/_bulk?refresh=false [status:200 duration:0.027s]
2026-06-03 21:31:02,247 INFO Progress: 4040/51354 (70.4/s) — ETA 672s
2026-06-03 21:31:02,250 INFO POST http://localhost:9200/_search/scroll [status:200 duration:0.002s]
2026-06-03 21:31:02,420 INFO HTTP Request: POST https://open.bigmodel.cn/api/paas/v4/embeddings "HTTP/1.1 200 OK"
2026-06-03 21:31:02,491 INFO PUT http://localhost:9200/_bulk?refresh=false [status:200 duration:0.026s]
2026-06-03 21:31:02,492 INFO Progress: 4060/51354 (70.5/s) — ETA 671s
2026-06-03 21:31:02,494 INFO POST http://localhost:9200/_search/scroll [status:200 duration:0.002s]
2026-06-03 21:31:02,673 INFO HTTP Request: POST https://open.bigmodel.cn/api/paas/v4/embeddings "HTTP/1.1 200 OK"
2026-06-03 21:31:02,747 INFO PUT http://localhost:9200/_bulk?refresh=false [status:200 duration:0.026s]
2026-06-03 21:31:02,747 INFO Progress: 4080/51354 (70.5/s) — ETA 671s
2026-06-03 21:31:02,750 INFO POST http://localhost:9200/_search/scroll [status:200 duration:0.002s]
2026-06-03 21:31:02,955 INFO HTTP Request: POST https://open.bigmodel.cn/api/paas/v4/embeddings "HTTP/1.1 200 OK"
2026-06-03 21:31:03,042 INFO PUT http://localhost:9200/_bulk?refresh=false [status:200 duration:0.028s]
2026-06-03 21:31:03,042 INFO Progress: 4100/51354 (70.5/s) — ETA 671s
2026-06-03 21:31:03,045 INFO POST http://localhost:9200/_search/scroll [status:200 duration:0.002s]
2026-06-03 21:31:03,263 INFO HTTP Request: POST https://open.bigmodel.cn/api/paas/v4/embeddings "HTTP/1.1 200 OK"
2026-06-03 21:31:03,319 INFO PUT http://localhost:9200/_bulk?refresh=false [status:200 duration:0.028s]
2026-06-03 21:31:03,319 INFO Progress: 4120/51354 (70.5/s) — ETA 670s
2026-06-03 21:31:03,321 INFO POST http://localhost:9200/_search/scroll [status:200 duration:0.002s]
2026-06-03 21:31:03,518 INFO HTTP Request: POST https://open.bigmodel.cn/api/paas/v4/embeddings "HTTP/1.1 200 OK"
2026-06-03 21:31:03,602 INFO PUT http://localhost:9200/_bulk?refresh=false [status:200 duration:0.026s]
2026-06-03 21:31:03,602 INFO Progress: 4140/51354 (70.5/s) — ETA 670s
2026-06-03 21:31:03,604 INFO POST http://localhost:9200/_search/scroll [status:200 duration:0.002s]
2026-06-03 21:31:03,837 INFO HTTP Request: POST https://open.bigmodel.cn/api/paas/v4/embeddings "HTTP/1.1 200 OK"
2026-06-03 21:31:03,919 INFO PUT http://localhost:9200/_bulk?refresh=false [status:200 duration:0.027s]
2026-06-03 21:31:03,919 INFO Progress: 4160/51354 (70.4/s) — ETA 670s
2026-06-03 21:31:03,921 INFO POST http://localhost:9200/_search/scroll [status:200 duration:0.002s]
2026-06-03 21:31:04,221 INFO HTTP Request: POST https://open.bigmodel.cn/api/paas/v4/embeddings "HTTP/1.1 200 OK"
2026-06-03 21:31:04,288 INFO PUT http://localhost:9200/_bulk?refresh=false [status:200 duration:0.028s]
2026-06-03 21:31:04,289 INFO Progress: 4180/51354 (70.3/s) — ETA 671s
2026-06-03 21:31:04,294 INFO POST http://localhost:9200/_search/scroll [status:200 duration:0.005s]
2026-06-03 21:31:04,505 INFO HTTP Request: POST https://open.bigmodel.cn/api/paas/v4/embeddings "HTTP/1.1 200 OK"
2026-06-03 21:31:04,593 INFO PUT http://localhost:9200/_bulk?refresh=false [status:200 duration:0.028s]
2026-06-03 21:31:04,593 INFO Progress: 4200/51354 (70.3/s) — ETA 671s
2026-06-03 21:31:04,595 INFO POST http://localhost:9200/_search/scroll [status:200 duration:0.002s]
2026-06-03 21:31:04,790 INFO HTTP Request: POST https://open.bigmodel.cn/api/paas/v4/embeddings "HTTP/1.1 200 OK"
2026-06-03 21:31:04,876 INFO PUT http://localhost:9200/_bulk?refresh=false [status:200 duration:0.025s]
2026-06-03 21:31:04,876 INFO Progress: 4220/51354 (70.3/s) — ETA 670s
2026-06-03 21:31:04,878 INFO POST http://localhost:9200/_search/scroll [status:200 duration:0.002s]
2026-06-03 21:31:05,080 INFO HTTP Request: POST https://open.bigmodel.cn/api/paas/v4/embeddings "HTTP/1.1 200 OK"
2026-06-03 21:31:05,164 INFO PUT http://localhost:9200/_bulk?refresh=false [status:200 duration:0.026s]
2026-06-03 21:31:05,164 INFO Progress: 4240/51354 (70.3/s) — ETA 670s
2026-06-03 21:31:05,166 INFO POST http://localhost:9200/_search/scroll [status:200 duration:0.002s]
2026-06-03 21:31:05,379 INFO HTTP Request: POST https://open.bigmodel.cn/api/paas/v4/embeddings "HTTP/1.1 200 OK"
2026-06-03 21:31:05,435 INFO PUT http://localhost:9200/_bulk?refresh=false [status:200 duration:0.027s]
2026-06-03 21:31:05,435 INFO Progress: 4260/51354 (70.3/s) — ETA 670s
2026-06-03 21:31:05,437 INFO POST http://localhost:9200/_search/scroll [status:200 duration:0.002s]
2026-06-03 21:31:05,702 INFO HTTP Request: POST https://open.bigmodel.cn/api/paas/v4/embeddings "HTTP/1.1 200 OK"
2026-06-03 21:31:05,785 INFO PUT http://localhost:9200/_bulk?refresh=false [status:200 duration:0.026s]
2026-06-03 21:31:05,785 INFO Progress: 4280/51354 (70.3/s) — ETA 670s
2026-06-03 21:31:05,787 INFO POST http://localhost:9200/_search/scroll [status:200 duration:0.002s]
2026-06-03 21:31:05,993 INFO HTTP Request: POST https://open.bigmodel.cn/api/paas/v4/embeddings "HTTP/1.1 200 OK"
2026-06-03 21:31:06,071 INFO PUT http://localhost:9200/_bulk?refresh=false [status:200 duration:0.036s]
2026-06-03 21:31:06,071 INFO Progress: 4300/51354 (70.3/s) — ETA 670s
2026-06-03 21:31:06,073 INFO POST http://localhost:9200/_search/scroll [status:200 duration:0.002s]
2026-06-03 21:31:06,284 INFO HTTP Request: POST https://open.bigmodel.cn/api/paas/v4/embeddings "HTTP/1.1 200 OK"
2026-06-03 21:31:06,366 INFO PUT http://localhost:9200/_bulk?refresh=false [status:200 duration:0.026s]
2026-06-03 21:31:06,366 INFO Progress: 4320/51354 (70.2/s) — ETA 670s
2026-06-03 21:31:06,369 INFO POST http://localhost:9200/_search/scroll [status:200 duration:0.002s]
2026-06-03 21:31:06,584 INFO HTTP Request: POST https://open.bigmodel.cn/api/paas/v4/embeddings "HTTP/1.1 200 OK"
2026-06-03 21:31:06,669 INFO PUT http://localhost:9200/_bulk?refresh=false [status:200 duration:0.023s]
2026-06-03 21:31:06,669 INFO Progress: 4340/51354 (70.2/s) — ETA 670s
2026-06-03 21:31:06,672 INFO POST http://localhost:9200/_search/scroll [status:200 duration:0.002s]
2026-06-03 21:31:06,896 INFO HTTP Request: POST https://open.bigmodel.cn/api/paas/v4/embeddings "HTTP/1.1 200 OK"
2026-06-03 21:31:06,977 INFO PUT http://localhost:9200/_bulk?refresh=false [status:200 duration:0.024s]
2026-06-03 21:31:06,977 INFO Progress: 4360/51354 (70.2/s) — ETA 669s
2026-06-03 21:31:06,979 INFO POST http://localhost:9200/_search/scroll [status:200 duration:0.002s]
2026-06-03 21:31:07,180 INFO HTTP Request: POST https://open.bigmodel.cn/api/paas/v4/embeddings "HTTP/1.1 200 OK"
2026-06-03 21:31:07,262 INFO PUT http://localhost:9200/_bulk?refresh=false [status:200 duration:0.026s]
2026-06-03 21:31:07,262 INFO Progress: 4380/51354 (70.2/s) — ETA 669s
2026-06-03 21:31:07,264 INFO POST http://localhost:9200/_search/scroll [status:200 duration:0.002s]
2026-06-03 21:31:07,448 INFO HTTP Request: POST https://open.bigmodel.cn/api/paas/v4/embeddings "HTTP/1.1 200 OK"
2026-06-03 21:31:07,512 INFO PUT http://localhost:9200/_bulk?refresh=false [status:200 duration:0.023s]
2026-06-03 21:31:07,513 INFO Progress: 4400/51354 (70.2/s) — ETA 669s
2026-06-03 21:31:07,515 INFO POST http://localhost:9200/_search/scroll [status:200 duration:0.002s]
2026-06-03 21:31:07,700 INFO HTTP Request: POST https://open.bigmodel.cn/api/paas/v4/embeddings "HTTP/1.1 200 OK"
2026-06-03 21:31:07,758 INFO PUT http://localhost:9200/_bulk?refresh=false [status:200 duration:0.024s]
2026-06-03 21:31:07,758 INFO Progress: 4420/51354 (70.3/s) — ETA 668s
2026-06-03 21:31:07,760 INFO POST http://localhost:9200/_search/scroll [status:200 duration:0.002s]
2026-06-03 21:31:07,985 INFO HTTP Request: POST https://open.bigmodel.cn/api/paas/v4/embeddings "HTTP/1.1 200 OK"
2026-06-03 21:31:08,067 INFO PUT http://localhost:9200/_bulk?refresh=false [status:200 duration:0.025s]
2026-06-03 21:31:08,067 INFO Progress: 4440/51354 (70.3/s) — ETA 668s
2026-06-03 21:31:08,069 INFO POST http://localhost:9200/_search/scroll [status:200 duration:0.002s]
2026-06-03 21:31:08,316 INFO HTTP Request: POST https://open.bigmodel.cn/api/paas/v4/embeddings "HTTP/1.1 200 OK"
2026-06-03 21:31:08,397 INFO PUT http://localhost:9200/_bulk?refresh=false [status:200 duration:0.025s]
2026-06-03 21:31:08,398 INFO Progress: 4460/51354 (70.2/s) — ETA 668s
2026-06-03 21:31:08,400 INFO POST http://localhost:9200/_search/scroll [status:200 duration:0.002s]
2026-06-03 21:31:08,588 INFO HTTP Request: POST https://open.bigmodel.cn/api/paas/v4/embeddings "HTTP/1.1 200 OK"
2026-06-03 21:31:08,668 INFO PUT http://localhost:9200/_bulk?refresh=false [status:200 duration:0.024s]
2026-06-03 21:31:08,669 INFO Progress: 4480/51354 (70.2/s) — ETA 668s
2026-06-03 21:31:08,671 INFO POST http://localhost:9200/_search/scroll [status:200 duration:0.002s]
2026-06-03 21:31:08,937 INFO HTTP Request: POST https://open.bigmodel.cn/api/paas/v4/embeddings "HTTP/1.1 200 OK"
2026-06-03 21:31:09,029 INFO PUT http://localhost:9200/_bulk?refresh=false [status:200 duration:0.033s]
2026-06-03 21:31:09,030 INFO Progress: 4500/51354 (70.1/s) — ETA 668s
2026-06-03 21:31:09,035 INFO POST http://localhost:9200/_search/scroll [status:200 duration:0.005s]
2026-06-03 21:31:10,136 INFO HTTP Request: POST https://open.bigmodel.cn/api/paas/v4/embeddings "HTTP/1.1 200 OK"
2026-06-03 21:31:10,194 INFO PUT http://localhost:9200/_bulk?refresh=false [status:200 duration:0.030s]
2026-06-03 21:31:10,195 INFO Progress: 4520/51354 (69.2/s) — ETA 677s
2026-06-03 21:31:10,199 INFO POST http://localhost:9200/_search/scroll [status:200 duration:0.004s]
2026-06-03 21:31:10,392 INFO HTTP Request: POST https://open.bigmodel.cn/api/paas/v4/embeddings "HTTP/1.1 200 OK"
2026-06-03 21:31:10,455 INFO PUT http://localhost:9200/_bulk?refresh=false [status:200 duration:0.025s]
2026-06-03 21:31:10,456 INFO Progress: 4540/51354 (69.2/s) — ETA 676s
2026-06-03 21:31:10,458 INFO POST http://localhost:9200/_search/scroll [status:200 duration:0.002s]
2026-06-03 21:31:10,698 INFO HTTP Request: POST https://open.bigmodel.cn/api/paas/v4/embeddings "HTTP/1.1 200 OK"
2026-06-03 21:31:10,777 INFO PUT http://localhost:9200/_bulk?refresh=false [status:200 duration:0.026s]
2026-06-03 21:31:10,777 INFO Progress: 4560/51354 (69.2/s) — ETA 676s
2026-06-03 21:31:10,779 INFO POST http://localhost:9200/_search/scroll [status:200 duration:0.002s]
2026-06-03 21:31:10,963 INFO HTTP Request: POST https://open.bigmodel.cn/api/paas/v4/embeddings "HTTP/1.1 200 OK"
2026-06-03 21:31:11,042 INFO PUT http://localhost:9200/_bulk?refresh=false [status:200 duration:0.025s]
2026-06-03 21:31:11,042 INFO Progress: 4580/51354 (69.2/s) — ETA 676s
2026-06-03 21:31:11,044 INFO POST http://localhost:9200/_search/scroll [status:200 duration:0.002s]
2026-06-03 21:31:11,253 INFO HTTP Request: POST https://open.bigmodel.cn/api/paas/v4/embeddings "HTTP/1.1 200 OK"
2026-06-03 21:31:11,336 INFO PUT http://localhost:9200/_bulk?refresh=false [status:200 duration:0.026s]
2026-06-03 21:31:11,336 INFO Progress: 4600/51354 (69.2/s) — ETA 676s
2026-06-03 21:31:11,338 INFO POST http://localhost:9200/_search/scroll [status:200 duration:0.002s]
2026-06-03 21:31:11,538 INFO HTTP Request: POST https://open.bigmodel.cn/api/paas/v4/embeddings "HTTP/1.1 200 OK"
2026-06-03 21:31:11,612 INFO PUT http://localhost:9200/_bulk?refresh=false [status:200 duration:0.027s]
2026-06-03 21:31:11,612 INFO Progress: 4620/51354 (69.2/s) — ETA 675s
2026-06-03 21:31:11,615 INFO POST http://localhost:9200/_search/scroll [status:200 duration:0.002s]
2026-06-03 21:31:11,784 INFO HTTP Request: POST https://open.bigmodel.cn/api/paas/v4/embeddings "HTTP/1.1 200 OK"
2026-06-03 21:31:11,865 INFO PUT http://localhost:9200/_bulk?refresh=false [status:200 duration:0.023s]
2026-06-03 21:31:11,865 INFO Progress: 4640/51354 (69.3/s) — ETA 675s
2026-06-03 21:31:11,867 INFO POST http://localhost:9200/_search/scroll [status:200 duration:0.002s]
2026-06-03 21:31:12,050 INFO HTTP Request: POST https://open.bigmodel.cn/api/paas/v4/embeddings "HTTP/1.1 200 OK"
2026-06-03 21:31:12,125 INFO PUT http://localhost:9200/_bulk?refresh=false [status:200 duration:0.024s]
2026-06-03 21:31:12,126 INFO Progress: 4660/51354 (69.3/s) — ETA 674s
2026-06-03 21:31:12,128 INFO POST http://localhost:9200/_search/scroll [status:200 duration:0.002s]
2026-06-03 21:31:12,364 INFO HTTP Request: POST https://open.bigmodel.cn/api/paas/v4/embeddings "HTTP/1.1 200 OK"
2026-06-03 21:31:12,449 INFO PUT http://localhost:9200/_bulk?refresh=false [status:200 duration:0.027s]
2026-06-03 21:31:12,449 INFO Progress: 4680/51354 (69.2/s) — ETA 674s
2026-06-03 21:31:12,451 INFO POST http://localhost:9200/_search/scroll [status:200 duration:0.002s]
2026-06-03 21:31:12,667 INFO HTTP Request: POST https://open.bigmodel.cn/api/paas/v4/embeddings "HTTP/1.1 200 OK"
2026-06-03 21:31:12,748 INFO PUT http://localhost:9200/_bulk?refresh=false [status:200 duration:0.025s]
2026-06-03 21:31:12,748 INFO Progress: 4700/51354 (69.2/s) — ETA 674s
2026-06-03 21:31:12,750 INFO POST http://localhost:9200/_search/scroll [status:200 duration:0.002s]
2026-06-03 21:31:12,954 INFO HTTP Request: POST https://open.bigmodel.cn/api/paas/v4/embeddings "HTTP/1.1 200 OK"
2026-06-03 21:31:13,030 INFO PUT http://localhost:9200/_bulk?refresh=false [status:200 duration:0.025s]
2026-06-03 21:31:13,030 INFO Progress: 4720/51354 (69.2/s) — ETA 673s
2026-06-03 21:31:13,032 INFO POST http://localhost:9200/_search/scroll [status:200 duration:0.002s]
2026-06-03 21:31:14,535 INFO HTTP Request: POST https://open.bigmodel.cn/api/paas/v4/embeddings "HTTP/1.1 200 OK"
2026-06-03 21:31:14,613 INFO PUT http://localhost:9200/_bulk?refresh=false [status:200 duration:0.028s]
2026-06-03 21:31:14,613 INFO Progress: 4740/51354 (68.0/s) — ETA 686s
2026-06-03 21:31:14,615 INFO POST http://localhost:9200/_search/scroll [status:200 duration:0.002s]
2026-06-03 21:31:14,817 INFO HTTP Request: POST https://open.bigmodel.cn/api/paas/v4/embeddings "HTTP/1.1 200 OK"
2026-06-03 21:31:14,901 INFO PUT http://localhost:9200/_bulk?refresh=false [status:200 duration:0.026s]
2026-06-03 21:31:14,901 INFO Progress: 4760/51354 (68.0/s) — ETA 686s
2026-06-03 21:31:14,904 INFO POST http://localhost:9200/_search/scroll [status:200 duration:0.002s]
2026-06-03 21:31:15,110 INFO HTTP Request: POST https://open.bigmodel.cn/api/paas/v4/embeddings "HTTP/1.1 200 OK"
2026-06-03 21:31:15,189 INFO PUT http://localhost:9200/_bulk?refresh=false [status:200 duration:0.026s]
2026-06-03 21:31:15,190 INFO Progress: 4780/51354 (68.0/s) — ETA 685s
2026-06-03 21:31:15,192 INFO POST http://localhost:9200/_search/scroll [status:200 duration:0.002s]
2026-06-03 21:31:15,393 INFO HTTP Request: POST https://open.bigmodel.cn/api/paas/v4/embeddings "HTTP/1.1 200 OK"
2026-06-03 21:31:15,463 INFO PUT http://localhost:9200/_bulk?refresh=false [status:200 duration:0.029s]
2026-06-03 21:31:15,463 INFO Progress: 4800/51354 (68.0/s) — ETA 685s
2026-06-03 21:31:15,465 INFO POST http://localhost:9200/_search/scroll [status:200 duration:0.002s]
2026-06-03 21:31:15,666 INFO HTTP Request: POST https://open.bigmodel.cn/api/paas/v4/embeddings "HTTP/1.1 200 OK"
2026-06-03 21:31:15,735 INFO PUT http://localhost:9200/_bulk?refresh=false [status:200 duration:0.026s]
2026-06-03 21:31:15,735 INFO Progress: 4820/51354 (68.0/s) — ETA 684s
2026-06-03 21:31:15,737 INFO POST http://localhost:9200/_search/scroll [status:200 duration:0.002s]
2026-06-03 21:31:15,968 INFO HTTP Request: POST https://open.bigmodel.cn/api/paas/v4/embeddings "HTTP/1.1 200 OK"
2026-06-03 21:31:16,053 INFO PUT http://localhost:9200/_bulk?refresh=false [status:200 duration:0.031s]
2026-06-03 21:31:16,053 INFO Progress: 4840/51354 (68.0/s) — ETA 684s
2026-06-03 21:31:16,058 INFO POST http://localhost:9200/_search/scroll [status:200 duration:0.004s]
2026-06-03 21:31:16,252 INFO HTTP Request: POST https://open.bigmodel.cn/api/paas/v4/embeddings "HTTP/1.1 200 OK"
2026-06-03 21:31:16,338 INFO PUT http://localhost:9200/_bulk?refresh=false [status:200 duration:0.029s]
2026-06-03 21:31:16,338 INFO Progress: 4860/51354 (68.0/s) — ETA 684s
2026-06-03 21:31:16,342 INFO POST http://localhost:9200/_search/scroll [status:200 duration:0.004s]
2026-06-03 21:31:16,556 INFO HTTP Request: POST https://open.bigmodel.cn/api/paas/v4/embeddings "HTTP/1.1 200 OK"
2026-06-03 21:31:16,641 INFO PUT http://localhost:9200/_bulk?refresh=false [status:200 duration:0.028s]
2026-06-03 21:31:16,641 INFO Progress: 4880/51354 (68.0/s) — ETA 684s
2026-06-03 21:31:16,644 INFO POST http://localhost:9200/_search/scroll [status:200 duration:0.002s]
2026-06-03 21:31:16,848 INFO HTTP Request: POST https://open.bigmodel.cn/api/paas/v4/embeddings "HTTP/1.1 200 OK"
2026-06-03 21:31:16,928 INFO PUT http://localhost:9200/_bulk?refresh=false [status:200 duration:0.025s]
2026-06-03 21:31:16,928 INFO Progress: 4900/51354 (68.0/s) — ETA 683s
2026-06-03 21:31:16,931 INFO POST http://localhost:9200/_search/scroll [status:200 duration:0.002s]
2026-06-03 21:31:17,143 INFO HTTP Request: POST https://open.bigmodel.cn/api/paas/v4/embeddings "HTTP/1.1 200 OK"
2026-06-03 21:31:17,205 INFO PUT http://localhost:9200/_bulk?refresh=false [status:200 duration:0.025s]
2026-06-03 21:31:17,205 INFO Progress: 4920/51354 (68.0/s) — ETA 683s
2026-06-03 21:31:17,208 INFO POST http://localhost:9200/_search/scroll [status:200 duration:0.002s]
2026-06-03 21:31:17,445 INFO HTTP Request: POST https://open.bigmodel.cn/api/paas/v4/embeddings "HTTP/1.1 200 OK"
2026-06-03 21:31:17,522 INFO PUT http://localhost:9200/_bulk?refresh=false [status:200 duration:0.023s]
2026-06-03 21:31:17,522 INFO Progress: 4940/51354 (68.0/s) — ETA 683s
2026-06-03 21:31:17,524 INFO POST http://localhost:9200/_search/scroll [status:200 duration:0.002s]
2026-06-03 21:31:17,690 INFO HTTP Request: POST https://open.bigmodel.cn/api/paas/v4/embeddings "HTTP/1.1 200 OK"
2026-06-03 21:31:17,761 INFO PUT http://localhost:9200/_bulk?refresh=false [status:200 duration:0.023s]
2026-06-03 21:31:17,761 INFO Progress: 4960/51354 (68.0/s) — ETA 682s
2026-06-03 21:31:17,763 INFO POST http://localhost:9200/_search/scroll [status:200 duration:0.002s]
2026-06-03 21:31:17,928 INFO HTTP Request: POST https://open.bigmodel.cn/api/paas/v4/embeddings "HTTP/1.1 200 OK"
2026-06-03 21:31:17,989 INFO PUT http://localhost:9200/_bulk?refresh=false [status:200 duration:0.024s]
2026-06-03 21:31:17,990 INFO Progress: 4980/51354 (68.1/s) — ETA 681s
2026-06-03 21:31:17,992 INFO POST http://localhost:9200/_search/scroll [status:200 duration:0.002s]
2026-06-03 21:31:18,183 INFO HTTP Request: POST https://open.bigmodel.cn/api/paas/v4/embeddings "HTTP/1.1 200 OK"
2026-06-03 21:31:18,255 INFO PUT http://localhost:9200/_bulk?refresh=false [status:200 duration:0.023s]
2026-06-03 21:31:18,255 INFO Progress: 5000/51354 (68.1/s) — ETA 680s
2026-06-03 21:31:18,257 INFO POST http://localhost:9200/_search/scroll [status:200 duration:0.002s]
2026-06-03 21:31:18,446 INFO HTTP Request: POST https://open.bigmodel.cn/api/paas/v4/embeddings "HTTP/1.1 200 OK"
2026-06-03 21:31:18,506 INFO PUT http://localhost:9200/_bulk?refresh=false [status:200 duration:0.024s]
2026-06-03 21:31:18,506 INFO Progress: 5020/51354 (68.2/s) — ETA 680s
2026-06-03 21:31:18,508 INFO POST http://localhost:9200/_search/scroll [status:200 duration:0.002s]
2026-06-03 21:31:18,699 INFO HTTP Request: POST https://open.bigmodel.cn/api/paas/v4/embeddings "HTTP/1.1 200 OK"
2026-06-03 21:31:18,774 INFO PUT http://localhost:9200/_bulk?refresh=false [status:200 duration:0.025s]
2026-06-03 21:31:18,774 INFO Progress: 5040/51354 (68.2/s) — ETA 679s
2026-06-03 21:31:18,776 INFO POST http://localhost:9200/_search/scroll [status:200 duration:0.002s]
2026-06-03 21:31:18,966 INFO HTTP Request: POST https://open.bigmodel.cn/api/paas/v4/embeddings "HTTP/1.1 200 OK"
2026-06-03 21:31:19,041 INFO PUT http://localhost:9200/_bulk?refresh=false [status:200 duration:0.024s]
2026-06-03 21:31:19,041 INFO Progress: 5060/51354 (68.2/s) — ETA 679s
2026-06-03 21:31:19,043 INFO POST http://localhost:9200/_search/scroll [status:200 duration:0.002s]
2026-06-03 21:31:19,271 INFO HTTP Request: POST https://open.bigmodel.cn/api/paas/v4/embeddings "HTTP/1.1 200 OK"
2026-06-03 21:31:19,344 INFO PUT http://localhost:9200/_bulk?refresh=false [status:200 duration:0.024s]
2026-06-03 21:31:19,345 INFO Progress: 5080/51354 (68.2/s) — ETA 678s
2026-06-03 21:31:19,347 INFO POST http://localhost:9200/_search/scroll [status:200 duration:0.002s]
2026-06-03 21:31:19,521 INFO HTTP Request: POST https://open.bigmodel.cn/api/paas/v4/embeddings "HTTP/1.1 200 OK"
2026-06-03 21:31:19,590 INFO PUT http://localhost:9200/_bulk?refresh=false [status:200 duration:0.024s]
2026-06-03 21:31:19,591 INFO Progress: 5100/51354 (68.2/s) — ETA 678s
2026-06-03 21:31:19,593 INFO POST http://localhost:9200/_search/scroll [status:200 duration:0.002s]
2026-06-03 21:31:19,790 INFO HTTP Request: POST https://open.bigmodel.cn/api/paas/v4/embeddings "HTTP/1.1 200 OK"
2026-06-03 21:31:19,869 INFO PUT http://localhost:9200/_bulk?refresh=false [status:200 duration:0.024s]
2026-06-03 21:31:19,869 INFO Progress: 5120/51354 (68.3/s) — ETA 677s
2026-06-03 21:31:19,871 INFO POST http://localhost:9200/_search/scroll [status:200 duration:0.002s]
2026-06-03 21:31:20,032 INFO HTTP Request: POST https://open.bigmodel.cn/api/paas/v4/embeddings "HTTP/1.1 200 OK"
2026-06-03 21:31:20,116 INFO PUT http://localhost:9200/_bulk?refresh=false [status:200 duration:0.027s]
2026-06-03 21:31:20,116 INFO Progress: 5140/51354 (68.3/s) — ETA 677s
2026-06-03 21:31:20,118 INFO POST http://localhost:9200/_search/scroll [status:200 duration:0.002s]
2026-06-03 21:31:20,381 INFO HTTP Request: POST https://open.bigmodel.cn/api/paas/v4/embeddings "HTTP/1.1 200 OK"
2026-06-03 21:31:20,463 INFO PUT http://localhost:9200/_bulk?refresh=false [status:200 duration:0.026s]
2026-06-03 21:31:20,464 INFO Progress: 5160/51354 (68.3/s) — ETA 677s
2026-06-03 21:31:20,466 INFO POST http://localhost:9200/_search/scroll [status:200 duration:0.002s]
2026-06-03 21:31:20,681 INFO HTTP Request: POST https://open.bigmodel.cn/api/paas/v4/embeddings "HTTP/1.1 200 OK"
2026-06-03 21:31:20,743 INFO PUT http://localhost:9200/_bulk?refresh=false [status:200 duration:0.026s]
2026-06-03 21:31:20,744 INFO Progress: 5180/51354 (68.3/s) — ETA 676s
2026-06-03 21:31:20,746 INFO POST http://localhost:9200/_search/scroll [status:200 duration:0.002s]
2026-06-03 21:31:20,937 INFO HTTP Request: POST https://open.bigmodel.cn/api/paas/v4/embeddings "HTTP/1.1 200 OK"
2026-06-03 21:31:21,009 INFO PUT http://localhost:9200/_bulk?refresh=false [status:200 duration:0.025s]
2026-06-03 21:31:21,009 INFO Progress: 5200/51354 (68.3/s) — ETA 676s
2026-06-03 21:31:21,011 INFO POST http://localhost:9200/_search/scroll [status:200 duration:0.002s]
2026-06-03 21:31:21,200 INFO HTTP Request: POST https://open.bigmodel.cn/api/paas/v4/embeddings "HTTP/1.1 200 OK"
2026-06-03 21:31:21,280 INFO PUT http://localhost:9200/_bulk?refresh=false [status:200 duration:0.028s]
2026-06-03 21:31:21,280 INFO Progress: 5220/51354 (68.3/s) — ETA 675s
2026-06-03 21:31:21,282 INFO POST http://localhost:9200/_search/scroll [status:200 duration:0.002s]
2026-06-03 21:31:21,484 INFO HTTP Request: POST https://open.bigmodel.cn/api/paas/v4/embeddings "HTTP/1.1 200 OK"
2026-06-03 21:31:21,569 INFO PUT http://localhost:9200/_bulk?refresh=false [status:200 duration:0.024s]
2026-06-03 21:31:21,569 INFO Progress: 5240/51354 (68.3/s) — ETA 675s
2026-06-03 21:31:21,571 INFO POST http://localhost:9200/_search/scroll [status:200 duration:0.002s]
2026-06-03 21:31:21,756 INFO HTTP Request: POST https://open.bigmodel.cn/api/paas/v4/embeddings "HTTP/1.1 200 OK"
2026-06-03 21:31:21,833 INFO PUT http://localhost:9200/_bulk?refresh=false [status:200 duration:0.024s]
2026-06-03 21:31:21,833 INFO Progress: 5260/51354 (68.3/s) — ETA 674s
2026-06-03 21:31:21,836 INFO POST http://localhost:9200/_search/scroll [status:200 duration:0.002s]
2026-06-03 21:31:22,002 INFO HTTP Request: POST https://open.bigmodel.cn/api/paas/v4/embeddings "HTTP/1.1 200 OK"
2026-06-03 21:31:22,058 INFO PUT http://localhost:9200/_bulk?refresh=false [status:200 duration:0.025s]
2026-06-03 21:31:22,058 INFO Progress: 5280/51354 (68.4/s) — ETA 674s
2026-06-03 21:31:22,060 INFO POST http://localhost:9200/_search/scroll [status:200 duration:0.002s]
2026-06-03 21:31:22,275 INFO HTTP Request: POST https://open.bigmodel.cn/api/paas/v4/embeddings "HTTP/1.1 200 OK"
2026-06-03 21:31:22,354 INFO PUT http://localhost:9200/_bulk?refresh=false [status:200 duration:0.025s]
2026-06-03 21:31:22,354 INFO Progress: 5300/51354 (68.4/s) — ETA 673s
2026-06-03 21:31:22,357 INFO POST http://localhost:9200/_search/scroll [status:200 duration:0.002s]
2026-06-03 21:31:22,567 INFO HTTP Request: POST https://open.bigmodel.cn/api/paas/v4/embeddings "HTTP/1.1 200 OK"
2026-06-03 21:31:22,632 INFO PUT http://localhost:9200/_bulk?refresh=false [status:200 duration:0.025s]
2026-06-03 21:31:22,632 INFO Progress: 5320/51354 (68.4/s) — ETA 673s
2026-06-03 21:31:22,634 INFO POST http://localhost:9200/_search/scroll [status:200 duration:0.002s]
2026-06-03 21:31:22,822 INFO HTTP Request: POST https://open.bigmodel.cn/api/paas/v4/embeddings "HTTP/1.1 200 OK"
2026-06-03 21:31:22,913 INFO PUT http://localhost:9200/_bulk?refresh=false [status:200 duration:0.028s]
2026-06-03 21:31:22,914 INFO Progress: 5340/51354 (68.4/s) — ETA 673s
2026-06-03 21:31:22,916 INFO POST http://localhost:9200/_search/scroll [status:200 duration:0.002s]
2026-06-03 21:31:23,131 INFO HTTP Request: POST https://open.bigmodel.cn/api/paas/v4/embeddings "HTTP/1.1 200 OK"
2026-06-03 21:31:23,216 INFO PUT http://localhost:9200/_bulk?refresh=false [status:200 duration:0.025s]
2026-06-03 21:31:23,217 INFO Progress: 5360/51354 (68.4/s) — ETA 672s
2026-06-03 21:31:23,219 INFO POST http://localhost:9200/_search/scroll [status:200 duration:0.002s]
2026-06-03 21:31:23,404 INFO HTTP Request: POST https://open.bigmodel.cn/api/paas/v4/embeddings "HTTP/1.1 200 OK"
2026-06-03 21:31:23,474 INFO PUT http://localhost:9200/_bulk?refresh=false [status:200 duration:0.024s]
2026-06-03 21:31:23,474 INFO Progress: 5380/51354 (68.4/s) — ETA 672s
2026-06-03 21:31:23,477 INFO POST http://localhost:9200/_search/scroll [status:200 duration:0.002s]
2026-06-03 21:31:23,697 INFO HTTP Request: POST https://open.bigmodel.cn/api/paas/v4/embeddings "HTTP/1.1 200 OK"
2026-06-03 21:31:23,782 INFO PUT http://localhost:9200/_bulk?refresh=false [status:200 duration:0.028s]
2026-06-03 21:31:23,782 INFO Progress: 5400/51354 (68.4/s) — ETA 672s
2026-06-03 21:31:23,784 INFO POST http://localhost:9200/_search/scroll [status:200 duration:0.002s]
2026-06-03 21:31:23,981 INFO HTTP Request: POST https://open.bigmodel.cn/api/paas/v4/embeddings "HTTP/1.1 200 OK"
2026-06-03 21:31:24,065 INFO PUT http://localhost:9200/_bulk?refresh=false [status:200 duration:0.026s]
2026-06-03 21:31:24,065 INFO Progress: 5420/51354 (68.4/s) — ETA 671s
2026-06-03 21:31:24,068 INFO POST http://localhost:9200/_search/scroll [status:200 duration:0.002s]
2026-06-03 21:31:24,270 INFO HTTP Request: POST https://open.bigmodel.cn/api/paas/v4/embeddings "HTTP/1.1 200 OK"
2026-06-03 21:31:24,331 INFO PUT http://localhost:9200/_bulk?refresh=false [status:200 duration:0.025s]
2026-06-03 21:31:24,331 INFO Progress: 5440/51354 (68.5/s) — ETA 671s
2026-06-03 21:31:24,333 INFO POST http://localhost:9200/_search/scroll [status:200 duration:0.002s]
2026-06-03 21:31:24,531 INFO HTTP Request: POST https://open.bigmodel.cn/api/paas/v4/embeddings "HTTP/1.1 200 OK"
2026-06-03 21:31:24,609 INFO PUT http://localhost:9200/_bulk?refresh=false [status:200 duration:0.026s]
2026-06-03 21:31:24,609 INFO Progress: 5460/51354 (68.5/s) — ETA 670s
2026-06-03 21:31:24,611 INFO POST http://localhost:9200/_search/scroll [status:200 duration:0.002s]
2026-06-03 21:31:24,791 INFO HTTP Request: POST https://open.bigmodel.cn/api/paas/v4/embeddings "HTTP/1.1 200 OK"
2026-06-03 21:31:24,877 INFO PUT http://localhost:9200/_bulk?refresh=false [status:200 duration:0.026s]
2026-06-03 21:31:24,877 INFO Progress: 5480/51354 (68.5/s) — ETA 670s
2026-06-03 21:31:24,879 INFO POST http://localhost:9200/_search/scroll [status:200 duration:0.002s]
2026-06-03 21:31:25,113 INFO HTTP Request: POST https://open.bigmodel.cn/api/paas/v4/embeddings "HTTP/1.1 200 OK"
2026-06-03 21:31:25,200 INFO PUT http://localhost:9200/_bulk?refresh=false [status:200 duration:0.031s]
2026-06-03 21:31:25,201 INFO Progress: 5500/51354 (68.5/s) — ETA 670s
2026-06-03 21:31:25,206 INFO POST http://localhost:9200/_search/scroll [status:200 duration:0.005s]
2026-06-03 21:31:25,405 INFO HTTP Request: POST https://open.bigmodel.cn/api/paas/v4/embeddings "HTTP/1.1 200 OK"
2026-06-03 21:31:25,485 INFO PUT http://localhost:9200/_bulk?refresh=false [status:200 duration:0.026s]
2026-06-03 21:31:25,485 INFO Progress: 5520/51354 (68.5/s) — ETA 669s
2026-06-03 21:31:25,489 INFO POST http://localhost:9200/_search/scroll [status:200 duration:0.004s]
2026-06-03 21:31:25,683 INFO HTTP Request: POST https://open.bigmodel.cn/api/paas/v4/embeddings "HTTP/1.1 200 OK"
2026-06-03 21:31:25,762 INFO PUT http://localhost:9200/_bulk?refresh=false [status:200 duration:0.025s]
2026-06-03 21:31:25,763 INFO Progress: 5540/51354 (68.5/s) — ETA 669s
2026-06-03 21:31:25,765 INFO POST http://localhost:9200/_search/scroll [status:200 duration:0.002s]
2026-06-03 21:31:25,938 INFO HTTP Request: POST https://open.bigmodel.cn/api/paas/v4/embeddings "HTTP/1.1 200 OK"
2026-06-03 21:31:26,014 INFO PUT http://localhost:9200/_bulk?refresh=false [status:200 duration:0.025s]
2026-06-03 21:31:26,014 INFO Progress: 5560/51354 (68.5/s) — ETA 668s
2026-06-03 21:31:26,016 INFO POST http://localhost:9200/_search/scroll [status:200 duration:0.002s]
2026-06-03 21:31:26,217 INFO HTTP Request: POST https://open.bigmodel.cn/api/paas/v4/embeddings "HTTP/1.1 200 OK"
2026-06-03 21:31:26,301 INFO PUT http://localhost:9200/_bulk?refresh=false [status:200 duration:0.024s]
2026-06-03 21:31:26,301 INFO Progress: 5580/51354 (68.5/s) — ETA 668s
2026-06-03 21:31:26,304 INFO POST http://localhost:9200/_search/scroll [status:200 duration:0.002s]
2026-06-03 21:31:26,480 INFO HTTP Request: POST https://open.bigmodel.cn/api/paas/v4/embeddings "HTTP/1.1 200 OK"
2026-06-03 21:31:26,557 INFO PUT http://localhost:9200/_bulk?refresh=false [status:200 duration:0.026s]
2026-06-03 21:31:26,557 INFO Progress: 5600/51354 (68.5/s) — ETA 667s
2026-06-03 21:31:26,559 INFO POST http://localhost:9200/_search/scroll [status:200 duration:0.002s]
2026-06-03 21:31:26,737 INFO HTTP Request: POST https://open.bigmodel.cn/api/paas/v4/embeddings "HTTP/1.1 200 OK"
2026-06-03 21:31:26,812 INFO PUT http://localhost:9200/_bulk?refresh=false [status:200 duration:0.027s]
2026-06-03 21:31:26,812 INFO Progress: 5620/51354 (68.6/s) — ETA 667s
2026-06-03 21:31:26,815 INFO POST http://localhost:9200/_search/scroll [status:200 duration:0.002s]
2026-06-03 21:31:27,020 INFO HTTP Request: POST https://open.bigmodel.cn/api/paas/v4/embeddings "HTTP/1.1 200 OK"
2026-06-03 21:31:27,104 INFO PUT http://localhost:9200/_bulk?refresh=false [status:200 duration:0.028s]
2026-06-03 21:31:27,104 INFO Progress: 5640/51354 (68.6/s) — ETA 667s
2026-06-03 21:31:27,106 INFO POST http://localhost:9200/_search/scroll [status:200 duration:0.002s]
2026-06-03 21:31:27,335 INFO HTTP Request: POST https://open.bigmodel.cn/api/paas/v4/embeddings "HTTP/1.1 200 OK"
2026-06-03 21:31:27,395 INFO PUT http://localhost:9200/_bulk?refresh=false [status:200 duration:0.025s]
2026-06-03 21:31:27,395 INFO Progress: 5660/51354 (68.6/s) — ETA 666s
2026-06-03 21:31:27,397 INFO POST http://localhost:9200/_search/scroll [status:200 duration:0.002s]
2026-06-03 21:31:27,596 INFO HTTP Request: POST https://open.bigmodel.cn/api/paas/v4/embeddings "HTTP/1.1 200 OK"
2026-06-03 21:31:27,680 INFO PUT http://localhost:9200/_bulk?refresh=false [status:200 duration:0.026s]
2026-06-03 21:31:27,680 INFO Progress: 5680/51354 (68.6/s) — ETA 666s
2026-06-03 21:31:27,683 INFO POST http://localhost:9200/_search/scroll [status:200 duration:0.002s]
2026-06-03 21:31:27,874 INFO HTTP Request: POST https://open.bigmodel.cn/api/paas/v4/embeddings "HTTP/1.1 200 OK"
2026-06-03 21:31:27,936 INFO PUT http://localhost:9200/_bulk?refresh=false [status:200 duration:0.026s]
2026-06-03 21:31:27,937 INFO Progress: 5700/51354 (68.6/s) — ETA 665s
2026-06-03 21:31:27,939 INFO POST http://localhost:9200/_search/scroll [status:200 duration:0.002s]
2026-06-03 21:31:28,135 INFO HTTP Request: POST https://open.bigmodel.cn/api/paas/v4/embeddings "HTTP/1.1 200 OK"
2026-06-03 21:31:28,222 INFO PUT http://localhost:9200/_bulk?refresh=false [status:200 duration:0.025s]
2026-06-03 21:31:28,222 INFO Progress: 5720/51354 (68.6/s) — ETA 665s
2026-06-03 21:31:28,224 INFO POST http://localhost:9200/_search/scroll [status:200 duration:0.002s]
2026-06-03 21:31:28,407 INFO HTTP Request: POST https://open.bigmodel.cn/api/paas/v4/embeddings "HTTP/1.1 200 OK"
2026-06-03 21:31:28,495 INFO PUT http://localhost:9200/_bulk?refresh=false [status:200 duration:0.030s]
2026-06-03 21:31:28,496 INFO Progress: 5740/51354 (68.6/s) — ETA 665s
2026-06-03 21:31:28,498 INFO POST http://localhost:9200/_search/scroll [status:200 duration:0.002s]
2026-06-03 21:31:28,700 INFO HTTP Request: POST https://open.bigmodel.cn/api/paas/v4/embeddings "HTTP/1.1 200 OK"
2026-06-03 21:31:28,770 INFO PUT http://localhost:9200/_bulk?refresh=false [status:200 duration:0.025s]
2026-06-03 21:31:28,771 INFO Progress: 5760/51354 (68.6/s) — ETA 664s
2026-06-03 21:31:28,773 INFO POST http://localhost:9200/_search/scroll [status:200 duration:0.002s]
2026-06-03 21:31:28,954 INFO HTTP Request: POST https://open.bigmodel.cn/api/paas/v4/embeddings "HTTP/1.1 200 OK"
2026-06-03 21:31:29,020 INFO PUT http://localhost:9200/_bulk?refresh=false [status:200 duration:0.025s]
2026-06-03 21:31:29,020 INFO Progress: 5780/51354 (68.7/s) — ETA 664s
2026-06-03 21:31:29,022 INFO POST http://localhost:9200/_search/scroll [status:200 duration:0.002s]
2026-06-03 21:31:29,191 INFO HTTP Request: POST https://open.bigmodel.cn/api/paas/v4/embeddings "HTTP/1.1 200 OK"
2026-06-03 21:31:29,274 INFO PUT http://localhost:9200/_bulk?refresh=false [status:200 duration:0.025s]
2026-06-03 21:31:29,274 INFO Progress: 5800/51354 (68.7/s) — ETA 663s
2026-06-03 21:31:29,276 INFO POST http://localhost:9200/_search/scroll [status:200 duration:0.002s]
2026-06-03 21:31:29,441 INFO HTTP Request: POST https://open.bigmodel.cn/api/paas/v4/embeddings "HTTP/1.1 200 OK"
2026-06-03 21:31:29,515 INFO PUT http://localhost:9200/_bulk?refresh=false [status:200 duration:0.024s]
2026-06-03 21:31:29,515 INFO Progress: 5820/51354 (68.8/s) — ETA 662s
2026-06-03 21:31:29,517 INFO POST http://localhost:9200/_search/scroll [status:200 duration:0.002s]
2026-06-03 21:31:29,710 INFO HTTP Request: POST https://open.bigmodel.cn/api/paas/v4/embeddings "HTTP/1.1 200 OK"
2026-06-03 21:31:29,795 INFO PUT http://localhost:9200/_bulk?refresh=false [status:200 duration:0.025s]
2026-06-03 21:31:29,795 INFO Progress: 5840/51354 (68.8/s) — ETA 662s
2026-06-03 21:31:29,797 INFO POST http://localhost:9200/_search/scroll [status:200 duration:0.002s]
2026-06-03 21:31:29,992 INFO HTTP Request: POST https://open.bigmodel.cn/api/paas/v4/embeddings "HTTP/1.1 200 OK"
2026-06-03 21:31:30,078 INFO PUT http://localhost:9200/_bulk?refresh=false [status:200 duration:0.029s]
2026-06-03 21:31:30,078 INFO Progress: 5860/51354 (68.8/s) — ETA 662s
2026-06-03 21:31:30,081 INFO POST http://localhost:9200/_search/scroll [status:200 duration:0.002s]
2026-06-03 21:31:30,337 INFO HTTP Request: POST https://open.bigmodel.cn/api/paas/v4/embeddings "HTTP/1.1 200 OK"
2026-06-03 21:31:30,420 INFO PUT http://localhost:9200/_bulk?refresh=false [status:200 duration:0.025s]
2026-06-03 21:31:30,420 INFO Progress: 5880/51354 (68.7/s) — ETA 662s
2026-06-03 21:31:30,423 INFO POST http://localhost:9200/_search/scroll [status:200 duration:0.002s]
2026-06-03 21:31:30,617 INFO HTTP Request: POST https://open.bigmodel.cn/api/paas/v4/embeddings "HTTP/1.1 200 OK"
2026-06-03 21:31:30,671 INFO PUT http://localhost:9200/_bulk?refresh=false [status:200 duration:0.025s]
2026-06-03 21:31:30,671 INFO Progress: 5900/51354 (68.8/s) — ETA 661s
2026-06-03 21:31:30,673 INFO POST http://localhost:9200/_search/scroll [status:200 duration:0.002s]
2026-06-03 21:31:30,843 INFO HTTP Request: POST https://open.bigmodel.cn/api/paas/v4/embeddings "HTTP/1.1 200 OK"
2026-06-03 21:31:30,922 INFO PUT http://localhost:9200/_bulk?refresh=false [status:200 duration:0.027s]
2026-06-03 21:31:30,922 INFO Progress: 5920/51354 (68.8/s) — ETA 660s
2026-06-03 21:31:30,924 INFO POST http://localhost:9200/_search/scroll [status:200 duration:0.002s]
2026-06-03 21:31:31,113 INFO HTTP Request: POST https://open.bigmodel.cn/api/paas/v4/embeddings "HTTP/1.1 200 OK"
2026-06-03 21:31:31,181 INFO PUT http://localhost:9200/_bulk?refresh=false [status:200 duration:0.025s]
2026-06-03 21:31:31,181 INFO Progress: 5940/51354 (68.8/s) — ETA 660s
2026-06-03 21:31:31,183 INFO POST http://localhost:9200/_search/scroll [status:200 duration:0.002s]
2026-06-03 21:31:31,397 INFO HTTP Request: POST https://open.bigmodel.cn/api/paas/v4/embeddings "HTTP/1.1 200 OK"
2026-06-03 21:31:31,460 INFO PUT http://localhost:9200/_bulk?refresh=false [status:200 duration:0.024s]
2026-06-03 21:31:31,460 INFO Progress: 5960/51354 (68.8/s) — ETA 660s
2026-06-03 21:31:31,462 INFO POST http://localhost:9200/_search/scroll [status:200 duration:0.002s]
2026-06-03 21:31:31,620 INFO HTTP Request: POST https://open.bigmodel.cn/api/paas/v4/embeddings "HTTP/1.1 200 OK"
2026-06-03 21:31:31,702 INFO PUT http://localhost:9200/_bulk?refresh=false [status:200 duration:0.027s]
2026-06-03 21:31:31,702 INFO Progress: 5980/51354 (68.9/s) — ETA 659s
2026-06-03 21:31:31,704 INFO POST http://localhost:9200/_search/scroll [status:200 duration:0.002s]
2026-06-03 21:31:31,886 INFO HTTP Request: POST https://open.bigmodel.cn/api/paas/v4/embeddings "HTTP/1.1 200 OK"
2026-06-03 21:31:31,948 INFO PUT http://localhost:9200/_bulk?refresh=false [status:200 duration:0.024s]
2026-06-03 21:31:31,948 INFO Progress: 6000/51354 (68.9/s) — ETA 658s
2026-06-03 21:31:31,950 INFO POST http://localhost:9200/_search/scroll [status:200 duration:0.002s]
2026-06-03 21:31:32,121 INFO HTTP Request: POST https://open.bigmodel.cn/api/paas/v4/embeddings "HTTP/1.1 200 OK"
2026-06-03 21:31:32,181 INFO PUT http://localhost:9200/_bulk?refresh=false [status:200 duration:0.025s]
2026-06-03 21:31:32,181 INFO Progress: 6020/51354 (68.9/s) — ETA 658s
2026-06-03 21:31:32,184 INFO POST http://localhost:9200/_search/scroll [status:200 duration:0.003s]
2026-06-03 21:31:32,459 INFO HTTP Request: POST https://open.bigmodel.cn/api/paas/v4/embeddings "HTTP/1.1 200 OK"
2026-06-03 21:31:32,544 INFO PUT http://localhost:9200/_bulk?refresh=false [status:200 duration:0.032s]
2026-06-03 21:31:32,544 INFO Progress: 6040/51354 (68.9/s) — ETA 658s
2026-06-03 21:31:32,546 INFO POST http://localhost:9200/_search/scroll [status:200 duration:0.002s]
2026-06-03 21:31:32,745 INFO HTTP Request: POST https://open.bigmodel.cn/api/paas/v4/embeddings "HTTP/1.1 200 OK"
2026-06-03 21:31:32,829 INFO PUT http://localhost:9200/_bulk?refresh=false [status:200 duration:0.026s]
2026-06-03 21:31:32,829 INFO Progress: 6060/51354 (68.9/s) — ETA 657s
2026-06-03 21:31:32,831 INFO POST http://localhost:9200/_search/scroll [status:200 duration:0.002s]
2026-06-03 21:31:33,015 INFO HTTP Request: POST https://open.bigmodel.cn/api/paas/v4/embeddings "HTTP/1.1 200 OK"
2026-06-03 21:31:33,102 INFO PUT http://localhost:9200/_bulk?refresh=false [status:200 duration:0.025s]
2026-06-03 21:31:33,103 INFO Progress: 6080/51354 (68.9/s) — ETA 657s
2026-06-03 21:31:33,105 INFO POST http://localhost:9200/_search/scroll [status:200 duration:0.002s]
2026-06-03 21:31:33,310 INFO HTTP Request: POST https://open.bigmodel.cn/api/paas/v4/embeddings "HTTP/1.1 200 OK"
2026-06-03 21:31:33,392 INFO PUT http://localhost:9200/_bulk?refresh=false [status:200 duration:0.026s]
2026-06-03 21:31:33,392 INFO Progress: 6100/51354 (68.9/s) — ETA 657s
2026-06-03 21:31:33,394 INFO POST http://localhost:9200/_search/scroll [status:200 duration:0.002s]
2026-06-03 21:31:33,562 INFO HTTP Request: POST https://open.bigmodel.cn/api/paas/v4/embeddings "HTTP/1.1 200 OK"
2026-06-03 21:31:33,648 INFO PUT http://localhost:9200/_bulk?refresh=false [status:200 duration:0.025s]
2026-06-03 21:31:33,649 INFO Progress: 6120/51354 (68.9/s) — ETA 656s
2026-06-03 21:31:33,651 INFO POST http://localhost:9200/_search/scroll [status:200 duration:0.002s]
2026-06-03 21:31:33,862 INFO HTTP Request: POST https://open.bigmodel.cn/api/paas/v4/embeddings "HTTP/1.1 200 OK"
2026-06-03 21:31:33,941 INFO PUT http://localhost:9200/_bulk?refresh=false [status:200 duration:0.024s]
2026-06-03 21:31:33,941 INFO Progress: 6140/51354 (68.9/s) — ETA 656s
2026-06-03 21:31:33,943 INFO POST http://localhost:9200/_search/scroll [status:200 duration:0.002s]
2026-06-03 21:31:34,186 INFO HTTP Request: POST https://open.bigmodel.cn/api/paas/v4/embeddings "HTTP/1.1 200 OK"
2026-06-03 21:31:34,268 INFO PUT http://localhost:9200/_bulk?refresh=false [status:200 duration:0.026s]
2026-06-03 21:31:34,269 INFO Progress: 6160/51354 (68.9/s) — ETA 656s
2026-06-03 21:31:34,271 INFO POST http://localhost:9200/_search/scroll [status:200 duration:0.002s]
2026-06-03 21:31:34,482 INFO HTTP Request: POST https://open.bigmodel.cn/api/paas/v4/embeddings "HTTP/1.1 200 OK"
2026-06-03 21:31:34,564 INFO PUT http://localhost:9200/_bulk?refresh=false [status:200 duration:0.024s]
2026-06-03 21:31:34,564 INFO Progress: 6180/51354 (68.9/s) — ETA 656s
2026-06-03 21:31:34,566 INFO POST http://localhost:9200/_search/scroll [status:200 duration:0.002s]
2026-06-03 21:31:34,758 INFO HTTP Request: POST https://open.bigmodel.cn/api/paas/v4/embeddings "HTTP/1.1 200 OK"
2026-06-03 21:31:34,843 INFO PUT http://localhost:9200/_bulk?refresh=false [status:200 duration:0.035s]
2026-06-03 21:31:34,843 INFO Progress: 6200/51354 (68.9/s) — ETA 655s
2026-06-03 21:31:34,848 INFO POST http://localhost:9200/_search/scroll [status:200 duration:0.004s]
2026-06-03 21:31:35,051 INFO HTTP Request: POST https://open.bigmodel.cn/api/paas/v4/embeddings "HTTP/1.1 200 OK"
2026-06-03 21:31:35,127 INFO PUT http://localhost:9200/_bulk?refresh=false [status:200 duration:0.028s]
2026-06-03 21:31:35,127 INFO Progress: 6220/51354 (68.9/s) — ETA 655s
2026-06-03 21:31:35,132 INFO POST http://localhost:9200/_search/scroll [status:200 duration:0.004s]
2026-06-03 21:31:35,322 INFO HTTP Request: POST https://open.bigmodel.cn/api/paas/v4/embeddings "HTTP/1.1 200 OK"
2026-06-03 21:31:35,406 INFO PUT http://localhost:9200/_bulk?refresh=false [status:200 duration:0.026s]
2026-06-03 21:31:35,406 INFO Progress: 6240/51354 (68.9/s) — ETA 655s
2026-06-03 21:31:35,408 INFO POST http://localhost:9200/_search/scroll [status:200 duration:0.002s]
2026-06-03 21:31:35,615 INFO HTTP Request: POST https://open.bigmodel.cn/api/paas/v4/embeddings "HTTP/1.1 200 OK"
2026-06-03 21:31:35,701 INFO PUT http://localhost:9200/_bulk?refresh=false [status:200 duration:0.028s]
2026-06-03 21:31:35,701 INFO Progress: 6260/51354 (68.9/s) — ETA 654s
2026-06-03 21:31:35,703 INFO POST http://localhost:9200/_search/scroll [status:200 duration:0.002s]
2026-06-03 21:31:35,886 INFO HTTP Request: POST https://open.bigmodel.cn/api/paas/v4/embeddings "HTTP/1.1 200 OK"
2026-06-03 21:31:35,964 INFO PUT http://localhost:9200/_bulk?refresh=false [status:200 duration:0.026s]
2026-06-03 21:31:35,964 INFO Progress: 6280/51354 (68.9/s) — ETA 654s
2026-06-03 21:31:35,966 INFO POST http://localhost:9200/_search/scroll [status:200 duration:0.002s]
2026-06-03 21:31:36,189 INFO HTTP Request: POST https://open.bigmodel.cn/api/paas/v4/embeddings "HTTP/1.1 200 OK"
2026-06-03 21:31:36,253 INFO PUT http://localhost:9200/_bulk?refresh=false [status:200 duration:0.026s]
2026-06-03 21:31:36,253 INFO Progress: 6300/51354 (68.9/s) — ETA 654s
2026-06-03 21:31:36,255 INFO POST http://localhost:9200/_search/scroll [status:200 duration:0.002s]
2026-06-03 21:31:36,455 INFO HTTP Request: POST https://open.bigmodel.cn/api/paas/v4/embeddings "HTTP/1.1 200 OK"
2026-06-03 21:31:36,524 INFO PUT http://localhost:9200/_bulk?refresh=false [status:200 duration:0.028s]
2026-06-03 21:31:36,524 INFO Progress: 6320/51354 (69.0/s) — ETA 653s
2026-06-03 21:31:36,526 INFO POST http://localhost:9200/_search/scroll [status:200 duration:0.002s]
2026-06-03 21:31:36,697 INFO HTTP Request: POST https://open.bigmodel.cn/api/paas/v4/embeddings "HTTP/1.1 200 OK"
2026-06-03 21:31:36,759 INFO PUT http://localhost:9200/_bulk?refresh=false [status:200 duration:0.027s]
2026-06-03 21:31:36,759 INFO Progress: 6340/51354 (69.0/s) — ETA 652s
2026-06-03 21:31:36,762 INFO POST http://localhost:9200/_search/scroll [status:200 duration:0.002s]
2026-06-03 21:31:36,938 INFO HTTP Request: POST https://open.bigmodel.cn/api/paas/v4/embeddings "HTTP/1.1 200 OK"
2026-06-03 21:31:37,003 INFO PUT http://localhost:9200/_bulk?refresh=false [status:200 duration:0.029s]
2026-06-03 21:31:37,003 INFO Progress: 6360/51354 (69.0/s) — ETA 652s
2026-06-03 21:31:37,005 INFO POST http://localhost:9200/_search/scroll [status:200 duration:0.002s]
2026-06-03 21:31:37,196 INFO HTTP Request: POST https://open.bigmodel.cn/api/paas/v4/embeddings "HTTP/1.1 200 OK"
2026-06-03 21:31:37,260 INFO PUT http://localhost:9200/_bulk?refresh=false [status:200 duration:0.026s]
2026-06-03 21:31:37,260 INFO Progress: 6380/51354 (69.1/s) — ETA 651s
2026-06-03 21:31:37,262 INFO POST http://localhost:9200/_search/scroll [status:200 duration:0.002s]
2026-06-03 21:31:37,429 INFO HTTP Request: POST https://open.bigmodel.cn/api/paas/v4/embeddings "HTTP/1.1 200 OK"
2026-06-03 21:31:37,493 INFO PUT http://localhost:9200/_bulk?refresh=false [status:200 duration:0.026s]
2026-06-03 21:31:37,494 INFO Progress: 6400/51354 (69.1/s) — ETA 651s
2026-06-03 21:31:37,496 INFO POST http://localhost:9200/_search/scroll [status:200 duration:0.002s]
2026-06-03 21:31:37,671 INFO HTTP Request: POST https://open.bigmodel.cn/api/paas/v4/embeddings "HTTP/1.1 200 OK"
2026-06-03 21:31:37,749 INFO PUT http://localhost:9200/_bulk?refresh=false [status:200 duration:0.025s]
2026-06-03 21:31:37,750 INFO Progress: 6420/51354 (69.1/s) — ETA 650s
2026-06-03 21:31:37,752 INFO POST http://localhost:9200/_search/scroll [status:200 duration:0.002s]
2026-06-03 21:31:37,905 INFO HTTP Request: POST https://open.bigmodel.cn/api/paas/v4/embeddings "HTTP/1.1 200 OK"
2026-06-03 21:31:37,981 INFO PUT http://localhost:9200/_bulk?refresh=false [status:200 duration:0.026s]
2026-06-03 21:31:37,982 INFO Progress: 6440/51354 (69.2/s) — ETA 649s
2026-06-03 21:31:37,984 INFO POST http://localhost:9200/_search/scroll [status:200 duration:0.002s]
2026-06-03 21:31:38,152 INFO HTTP Request: POST https://open.bigmodel.cn/api/paas/v4/embeddings "HTTP/1.1 200 OK"
2026-06-03 21:31:38,223 INFO PUT http://localhost:9200/_bulk?refresh=false [status:200 duration:0.024s]
2026-06-03 21:31:38,223 INFO Progress: 6460/51354 (69.2/s) — ETA 649s
2026-06-03 21:31:38,225 INFO POST http://localhost:9200/_search/scroll [status:200 duration:0.002s]
2026-06-03 21:31:38,396 INFO HTTP Request: POST https://open.bigmodel.cn/api/paas/v4/embeddings "HTTP/1.1 200 OK"
2026-06-03 21:31:38,464 INFO PUT http://localhost:9200/_bulk?refresh=false [status:200 duration:0.033s]
2026-06-03 21:31:38,464 INFO Progress: 6480/51354 (69.2/s) — ETA 648s
2026-06-03 21:31:38,466 INFO POST http://localhost:9200/_search/scroll [status:200 duration:0.002s]
2026-06-03 21:31:38,659 INFO HTTP Request: POST https://open.bigmodel.cn/api/paas/v4/embeddings "HTTP/1.1 200 OK"
2026-06-03 21:31:38,751 INFO PUT http://localhost:9200/_bulk?refresh=false [status:200 duration:0.028s]
2026-06-03 21:31:38,751 INFO Progress: 6500/51354 (69.2/s) — ETA 648s
2026-06-03 21:31:38,754 INFO POST http://localhost:9200/_search/scroll [status:200 duration:0.002s]
2026-06-03 21:31:38,945 INFO HTTP Request: POST https://open.bigmodel.cn/api/paas/v4/embeddings "HTTP/1.1 200 OK"
2026-06-03 21:31:39,029 INFO PUT http://localhost:9200/_bulk?refresh=false [status:200 duration:0.025s]
2026-06-03 21:31:39,029 INFO Progress: 6520/51354 (69.2/s) — ETA 648s
2026-06-03 21:31:39,031 INFO POST http://localhost:9200/_search/scroll [status:200 duration:0.002s]
2026-06-03 21:31:39,264 INFO HTTP Request: POST https://open.bigmodel.cn/api/paas/v4/embeddings "HTTP/1.1 200 OK"
2026-06-03 21:31:39,340 INFO PUT http://localhost:9200/_bulk?refresh=false [status:200 duration:0.030s]
2026-06-03 21:31:39,340 INFO Progress: 6540/51354 (69.2/s) — ETA 647s
2026-06-03 21:31:39,342 INFO POST http://localhost:9200/_search/scroll [status:200 duration:0.002s]
2026-06-03 21:31:39,557 INFO HTTP Request: POST https://open.bigmodel.cn/api/paas/v4/embeddings "HTTP/1.1 200 OK"
2026-06-03 21:31:39,638 INFO PUT http://localhost:9200/_bulk?refresh=false [status:200 duration:0.025s]
2026-06-03 21:31:39,638 INFO Progress: 6560/51354 (69.2/s) — ETA 647s
2026-06-03 21:31:39,641 INFO POST http://localhost:9200/_search/scroll [status:200 duration:0.002s]
2026-06-03 21:31:39,809 INFO HTTP Request: POST https://open.bigmodel.cn/api/paas/v4/embeddings "HTTP/1.1 200 OK"
2026-06-03 21:31:39,893 INFO PUT http://localhost:9200/_bulk?refresh=false [status:200 duration:0.026s]
2026-06-03 21:31:39,894 INFO Progress: 6580/51354 (69.2/s) — ETA 647s
2026-06-03 21:31:39,896 INFO POST http://localhost:9200/_search/scroll [status:200 duration:0.002s]
2026-06-03 21:31:40,069 INFO HTTP Request: POST https://open.bigmodel.cn/api/paas/v4/embeddings "HTTP/1.1 200 OK"
2026-06-03 21:31:40,131 INFO PUT http://localhost:9200/_bulk?refresh=false [status:200 duration:0.027s]
2026-06-03 21:31:40,132 INFO Progress: 6600/51354 (69.3/s) — ETA 646s
2026-06-03 21:31:40,134 INFO POST http://localhost:9200/_search/scroll [status:200 duration:0.002s]
2026-06-03 21:31:40,334 INFO HTTP Request: POST https://open.bigmodel.cn/api/paas/v4/embeddings "HTTP/1.1 200 OK"
2026-06-03 21:31:40,417 INFO PUT http://localhost:9200/_bulk?refresh=false [status:200 duration:0.027s]
2026-06-03 21:31:40,417 INFO Progress: 6620/51354 (69.3/s) — ETA 646s
2026-06-03 21:31:40,419 INFO POST http://localhost:9200/_search/scroll [status:200 duration:0.002s]
2026-06-03 21:31:40,618 INFO HTTP Request: POST https://open.bigmodel.cn/api/paas/v4/embeddings "HTTP/1.1 200 OK"
2026-06-03 21:31:40,684 INFO PUT http://localhost:9200/_bulk?refresh=false [status:200 duration:0.028s]
2026-06-03 21:31:40,685 INFO Progress: 6640/51354 (69.3/s) — ETA 645s
2026-06-03 21:31:40,687 INFO POST http://localhost:9200/_search/scroll [status:200 duration:0.002s]
2026-06-03 21:31:40,865 INFO HTTP Request: POST https://open.bigmodel.cn/api/paas/v4/embeddings "HTTP/1.1 200 OK"
2026-06-03 21:31:40,948 INFO PUT http://localhost:9200/_bulk?refresh=false [status:200 duration:0.026s]
2026-06-03 21:31:40,948 INFO Progress: 6660/51354 (69.3/s) — ETA 645s
2026-06-03 21:31:40,951 INFO POST http://localhost:9200/_search/scroll [status:200 duration:0.002s]
2026-06-03 21:31:41,115 INFO HTTP Request: POST https://open.bigmodel.cn/api/paas/v4/embeddings "HTTP/1.1 200 OK"
2026-06-03 21:31:41,197 INFO PUT http://localhost:9200/_bulk?refresh=false [status:200 duration:0.025s]
2026-06-03 21:31:41,198 INFO Progress: 6680/51354 (69.3/s) — ETA 644s
2026-06-03 21:31:41,200 INFO POST http://localhost:9200/_search/scroll [status:200 duration:0.002s]
2026-06-03 21:31:41,387 INFO HTTP Request: POST https://open.bigmodel.cn/api/paas/v4/embeddings "HTTP/1.1 200 OK"
2026-06-03 21:31:41,462 INFO PUT http://localhost:9200/_bulk?refresh=false [status:200 duration:0.026s]
2026-06-03 21:31:41,463 INFO Progress: 6700/51354 (69.4/s) — ETA 644s
2026-06-03 21:31:41,465 INFO POST http://localhost:9200/_search/scroll [status:200 duration:0.002s]
2026-06-03 21:31:41,669 INFO HTTP Request: POST https://open.bigmodel.cn/api/paas/v4/embeddings "HTTP/1.1 200 OK"
2026-06-03 21:31:41,743 INFO PUT http://localhost:9200/_bulk?refresh=false [status:200 duration:0.031s]
2026-06-03 21:31:41,743 INFO Progress: 6720/51354 (69.4/s) — ETA 643s
2026-06-03 21:31:41,746 INFO POST http://localhost:9200/_search/scroll [status:200 duration:0.002s]
2026-06-03 21:31:41,968 INFO HTTP Request: POST https://open.bigmodel.cn/api/paas/v4/embeddings "HTTP/1.1 200 OK"
2026-06-03 21:31:42,042 INFO PUT http://localhost:9200/_bulk?refresh=false [status:200 duration:0.025s]
2026-06-03 21:31:42,042 INFO Progress: 6740/51354 (69.4/s) — ETA 643s
2026-06-03 21:31:42,045 INFO POST http://localhost:9200/_search/scroll [status:200 duration:0.002s]
2026-06-03 21:31:42,223 INFO HTTP Request: POST https://open.bigmodel.cn/api/paas/v4/embeddings "HTTP/1.1 200 OK"
2026-06-03 21:31:42,303 INFO PUT http://localhost:9200/_bulk?refresh=false [status:200 duration:0.025s]
2026-06-03 21:31:42,303 INFO Progress: 6760/51354 (69.4/s) — ETA 643s
2026-06-03 21:31:42,305 INFO POST http://localhost:9200/_search/scroll [status:200 duration:0.002s]
2026-06-03 21:31:42,498 INFO HTTP Request: POST https://open.bigmodel.cn/api/paas/v4/embeddings "HTTP/1.1 200 OK"
2026-06-03 21:31:42,568 INFO PUT http://localhost:9200/_bulk?refresh=false [status:200 duration:0.029s]
2026-06-03 21:31:42,568 INFO Progress: 6780/51354 (69.4/s) — ETA 642s
2026-06-03 21:31:42,570 INFO POST http://localhost:9200/_search/scroll [status:200 duration:0.002s]
2026-06-03 21:31:42,760 INFO HTTP Request: POST https://open.bigmodel.cn/api/paas/v4/embeddings "HTTP/1.1 200 OK"
2026-06-03 21:31:42,839 INFO PUT http://localhost:9200/_bulk?refresh=false [status:200 duration:0.027s]
2026-06-03 21:31:42,839 INFO Progress: 6800/51354 (69.4/s) — ETA 642s
2026-06-03 21:31:42,841 INFO POST http://localhost:9200/_search/scroll [status:200 duration:0.002s]
2026-06-03 21:31:43,042 INFO HTTP Request: POST https://open.bigmodel.cn/api/paas/v4/embeddings "HTTP/1.1 200 OK"
2026-06-03 21:31:43,125 INFO PUT http://localhost:9200/_bulk?refresh=false [status:200 duration:0.026s]
2026-06-03 21:31:43,125 INFO Progress: 6820/51354 (69.4/s) — ETA 642s
2026-06-03 21:31:43,128 INFO POST http://localhost:9200/_search/scroll [status:200 duration:0.002s]
2026-06-03 21:31:43,290 INFO HTTP Request: POST https://open.bigmodel.cn/api/paas/v4/embeddings "HTTP/1.1 200 OK"
2026-06-03 21:31:43,375 INFO PUT http://localhost:9200/_bulk?refresh=false [status:200 duration:0.027s]
2026-06-03 21:31:43,375 INFO Progress: 6840/51354 (69.4/s) — ETA 641s
2026-06-03 21:31:43,378 INFO POST http://localhost:9200/_search/scroll [status:200 duration:0.002s]
2026-06-03 21:31:43,597 INFO HTTP Request: POST https://open.bigmodel.cn/api/paas/v4/embeddings "HTTP/1.1 200 OK"
2026-06-03 21:31:43,675 INFO PUT http://localhost:9200/_bulk?refresh=false [status:200 duration:0.026s]
2026-06-03 21:31:43,675 INFO Progress: 6860/51354 (69.4/s) — ETA 641s
2026-06-03 21:31:43,678 INFO POST http://localhost:9200/_search/scroll [status:200 duration:0.002s]
2026-06-03 21:31:43,904 INFO HTTP Request: POST https://open.bigmodel.cn/api/paas/v4/embeddings "HTTP/1.1 200 OK"
2026-06-03 21:31:43,997 INFO PUT http://localhost:9200/_bulk?refresh=false [status:200 duration:0.035s]
2026-06-03 21:31:43,997 INFO Progress: 6880/51354 (69.4/s) — ETA 641s
2026-06-03 21:31:44,002 INFO POST http://localhost:9200/_search/scroll [status:200 duration:0.005s]
2026-06-03 21:31:44,173 INFO HTTP Request: POST https://open.bigmodel.cn/api/paas/v4/embeddings "HTTP/1.1 200 OK"
2026-06-03 21:31:44,246 INFO PUT http://localhost:9200/_bulk?refresh=false [status:200 duration:0.031s]
2026-06-03 21:31:44,246 INFO Progress: 6900/51354 (69.4/s) — ETA 640s
2026-06-03 21:31:44,250 INFO POST http://localhost:9200/_search/scroll [status:200 duration:0.004s]
2026-06-03 21:31:44,464 INFO HTTP Request: POST https://open.bigmodel.cn/api/paas/v4/embeddings "HTTP/1.1 200 OK"
2026-06-03 21:31:44,547 INFO PUT http://localhost:9200/_bulk?refresh=false [status:200 duration:0.025s]
2026-06-03 21:31:44,547 INFO Progress: 6920/51354 (69.4/s) — ETA 640s
2026-06-03 21:31:44,549 INFO POST http://localhost:9200/_search/scroll [status:200 duration:0.002s]
2026-06-03 21:31:44,745 INFO HTTP Request: POST https://open.bigmodel.cn/api/paas/v4/embeddings "HTTP/1.1 200 OK"
2026-06-03 21:31:44,825 INFO PUT http://localhost:9200/_bulk?refresh=false [status:200 duration:0.025s]
2026-06-03 21:31:44,825 INFO Progress: 6940/51354 (69.4/s) — ETA 640s
2026-06-03 21:31:44,827 INFO POST http://localhost:9200/_search/scroll [status:200 duration:0.002s]
2026-06-03 21:31:45,029 INFO HTTP Request: POST https://open.bigmodel.cn/api/paas/v4/embeddings "HTTP/1.1 200 OK"
2026-06-03 21:31:45,100 INFO PUT http://localhost:9200/_bulk?refresh=false [status:200 duration:0.026s]
2026-06-03 21:31:45,100 INFO Progress: 6960/51354 (69.4/s) — ETA 639s
2026-06-03 21:31:45,102 INFO POST http://localhost:9200/_search/scroll [status:200 duration:0.002s]
2026-06-03 21:31:45,337 INFO HTTP Request: POST https://open.bigmodel.cn/api/paas/v4/embeddings "HTTP/1.1 200 OK"
2026-06-03 21:31:45,400 INFO PUT http://localhost:9200/_bulk?refresh=false [status:200 duration:0.027s]
2026-06-03 21:31:45,400 INFO Progress: 6980/51354 (69.4/s) — ETA 639s
2026-06-03 21:31:45,402 INFO POST http://localhost:9200/_search/scroll [status:200 duration:0.002s]
2026-06-03 21:31:45,627 INFO HTTP Request: POST https://open.bigmodel.cn/api/paas/v4/embeddings "HTTP/1.1 200 OK"
2026-06-03 21:31:45,717 INFO PUT http://localhost:9200/_bulk?refresh=false [status:200 duration:0.031s]
2026-06-03 21:31:45,717 INFO Progress: 7000/51354 (69.4/s) — ETA 639s
2026-06-03 21:31:45,719 INFO POST http://localhost:9200/_search/scroll [status:200 duration:0.002s]
2026-06-03 21:31:45,921 INFO HTTP Request: POST https://open.bigmodel.cn/api/paas/v4/embeddings "HTTP/1.1 200 OK"
2026-06-03 21:31:45,997 INFO PUT http://localhost:9200/_bulk?refresh=false [status:200 duration:0.028s]
2026-06-03 21:31:45,997 INFO Progress: 7020/51354 (69.4/s) — ETA 639s
2026-06-03 21:31:45,999 INFO POST http://localhost:9200/_search/scroll [status:200 duration:0.002s]
2026-06-03 21:31:46,201 INFO HTTP Request: POST https://open.bigmodel.cn/api/paas/v4/embeddings "HTTP/1.1 200 OK"
2026-06-03 21:31:46,283 INFO PUT http://localhost:9200/_bulk?refresh=false [status:200 duration:0.025s]
2026-06-03 21:31:46,283 INFO Progress: 7040/51354 (69.4/s) — ETA 638s
2026-06-03 21:31:46,286 INFO POST http://localhost:9200/_search/scroll [status:200 duration:0.002s]
2026-06-03 21:31:46,454 INFO HTTP Request: POST https://open.bigmodel.cn/api/paas/v4/embeddings "HTTP/1.1 200 OK"
2026-06-03 21:31:46,539 INFO PUT http://localhost:9200/_bulk?refresh=false [status:200 duration:0.028s]
2026-06-03 21:31:46,539 INFO Progress: 7060/51354 (69.4/s) — ETA 638s
2026-06-03 21:31:46,541 INFO POST http://localhost:9200/_search/scroll [status:200 duration:0.002s]
2026-06-03 21:31:46,752 INFO HTTP Request: POST https://open.bigmodel.cn/api/paas/v4/embeddings "HTTP/1.1 200 OK"
2026-06-03 21:31:46,824 INFO PUT http://localhost:9200/_bulk?refresh=false [status:200 duration:0.026s]
2026-06-03 21:31:46,825 INFO Progress: 7080/51354 (69.4/s) — ETA 638s
2026-06-03 21:31:46,827 INFO POST http://localhost:9200/_search/scroll [status:200 duration:0.002s]
2026-06-03 21:31:47,041 INFO HTTP Request: POST https://open.bigmodel.cn/api/paas/v4/embeddings "HTTP/1.1 200 OK"
2026-06-03 21:31:47,118 INFO PUT http://localhost:9200/_bulk?refresh=false [status:200 duration:0.026s]
2026-06-03 21:31:47,119 INFO Progress: 7100/51354 (69.4/s) — ETA 637s
2026-06-03 21:31:47,121 INFO POST http://localhost:9200/_search/scroll [status:200 duration:0.002s]
2026-06-03 21:31:47,312 INFO HTTP Request: POST https://open.bigmodel.cn/api/paas/v4/embeddings "HTTP/1.1 200 OK"
2026-06-03 21:31:47,400 INFO PUT http://localhost:9200/_bulk?refresh=false [status:200 duration:0.028s]
2026-06-03 21:31:47,401 INFO Progress: 7120/51354 (69.4/s) — ETA 637s
2026-06-03 21:31:47,403 INFO POST http://localhost:9200/_search/scroll [status:200 duration:0.002s]
2026-06-03 21:31:47,589 INFO HTTP Request: POST https://open.bigmodel.cn/api/paas/v4/embeddings "HTTP/1.1 200 OK"
2026-06-03 21:31:47,671 INFO PUT http://localhost:9200/_bulk?refresh=false [status:200 duration:0.027s]
2026-06-03 21:31:47,671 INFO Progress: 7140/51354 (69.5/s) — ETA 637s
2026-06-03 21:31:47,673 INFO POST http://localhost:9200/_search/scroll [status:200 duration:0.002s]
2026-06-03 21:31:47,840 INFO HTTP Request: POST https://open.bigmodel.cn/api/paas/v4/embeddings "HTTP/1.1 200 OK"
2026-06-03 21:31:47,921 INFO PUT http://localhost:9200/_bulk?refresh=false [status:200 duration:0.029s]
2026-06-03 21:31:47,921 INFO Progress: 7160/51354 (69.5/s) — ETA 636s
2026-06-03 21:31:47,924 INFO POST http://localhost:9200/_search/scroll [status:200 duration:0.002s]
2026-06-03 21:31:48,143 INFO HTTP Request: POST https://open.bigmodel.cn/api/paas/v4/embeddings "HTTP/1.1 200 OK"
2026-06-03 21:31:48,214 INFO PUT http://localhost:9200/_bulk?refresh=false [status:200 duration:0.027s]
2026-06-03 21:31:48,215 INFO Progress: 7180/51354 (69.5/s) — ETA 636s
2026-06-03 21:31:48,217 INFO POST http://localhost:9200/_search/scroll [status:200 duration:0.002s]
2026-06-03 21:31:48,414 INFO HTTP Request: POST https://open.bigmodel.cn/api/paas/v4/embeddings "HTTP/1.1 200 OK"
2026-06-03 21:31:48,476 INFO PUT http://localhost:9200/_bulk?refresh=false [status:200 duration:0.025s]
2026-06-03 21:31:48,476 INFO Progress: 7200/51354 (69.5/s) — ETA 635s
2026-06-03 21:31:48,478 INFO POST http://localhost:9200/_search/scroll [status:200 duration:0.002s]
2026-06-03 21:31:48,726 INFO HTTP Request: POST https://open.bigmodel.cn/api/paas/v4/embeddings "HTTP/1.1 200 OK"
2026-06-03 21:31:48,818 INFO PUT http://localhost:9200/_bulk?refresh=false [status:200 duration:0.031s]
2026-06-03 21:31:48,818 INFO Progress: 7220/51354 (69.5/s) — ETA 635s
2026-06-03 21:31:48,821 INFO POST http://localhost:9200/_search/scroll [status:200 duration:0.002s]
2026-06-03 21:31:48,992 INFO HTTP Request: POST https://open.bigmodel.cn/api/paas/v4/embeddings "HTTP/1.1 200 OK"
2026-06-03 21:31:49,074 INFO PUT http://localhost:9200/_bulk?refresh=false [status:200 duration:0.028s]
2026-06-03 21:31:49,074 INFO Progress: 7240/51354 (69.5/s) — ETA 635s
2026-06-03 21:31:49,077 INFO POST http://localhost:9200/_search/scroll [status:200 duration:0.002s]
2026-06-03 21:31:49,238 INFO HTTP Request: POST https://open.bigmodel.cn/api/paas/v4/embeddings "HTTP/1.1 200 OK"
2026-06-03 21:31:49,316 INFO PUT http://localhost:9200/_bulk?refresh=false [status:200 duration:0.026s]
2026-06-03 21:31:49,316 INFO Progress: 7260/51354 (69.5/s) — ETA 634s
2026-06-03 21:31:49,318 INFO POST http://localhost:9200/_search/scroll [status:200 duration:0.002s]
2026-06-03 21:31:49,519 INFO HTTP Request: POST https://open.bigmodel.cn/api/paas/v4/embeddings "HTTP/1.1 200 OK"
2026-06-03 21:31:49,604 INFO PUT http://localhost:9200/_bulk?refresh=false [status:200 duration:0.028s]
2026-06-03 21:31:49,605 INFO Progress: 7280/51354 (69.5/s) — ETA 634s
2026-06-03 21:31:49,607 INFO POST http://localhost:9200/_search/scroll [status:200 duration:0.002s]
2026-06-03 21:31:49,814 INFO HTTP Request: POST https://open.bigmodel.cn/api/paas/v4/embeddings "HTTP/1.1 200 OK"
2026-06-03 21:31:49,898 INFO PUT http://localhost:9200/_bulk?refresh=false [status:200 duration:0.029s]
2026-06-03 21:31:49,898 INFO Progress: 7300/51354 (69.5/s) — ETA 634s
2026-06-03 21:31:49,901 INFO POST http://localhost:9200/_search/scroll [status:200 duration:0.002s]
2026-06-03 21:31:50,152 INFO HTTP Request: POST https://open.bigmodel.cn/api/paas/v4/embeddings "HTTP/1.1 200 OK"
2026-06-03 21:31:50,240 INFO PUT http://localhost:9200/_bulk?refresh=false [status:200 duration:0.030s]
2026-06-03 21:31:50,240 INFO Progress: 7320/51354 (69.5/s) — ETA 634s
2026-06-03 21:31:50,243 INFO POST http://localhost:9200/_search/scroll [status:200 duration:0.002s]
2026-06-03 21:31:50,446 INFO HTTP Request: POST https://open.bigmodel.cn/api/paas/v4/embeddings "HTTP/1.1 200 OK"
2026-06-03 21:31:50,534 INFO PUT http://localhost:9200/_bulk?refresh=false [status:200 duration:0.028s]
2026-06-03 21:31:50,534 INFO Progress: 7340/51354 (69.5/s) — ETA 634s
2026-06-03 21:31:50,536 INFO POST http://localhost:9200/_search/scroll [status:200 duration:0.002s]
2026-06-03 21:31:50,708 INFO HTTP Request: POST https://open.bigmodel.cn/api/paas/v4/embeddings "HTTP/1.1 200 OK"
2026-06-03 21:31:50,789 INFO PUT http://localhost:9200/_bulk?refresh=false [status:200 duration:0.025s]
2026-06-03 21:31:50,789 INFO Progress: 7360/51354 (69.5/s) — ETA 633s
2026-06-03 21:31:50,791 INFO POST http://localhost:9200/_search/scroll [status:200 duration:0.002s]
2026-06-03 21:31:50,994 INFO HTTP Request: POST https://open.bigmodel.cn/api/paas/v4/embeddings "HTTP/1.1 200 OK"
2026-06-03 21:31:51,077 INFO PUT http://localhost:9200/_bulk?refresh=false [status:200 duration:0.029s]
2026-06-03 21:31:51,077 INFO Progress: 7380/51354 (69.5/s) — ETA 633s
2026-06-03 21:31:51,080 INFO POST http://localhost:9200/_search/scroll [status:200 duration:0.002s]
2026-06-03 21:31:51,278 INFO HTTP Request: POST https://open.bigmodel.cn/api/paas/v4/embeddings "HTTP/1.1 200 OK"
2026-06-03 21:31:51,348 INFO PUT http://localhost:9200/_bulk?refresh=false [status:200 duration:0.026s]
2026-06-03 21:31:51,348 INFO Progress: 7400/51354 (69.5/s) — ETA 632s
2026-06-03 21:31:51,350 INFO POST http://localhost:9200/_search/scroll [status:200 duration:0.002s]
2026-06-03 21:31:51,628 INFO HTTP Request: POST https://open.bigmodel.cn/api/paas/v4/embeddings "HTTP/1.1 200 OK"
2026-06-03 21:31:51,704 INFO PUT http://localhost:9200/_bulk?refresh=false [status:200 duration:0.027s]
2026-06-03 21:31:51,704 INFO Progress: 7420/51354 (69.4/s) — ETA 633s
2026-06-03 21:31:51,706 INFO POST http://localhost:9200/_search/scroll [status:200 duration:0.002s]
2026-06-03 21:31:51,961 INFO HTTP Request: POST https://open.bigmodel.cn/api/paas/v4/embeddings "HTTP/1.1 200 OK"
2026-06-03 21:31:52,420 INFO PUT http://localhost:9200/_bulk?refresh=false [status:200 duration:0.407s]
2026-06-03 21:31:52,420 INFO Progress: 7440/51354 (69.2/s) — ETA 635s
2026-06-03 21:31:52,423 INFO POST http://localhost:9200/_search/scroll [status:200 duration:0.002s]
2026-06-03 21:31:52,649 INFO HTTP Request: POST https://open.bigmodel.cn/api/paas/v4/embeddings "HTTP/1.1 200 OK"
2026-06-03 21:31:52,712 INFO PUT http://localhost:9200/_bulk?refresh=false [status:200 duration:0.027s]
2026-06-03 21:31:52,712 INFO Progress: 7460/51354 (69.2/s) — ETA 635s
2026-06-03 21:31:52,715 INFO POST http://localhost:9200/_search/scroll [status:200 duration:0.002s]
2026-06-03 21:31:52,929 INFO HTTP Request: POST https://open.bigmodel.cn/api/paas/v4/embeddings "HTTP/1.1 200 OK"
2026-06-03 21:31:53,018 INFO PUT http://localhost:9200/_bulk?refresh=false [status:200 duration:0.028s]
2026-06-03 21:31:53,018 INFO Progress: 7480/51354 (69.2/s) — ETA 634s
2026-06-03 21:31:53,020 INFO POST http://localhost:9200/_search/scroll [status:200 duration:0.002s]
2026-06-03 21:31:53,245 INFO HTTP Request: POST https://open.bigmodel.cn/api/paas/v4/embeddings "HTTP/1.1 200 OK"
2026-06-03 21:31:53,332 INFO PUT http://localhost:9200/_bulk?refresh=false [status:200 duration:0.026s]
2026-06-03 21:31:53,332 INFO Progress: 7500/51354 (69.1/s) — ETA 634s
2026-06-03 21:31:53,334 INFO POST http://localhost:9200/_search/scroll [status:200 duration:0.002s]
2026-06-03 21:31:53,533 INFO HTTP Request: POST https://open.bigmodel.cn/api/paas/v4/embeddings "HTTP/1.1 200 OK"
2026-06-03 21:31:53,622 INFO PUT http://localhost:9200/_bulk?refresh=false [status:200 duration:0.030s]
2026-06-03 21:31:53,622 INFO Progress: 7520/51354 (69.1/s) — ETA 634s
2026-06-03 21:31:53,624 INFO POST http://localhost:9200/_search/scroll [status:200 duration:0.002s]
2026-06-03 21:31:53,856 INFO HTTP Request: POST https://open.bigmodel.cn/api/paas/v4/embeddings "HTTP/1.1 200 OK"
2026-06-03 21:31:53,936 INFO PUT http://localhost:9200/_bulk?refresh=false [status:200 duration:0.025s]
2026-06-03 21:31:53,936 INFO Progress: 7540/51354 (69.1/s) — ETA 634s
2026-06-03 21:31:53,939 INFO POST http://localhost:9200/_search/scroll [status:200 duration:0.002s]
2026-06-03 21:31:54,199 INFO HTTP Request: POST https://open.bigmodel.cn/api/paas/v4/embeddings "HTTP/1.1 200 OK"
2026-06-03 21:31:54,269 INFO PUT http://localhost:9200/_bulk?refresh=false [status:200 duration:0.034s]
2026-06-03 21:31:54,270 INFO Progress: 7560/51354 (69.1/s) — ETA 634s
2026-06-03 21:31:54,275 INFO POST http://localhost:9200/_search/scroll [status:200 duration:0.005s]
2026-06-03 21:31:54,468 INFO HTTP Request: POST https://open.bigmodel.cn/api/paas/v4/embeddings "HTTP/1.1 200 OK"
2026-06-03 21:31:54,549 INFO PUT http://localhost:9200/_bulk?refresh=false [status:200 duration:0.028s]
2026-06-03 21:31:54,549 INFO Progress: 7580/51354 (69.1/s) — ETA 633s
2026-06-03 21:31:54,553 INFO POST http://localhost:9200/_search/scroll [status:200 duration:0.004s]
2026-06-03 21:31:54,763 INFO HTTP Request: POST https://open.bigmodel.cn/api/paas/v4/embeddings "HTTP/1.1 200 OK"
2026-06-03 21:31:54,843 INFO PUT http://localhost:9200/_bulk?refresh=false [status:200 duration:0.024s]
2026-06-03 21:31:54,844 INFO Progress: 7600/51354 (69.1/s) — ETA 633s
2026-06-03 21:31:54,846 INFO POST http://localhost:9200/_search/scroll [status:200 duration:0.002s]
2026-06-03 21:31:55,058 INFO HTTP Request: POST https://open.bigmodel.cn/api/paas/v4/embeddings "HTTP/1.1 200 OK"
2026-06-03 21:31:55,120 INFO PUT http://localhost:9200/_bulk?refresh=false [status:200 duration:0.026s]
2026-06-03 21:31:55,120 INFO Progress: 7620/51354 (69.1/s) — ETA 633s
2026-06-03 21:31:55,123 INFO POST http://localhost:9200/_search/scroll [status:200 duration:0.002s]
2026-06-03 21:31:55,409 INFO HTTP Request: POST https://open.bigmodel.cn/api/paas/v4/embeddings "HTTP/1.1 200 OK"
2026-06-03 21:31:55,492 INFO PUT http://localhost:9200/_bulk?refresh=false [status:200 duration:0.025s]
2026-06-03 21:31:55,493 INFO Progress: 7640/51354 (69.1/s) — ETA 633s
2026-06-03 21:31:55,495 INFO POST http://localhost:9200/_search/scroll [status:200 duration:0.002s]
2026-06-03 21:31:55,697 INFO HTTP Request: POST https://open.bigmodel.cn/api/paas/v4/embeddings "HTTP/1.1 200 OK"
2026-06-03 21:31:55,781 INFO PUT http://localhost:9200/_bulk?refresh=false [status:200 duration:0.026s]
2026-06-03 21:31:55,782 INFO Progress: 7660/51354 (69.1/s) — ETA 633s
2026-06-03 21:31:55,784 INFO POST http://localhost:9200/_search/scroll [status:200 duration:0.002s]
2026-06-03 21:31:56,000 INFO HTTP Request: POST https://open.bigmodel.cn/api/paas/v4/embeddings "HTTP/1.1 200 OK"
2026-06-03 21:31:56,081 INFO PUT http://localhost:9200/_bulk?refresh=false [status:200 duration:0.027s]
2026-06-03 21:31:56,081 INFO Progress: 7680/51354 (69.1/s) — ETA 632s
2026-06-03 21:31:56,083 INFO POST http://localhost:9200/_search/scroll [status:200 duration:0.002s]
2026-06-03 21:31:56,283 INFO HTTP Request: POST https://open.bigmodel.cn/api/paas/v4/embeddings "HTTP/1.1 200 OK"
2026-06-03 21:31:56,365 INFO PUT http://localhost:9200/_bulk?refresh=false [status:200 duration:0.025s]
2026-06-03 21:31:56,365 INFO Progress: 7700/51354 (69.1/s) — ETA 632s
2026-06-03 21:31:56,367 INFO POST http://localhost:9200/_search/scroll [status:200 duration:0.002s]
2026-06-03 21:31:56,563 INFO HTTP Request: POST https://open.bigmodel.cn/api/paas/v4/embeddings "HTTP/1.1 200 OK"
2026-06-03 21:31:56,647 INFO PUT http://localhost:9200/_bulk?refresh=false [status:200 duration:0.026s]
2026-06-03 21:31:56,647 INFO Progress: 7720/51354 (69.1/s) — ETA 632s
2026-06-03 21:31:56,649 INFO POST http://localhost:9200/_search/scroll [status:200 duration:0.002s]
2026-06-03 21:31:56,884 INFO HTTP Request: POST https://open.bigmodel.cn/api/paas/v4/embeddings "HTTP/1.1 200 OK"
2026-06-03 21:31:56,957 INFO PUT http://localhost:9200/_bulk?refresh=false [status:200 duration:0.024s]
2026-06-03 21:31:56,957 INFO Progress: 7740/51354 (69.0/s) — ETA 632s
2026-06-03 21:31:56,959 INFO POST http://localhost:9200/_search/scroll [status:200 duration:0.002s]
2026-06-03 21:31:57,194 INFO HTTP Request: POST https://open.bigmodel.cn/api/paas/v4/embeddings "HTTP/1.1 200 OK"
2026-06-03 21:31:57,279 INFO PUT http://localhost:9200/_bulk?refresh=false [status:200 duration:0.026s]
2026-06-03 21:31:57,279 INFO Progress: 7760/51354 (69.0/s) — ETA 632s
2026-06-03 21:31:57,282 INFO POST http://localhost:9200/_search/scroll [status:200 duration:0.002s]
2026-06-03 21:31:57,491 INFO HTTP Request: POST https://open.bigmodel.cn/api/paas/v4/embeddings "HTTP/1.1 200 OK"
2026-06-03 21:31:57,550 INFO PUT http://localhost:9200/_bulk?refresh=false [status:200 duration:0.025s]
2026-06-03 21:31:57,551 INFO Progress: 7780/51354 (69.0/s) — ETA 631s
2026-06-03 21:31:57,554 INFO POST http://localhost:9200/_search/scroll [status:200 duration:0.003s]
2026-06-03 21:31:57,739 INFO HTTP Request: POST https://open.bigmodel.cn/api/paas/v4/embeddings "HTTP/1.1 200 OK"
2026-06-03 21:31:57,828 INFO PUT http://localhost:9200/_bulk?refresh=false [status:200 duration:0.026s]
2026-06-03 21:31:57,828 INFO Progress: 7800/51354 (69.0/s) — ETA 631s
2026-06-03 21:31:57,830 INFO POST http://localhost:9200/_search/scroll [status:200 duration:0.002s]
2026-06-03 21:31:58,081 INFO HTTP Request: POST https://open.bigmodel.cn/api/paas/v4/embeddings "HTTP/1.1 200 OK"
2026-06-03 21:31:58,171 INFO PUT http://localhost:9200/_bulk?refresh=false [status:200 duration:0.032s]
2026-06-03 21:31:58,171 INFO Progress: 7820/51354 (69.0/s) — ETA 631s
2026-06-03 21:31:58,173 INFO POST http://localhost:9200/_search/scroll [status:200 duration:0.002s]
2026-06-03 21:31:58,918 INFO HTTP Request: POST https://open.bigmodel.cn/api/paas/v4/embeddings "HTTP/1.1 200 OK"
2026-06-03 21:31:58,983 INFO PUT http://localhost:9200/_bulk?refresh=false [status:200 duration:0.029s]
2026-06-03 21:31:58,983 INFO Progress: 7840/51354 (68.7/s) — ETA 633s
2026-06-03 21:31:58,985 INFO POST http://localhost:9200/_search/scroll [status:200 duration:0.002s]
2026-06-03 21:31:59,559 INFO HTTP Request: POST https://open.bigmodel.cn/api/paas/v4/embeddings "HTTP/1.1 200 OK"
2026-06-03 21:31:59,631 INFO PUT http://localhost:9200/_bulk?refresh=false [status:200 duration:0.029s]
2026-06-03 21:31:59,631 INFO Progress: 7860/51354 (68.5/s) — ETA 635s
2026-06-03 21:31:59,634 INFO POST http://localhost:9200/_search/scroll [status:200 duration:0.002s]
2026-06-03 21:31:59,846 INFO HTTP Request: POST https://open.bigmodel.cn/api/paas/v4/embeddings "HTTP/1.1 200 OK"
2026-06-03 21:31:59,934 INFO PUT http://localhost:9200/_bulk?refresh=false [status:200 duration:0.034s]
2026-06-03 21:31:59,934 INFO Progress: 7880/51354 (68.5/s) — ETA 635s
2026-06-03 21:31:59,936 INFO POST http://localhost:9200/_search/scroll [status:200 duration:0.002s]
2026-06-03 21:32:00,215 INFO HTTP Request: POST https://open.bigmodel.cn/api/paas/v4/embeddings "HTTP/1.1 200 OK"
2026-06-03 21:32:00,301 INFO PUT http://localhost:9200/_bulk?refresh=false [status:200 duration:0.029s]
2026-06-03 21:32:00,302 INFO Progress: 7900/51354 (68.4/s) — ETA 635s
2026-06-03 21:32:00,304 INFO POST http://localhost:9200/_search/scroll [status:200 duration:0.002s]
2026-06-03 21:32:00,474 INFO HTTP Request: POST https://open.bigmodel.cn/api/paas/v4/embeddings "HTTP/1.1 200 OK"
2026-06-03 21:32:00,559 INFO PUT http://localhost:9200/_bulk?refresh=false [status:200 duration:0.030s]
2026-06-03 21:32:00,559 INFO Progress: 7920/51354 (68.5/s) — ETA 634s
2026-06-03 21:32:00,562 INFO POST http://localhost:9200/_search/scroll [status:200 duration:0.002s]
2026-06-03 21:32:00,780 INFO HTTP Request: POST https://open.bigmodel.cn/api/paas/v4/embeddings "HTTP/1.1 200 OK"
2026-06-03 21:32:00,868 INFO PUT http://localhost:9200/_bulk?refresh=false [status:200 duration:0.026s]
2026-06-03 21:32:00,868 INFO Progress: 7940/51354 (68.4/s) — ETA 634s
2026-06-03 21:32:00,870 INFO POST http://localhost:9200/_search/scroll [status:200 duration:0.002s]
2026-06-03 21:32:01,112 INFO HTTP Request: POST https://open.bigmodel.cn/api/paas/v4/embeddings "HTTP/1.1 200 OK"
2026-06-03 21:32:01,186 INFO PUT http://localhost:9200/_bulk?refresh=false [status:200 duration:0.027s]
2026-06-03 21:32:01,186 INFO Progress: 7960/51354 (68.4/s) — ETA 634s
2026-06-03 21:32:01,188 INFO POST http://localhost:9200/_search/scroll [status:200 duration:0.002s]
2026-06-03 21:32:01,347 INFO HTTP Request: POST https://open.bigmodel.cn/api/paas/v4/embeddings "HTTP/1.1 200 OK"
2026-06-03 21:32:01,435 INFO PUT http://localhost:9200/_bulk?refresh=false [status:200 duration:0.034s]
2026-06-03 21:32:01,435 INFO Progress: 7980/51354 (68.5/s) — ETA 634s
2026-06-03 21:32:01,437 INFO POST http://localhost:9200/_search/scroll [status:200 duration:0.002s]
2026-06-03 21:32:01,650 INFO HTTP Request: POST https://open.bigmodel.cn/api/paas/v4/embeddings "HTTP/1.1 200 OK"
2026-06-03 21:32:01,733 INFO PUT http://localhost:9200/_bulk?refresh=false [status:200 duration:0.025s]
2026-06-03 21:32:01,734 INFO Progress: 8000/51354 (68.5/s) — ETA 633s
2026-06-03 21:32:01,736 INFO POST http://localhost:9200/_search/scroll [status:200 duration:0.002s]
2026-06-03 21:32:01,919 INFO HTTP Request: POST https://open.bigmodel.cn/api/paas/v4/embeddings "HTTP/1.1 200 OK"
2026-06-03 21:32:02,004 INFO PUT http://localhost:9200/_bulk?refresh=false [status:200 duration:0.028s]
2026-06-03 21:32:02,004 INFO Progress: 8020/51354 (68.5/s) — ETA 633s
2026-06-03 21:32:02,006 INFO POST http://localhost:9200/_search/scroll [status:200 duration:0.002s]
2026-06-03 21:32:02,170 INFO HTTP Request: POST https://open.bigmodel.cn/api/paas/v4/embeddings "HTTP/1.1 200 OK"
2026-06-03 21:32:02,243 INFO PUT http://localhost:9200/_bulk?refresh=false [status:200 duration:0.031s]
2026-06-03 21:32:02,243 INFO Progress: 8040/51354 (68.5/s) — ETA 632s
2026-06-03 21:32:02,245 INFO POST http://localhost:9200/_search/scroll [status:200 duration:0.002s]
2026-06-03 21:32:02,470 INFO HTTP Request: POST https://open.bigmodel.cn/api/paas/v4/embeddings "HTTP/1.1 200 OK"
2026-06-03 21:32:02,542 INFO PUT http://localhost:9200/_bulk?refresh=false [status:200 duration:0.029s]
2026-06-03 21:32:02,542 INFO Progress: 8060/51354 (68.5/s) — ETA 632s
2026-06-03 21:32:02,544 INFO POST http://localhost:9200/_search/scroll [status:200 duration:0.002s]
2026-06-03 21:32:02,749 INFO HTTP Request: POST https://open.bigmodel.cn/api/paas/v4/embeddings "HTTP/1.1 200 OK"
2026-06-03 21:32:02,829 INFO PUT http://localhost:9200/_bulk?refresh=false [status:200 duration:0.026s]
2026-06-03 21:32:02,829 INFO Progress: 8080/51354 (68.5/s) — ETA 632s
2026-06-03 21:32:02,832 INFO POST http://localhost:9200/_search/scroll [status:200 duration:0.002s]
2026-06-03 21:32:03,085 INFO HTTP Request: POST https://open.bigmodel.cn/api/paas/v4/embeddings "HTTP/1.1 200 OK"
2026-06-03 21:32:03,149 INFO PUT http://localhost:9200/_bulk?refresh=false [status:200 duration:0.028s]
2026-06-03 21:32:03,150 INFO Progress: 8100/51354 (68.5/s) — ETA 632s
2026-06-03 21:32:03,152 INFO POST http://localhost:9200/_search/scroll [status:200 duration:0.002s]
2026-06-03 21:32:03,372 INFO HTTP Request: POST https://open.bigmodel.cn/api/paas/v4/embeddings "HTTP/1.1 200 OK"
2026-06-03 21:32:03,458 INFO PUT http://localhost:9200/_bulk?refresh=false [status:200 duration:0.028s]
2026-06-03 21:32:03,458 INFO Progress: 8120/51354 (68.5/s) — ETA 631s
2026-06-03 21:32:03,461 INFO POST http://localhost:9200/_search/scroll [status:200 duration:0.002s]
2026-06-03 21:32:03,667 INFO HTTP Request: POST https://open.bigmodel.cn/api/paas/v4/embeddings "HTTP/1.1 200 OK"
2026-06-03 21:32:03,751 INFO PUT http://localhost:9200/_bulk?refresh=false [status:200 duration:0.027s]
2026-06-03 21:32:03,752 INFO Progress: 8140/51354 (68.5/s) — ETA 631s
2026-06-03 21:32:03,754 INFO POST http://localhost:9200/_search/scroll [status:200 duration:0.002s]
2026-06-03 21:32:03,937 INFO HTTP Request: POST https://open.bigmodel.cn/api/paas/v4/embeddings "HTTP/1.1 200 OK"
2026-06-03 21:32:04,018 INFO PUT http://localhost:9200/_bulk?refresh=false [status:200 duration:0.027s]
2026-06-03 21:32:04,019 INFO Progress: 8160/51354 (68.5/s) — ETA 631s
2026-06-03 21:32:04,021 INFO POST http://localhost:9200/_search/scroll [status:200 duration:0.002s]
2026-06-03 21:32:04,242 INFO HTTP Request: POST https://open.bigmodel.cn/api/paas/v4/embeddings "HTTP/1.1 200 OK"
2026-06-03 21:32:04,320 INFO PUT http://localhost:9200/_bulk?refresh=false [status:200 duration:0.032s]
2026-06-03 21:32:04,320 INFO Progress: 8180/51354 (68.5/s) — ETA 630s
2026-06-03 21:32:04,322 INFO POST http://localhost:9200/_search/scroll [status:200 duration:0.002s]
2026-06-03 21:32:04,539 INFO HTTP Request: POST https://open.bigmodel.cn/api/paas/v4/embeddings "HTTP/1.1 200 OK"
2026-06-03 21:32:04,610 INFO PUT http://localhost:9200/_bulk?refresh=false [status:200 duration:0.028s]
2026-06-03 21:32:04,610 INFO Progress: 8200/51354 (68.5/s) — ETA 630s
2026-06-03 21:32:04,612 INFO POST http://localhost:9200/_search/scroll [status:200 duration:0.002s]
2026-06-03 21:32:04,804 INFO HTTP Request: POST https://open.bigmodel.cn/api/paas/v4/embeddings "HTTP/1.1 200 OK"
2026-06-03 21:32:04,900 INFO PUT http://localhost:9200/_bulk?refresh=false [status:200 duration:0.037s]
2026-06-03 21:32:04,900 INFO Progress: 8220/51354 (68.5/s) — ETA 630s
2026-06-03 21:32:04,904 INFO POST http://localhost:9200/_search/scroll [status:200 duration:0.004s]
2026-06-03 21:32:05,074 INFO HTTP Request: POST https://open.bigmodel.cn/api/paas/v4/embeddings "HTTP/1.1 200 OK"
2026-06-03 21:32:05,165 INFO PUT http://localhost:9200/_bulk?refresh=false [status:200 duration:0.031s]
2026-06-03 21:32:05,165 INFO Progress: 8240/51354 (68.5/s) — ETA 629s
2026-06-03 21:32:05,169 INFO POST http://localhost:9200/_search/scroll [status:200 duration:0.004s]
2026-06-03 21:32:06,145 INFO HTTP Request: POST https://open.bigmodel.cn/api/paas/v4/embeddings "HTTP/1.1 200 OK"
2026-06-03 21:32:06,237 INFO PUT http://localhost:9200/_bulk?refresh=false [status:200 duration:0.031s]
2026-06-03 21:32:06,238 INFO Progress: 8260/51354 (68.1/s) — ETA 633s
2026-06-03 21:32:06,240 INFO POST http://localhost:9200/_search/scroll [status:200 duration:0.002s]
2026-06-03 21:32:06,713 INFO HTTP Request: POST https://open.bigmodel.cn/api/paas/v4/embeddings "HTTP/1.1 200 OK"
2026-06-03 21:32:06,798 INFO PUT http://localhost:9200/_bulk?refresh=false [status:200 duration:0.030s]
2026-06-03 21:32:06,798 INFO Progress: 8280/51354 (67.9/s) — ETA 634s
2026-06-03 21:32:06,801 INFO POST http://localhost:9200/_search/scroll [status:200 duration:0.003s]
2026-06-03 21:32:07,026 INFO HTTP Request: POST https://open.bigmodel.cn/api/paas/v4/embeddings "HTTP/1.1 200 OK"
2026-06-03 21:32:07,277 INFO PUT http://localhost:9200/_bulk?refresh=false [status:200 duration:0.193s]
2026-06-03 21:32:07,277 INFO Progress: 8300/51354 (67.8/s) — ETA 635s
2026-06-03 21:32:07,280 INFO POST http://localhost:9200/_search/scroll [status:200 duration:0.002s]
2026-06-03 21:32:07,535 INFO HTTP Request: POST https://open.bigmodel.cn/api/paas/v4/embeddings "HTTP/1.1 200 OK"
2026-06-03 21:32:07,623 INFO PUT http://localhost:9200/_bulk?refresh=false [status:200 duration:0.031s]
2026-06-03 21:32:07,623 INFO Progress: 8320/51354 (67.8/s) — ETA 635s
2026-06-03 21:32:07,626 INFO POST http://localhost:9200/_search/scroll [status:200 duration:0.002s]
2026-06-03 21:32:07,846 INFO HTTP Request: POST https://open.bigmodel.cn/api/paas/v4/embeddings "HTTP/1.1 200 OK"
2026-06-03 21:32:07,928 INFO PUT http://localhost:9200/_bulk?refresh=false [status:200 duration:0.024s]
2026-06-03 21:32:07,928 INFO Progress: 8340/51354 (67.8/s) — ETA 635s
2026-06-03 21:32:07,930 INFO POST http://localhost:9200/_search/scroll [status:200 duration:0.002s]
2026-06-03 21:32:08,194 INFO HTTP Request: POST https://open.bigmodel.cn/api/paas/v4/embeddings "HTTP/1.1 200 OK"
2026-06-03 21:32:08,258 INFO PUT http://localhost:9200/_bulk?refresh=false [status:200 duration:0.023s]
2026-06-03 21:32:08,258 INFO Progress: 8360/51354 (67.8/s) — ETA 635s
2026-06-03 21:32:08,260 INFO POST http://localhost:9200/_search/scroll [status:200 duration:0.002s]
2026-06-03 21:32:08,461 INFO HTTP Request: POST https://open.bigmodel.cn/api/paas/v4/embeddings "HTTP/1.1 200 OK"
2026-06-03 21:32:08,533 INFO PUT http://localhost:9200/_bulk?refresh=false [status:200 duration:0.025s]
2026-06-03 21:32:08,533 INFO Progress: 8380/51354 (67.8/s) — ETA 634s
2026-06-03 21:32:08,535 INFO POST http://localhost:9200/_search/scroll [status:200 duration:0.002s]
2026-06-03 21:32:08,709 INFO HTTP Request: POST https://open.bigmodel.cn/api/paas/v4/embeddings "HTTP/1.1 200 OK"
2026-06-03 21:32:08,774 INFO PUT http://localhost:9200/_bulk?refresh=false [status:200 duration:0.025s]
2026-06-03 21:32:08,774 INFO Progress: 8400/51354 (67.8/s) — ETA 634s
2026-06-03 21:32:08,776 INFO POST http://localhost:9200/_search/scroll [status:200 duration:0.002s]
2026-06-03 21:32:08,964 INFO HTTP Request: POST https://open.bigmodel.cn/api/paas/v4/embeddings "HTTP/1.1 200 OK"
2026-06-03 21:32:09,040 INFO PUT http://localhost:9200/_bulk?refresh=false [status:200 duration:0.024s]
2026-06-03 21:32:09,040 INFO Progress: 8420/51354 (67.8/s) — ETA 633s
2026-06-03 21:32:09,042 INFO POST http://localhost:9200/_search/scroll [status:200 duration:0.002s]
2026-06-03 21:32:09,249 INFO HTTP Request: POST https://open.bigmodel.cn/api/paas/v4/embeddings "HTTP/1.1 200 OK"
2026-06-03 21:32:09,309 INFO PUT http://localhost:9200/_bulk?refresh=false [status:200 duration:0.025s]
2026-06-03 21:32:09,309 INFO Progress: 8440/51354 (67.8/s) — ETA 633s
2026-06-03 21:32:09,311 INFO POST http://localhost:9200/_search/scroll [status:200 duration:0.002s]
2026-06-03 21:32:09,518 INFO HTTP Request: POST https://open.bigmodel.cn/api/paas/v4/embeddings "HTTP/1.1 200 OK"
2026-06-03 21:32:09,589 INFO PUT http://localhost:9200/_bulk?refresh=false [status:200 duration:0.029s]
2026-06-03 21:32:09,589 INFO Progress: 8460/51354 (67.8/s) — ETA 632s
2026-06-03 21:32:09,592 INFO POST http://localhost:9200/_search/scroll [status:200 duration:0.002s]
2026-06-03 21:32:10,021 INFO HTTP Request: POST https://open.bigmodel.cn/api/paas/v4/embeddings "HTTP/1.1 200 OK"
2026-06-03 21:32:10,103 INFO PUT http://localhost:9200/_bulk?refresh=false [status:200 duration:0.024s]
2026-06-03 21:32:10,103 INFO Progress: 8480/51354 (67.7/s) — ETA 633s
2026-06-03 21:32:10,105 INFO POST http://localhost:9200/_search/scroll [status:200 duration:0.002s]
2026-06-03 21:32:10,522 INFO HTTP Request: POST https://open.bigmodel.cn/api/paas/v4/embeddings "HTTP/1.1 200 OK"
2026-06-03 21:32:10,584 INFO PUT http://localhost:9200/_bulk?refresh=false [status:200 duration:0.026s]
2026-06-03 21:32:10,584 INFO Progress: 8500/51354 (67.6/s) — ETA 634s
2026-06-03 21:32:10,587 INFO POST http://localhost:9200/_search/scroll [status:200 duration:0.002s]
2026-06-03 21:32:11,081 INFO HTTP Request: POST https://open.bigmodel.cn/api/paas/v4/embeddings "HTTP/1.1 200 OK"
2026-06-03 21:32:11,167 INFO PUT http://localhost:9200/_bulk?refresh=false [status:200 duration:0.024s]
2026-06-03 21:32:11,167 INFO Progress: 8520/51354 (67.5/s) — ETA 635s
2026-06-03 21:32:11,169 INFO POST http://localhost:9200/_search/scroll [status:200 duration:0.002s]
2026-06-03 21:32:11,322 INFO HTTP Request: POST https://open.bigmodel.cn/api/paas/v4/embeddings "HTTP/1.1 200 OK"
2026-06-03 21:32:11,397 INFO PUT http://localhost:9200/_bulk?refresh=false [status:200 duration:0.023s]
2026-06-03 21:32:11,398 INFO Progress: 8540/51354 (67.5/s) — ETA 634s
2026-06-03 21:32:11,400 INFO POST http://localhost:9200/_search/scroll [status:200 duration:0.002s]
2026-06-03 21:32:11,566 INFO HTTP Request: POST https://open.bigmodel.cn/api/paas/v4/embeddings "HTTP/1.1 200 OK"
2026-06-03 21:32:11,617 INFO PUT http://localhost:9200/_bulk?refresh=false [status:200 duration:0.023s]
2026-06-03 21:32:11,618 INFO Progress: 8560/51354 (67.5/s) — ETA 634s
2026-06-03 21:32:11,620 INFO POST http://localhost:9200/_search/scroll [status:200 duration:0.002s]
2026-06-03 21:32:11,838 INFO HTTP Request: POST https://open.bigmodel.cn/api/paas/v4/embeddings "HTTP/1.1 200 OK"
2026-06-03 21:32:11,914 INFO PUT http://localhost:9200/_bulk?refresh=false [status:200 duration:0.024s]
2026-06-03 21:32:11,914 INFO Progress: 8580/51354 (67.5/s) — ETA 633s
2026-06-03 21:32:11,916 INFO POST http://localhost:9200/_search/scroll [status:200 duration:0.002s]
2026-06-03 21:32:12,133 INFO HTTP Request: POST https://open.bigmodel.cn/api/paas/v4/embeddings "HTTP/1.1 200 OK"
2026-06-03 21:32:12,215 INFO PUT http://localhost:9200/_bulk?refresh=false [status:200 duration:0.026s]
2026-06-03 21:32:12,216 INFO Progress: 8600/51354 (67.5/s) — ETA 633s
2026-06-03 21:32:12,218 INFO POST http://localhost:9200/_search/scroll [status:200 duration:0.002s]
2026-06-03 21:32:12,435 INFO HTTP Request: POST https://open.bigmodel.cn/api/paas/v4/embeddings "HTTP/1.1 200 OK"
2026-06-03 21:32:12,525 INFO PUT http://localhost:9200/_bulk?refresh=false [status:200 duration:0.027s]
2026-06-03 21:32:12,525 INFO Progress: 8620/51354 (67.5/s) — ETA 633s
2026-06-03 21:32:12,527 INFO POST http://localhost:9200/_search/scroll [status:200 duration:0.002s]
2026-06-03 21:32:12,711 INFO HTTP Request: POST https://open.bigmodel.cn/api/paas/v4/embeddings "HTTP/1.1 200 OK"
2026-06-03 21:32:12,788 INFO PUT http://localhost:9200/_bulk?refresh=false [status:200 duration:0.028s]
2026-06-03 21:32:12,788 INFO Progress: 8640/51354 (67.5/s) — ETA 632s
2026-06-03 21:32:12,791 INFO POST http://localhost:9200/_search/scroll [status:200 duration:0.002s]
2026-06-03 21:32:12,997 INFO HTTP Request: POST https://open.bigmodel.cn/api/paas/v4/embeddings "HTTP/1.1 200 OK"
2026-06-03 21:32:13,082 INFO PUT http://localhost:9200/_bulk?refresh=false [status:200 duration:0.024s]
2026-06-03 21:32:13,082 INFO Progress: 8660/51354 (67.5/s) — ETA 632s
2026-06-03 21:32:13,084 INFO POST http://localhost:9200/_search/scroll [status:200 duration:0.002s]
2026-06-03 21:32:13,288 INFO HTTP Request: POST https://open.bigmodel.cn/api/paas/v4/embeddings "HTTP/1.1 200 OK"
2026-06-03 21:32:13,350 INFO PUT http://localhost:9200/_bulk?refresh=false [status:200 duration:0.025s]
2026-06-03 21:32:13,351 INFO Progress: 8680/51354 (67.6/s) — ETA 632s
2026-06-03 21:32:13,353 INFO POST http://localhost:9200/_search/scroll [status:200 duration:0.002s]
2026-06-03 21:32:13,569 INFO HTTP Request: POST https://open.bigmodel.cn/api/paas/v4/embeddings "HTTP/1.1 200 OK"
2026-06-03 21:32:13,653 INFO PUT http://localhost:9200/_bulk?refresh=false [status:200 duration:0.025s]
2026-06-03 21:32:13,654 INFO Progress: 8700/51354 (67.6/s) — ETA 631s
2026-06-03 21:32:13,656 INFO POST http://localhost:9200/_search/scroll [status:200 duration:0.002s]
2026-06-03 21:32:13,881 INFO HTTP Request: POST https://open.bigmodel.cn/api/paas/v4/embeddings "HTTP/1.1 200 OK"
2026-06-03 21:32:13,966 INFO PUT http://localhost:9200/_bulk?refresh=false [status:200 duration:0.026s]
2026-06-03 21:32:13,966 INFO Progress: 8720/51354 (67.5/s) — ETA 631s
2026-06-03 21:32:13,968 INFO POST http://localhost:9200/_search/scroll [status:200 duration:0.002s]
2026-06-03 21:32:14,170 INFO HTTP Request: POST https://open.bigmodel.cn/api/paas/v4/embeddings "HTTP/1.1 200 OK"
2026-06-03 21:32:14,252 INFO PUT http://localhost:9200/_bulk?refresh=false [status:200 duration:0.024s]
2026-06-03 21:32:14,253 INFO Progress: 8740/51354 (67.5/s) — ETA 631s
2026-06-03 21:32:14,255 INFO POST http://localhost:9200/_search/scroll [status:200 duration:0.002s]
2026-06-03 21:32:14,484 INFO HTTP Request: POST https://open.bigmodel.cn/api/paas/v4/embeddings "HTTP/1.1 200 OK"
2026-06-03 21:32:14,551 INFO PUT http://localhost:9200/_bulk?refresh=false [status:200 duration:0.024s]
2026-06-03 21:32:14,551 INFO Progress: 8760/51354 (67.5/s) — ETA 631s
2026-06-03 21:32:14,553 INFO POST http://localhost:9200/_search/scroll [status:200 duration:0.002s]
2026-06-03 21:32:14,752 INFO HTTP Request: POST https://open.bigmodel.cn/api/paas/v4/embeddings "HTTP/1.1 200 OK"
2026-06-03 21:32:14,844 INFO PUT http://localhost:9200/_bulk?refresh=false [status:200 duration:0.025s]
2026-06-03 21:32:14,845 INFO Progress: 8780/51354 (67.5/s) — ETA 630s
2026-06-03 21:32:14,847 INFO POST http://localhost:9200/_search/scroll [status:200 duration:0.002s]
2026-06-03 21:32:15,043 INFO HTTP Request: POST https://open.bigmodel.cn/api/paas/v4/embeddings "HTTP/1.1 200 OK"
2026-06-03 21:32:15,127 INFO PUT http://localhost:9200/_bulk?refresh=false [status:200 duration:0.023s]
2026-06-03 21:32:15,127 INFO Progress: 8800/51354 (67.6/s) — ETA 630s
2026-06-03 21:32:15,129 INFO POST http://localhost:9200/_search/scroll [status:200 duration:0.002s]
2026-06-03 21:32:15,327 INFO HTTP Request: POST https://open.bigmodel.cn/api/paas/v4/embeddings "HTTP/1.1 200 OK"
2026-06-03 21:32:15,408 INFO PUT http://localhost:9200/_bulk?refresh=false [status:200 duration:0.023s]
2026-06-03 21:32:15,408 INFO Progress: 8820/51354 (67.6/s) — ETA 630s
2026-06-03 21:32:15,410 INFO POST http://localhost:9200/_search/scroll [status:200 duration:0.002s]
2026-06-03 21:32:15,858 INFO HTTP Request: POST https://open.bigmodel.cn/api/paas/v4/embeddings "HTTP/1.1 200 OK"
2026-06-03 21:32:15,926 INFO PUT http://localhost:9200/_bulk?refresh=false [status:200 duration:0.031s]
2026-06-03 21:32:15,926 INFO Progress: 8840/51354 (67.4/s) — ETA 630s
2026-06-03 21:32:15,933 INFO POST http://localhost:9200/_search/scroll [status:200 duration:0.007s]
2026-06-03 21:32:16,145 INFO HTTP Request: POST https://open.bigmodel.cn/api/paas/v4/embeddings "HTTP/1.1 200 OK"
2026-06-03 21:32:16,221 INFO PUT http://localhost:9200/_bulk?refresh=false [status:200 duration:0.027s]
2026-06-03 21:32:16,222 INFO Progress: 8860/51354 (67.4/s) — ETA 630s
2026-06-03 21:32:16,225 INFO POST http://localhost:9200/_search/scroll [status:200 duration:0.004s]
2026-06-03 21:32:16,421 INFO HTTP Request: POST https://open.bigmodel.cn/api/paas/v4/embeddings "HTTP/1.1 200 OK"
2026-06-03 21:32:16,507 INFO PUT http://localhost:9200/_bulk?refresh=false [status:200 duration:0.026s]
2026-06-03 21:32:16,507 INFO Progress: 8880/51354 (67.5/s) — ETA 630s
2026-06-03 21:32:16,509 INFO POST http://localhost:9200/_search/scroll [status:200 duration:0.002s]
2026-06-03 21:32:16,915 INFO HTTP Request: POST https://open.bigmodel.cn/api/paas/v4/embeddings "HTTP/1.1 200 OK"
2026-06-03 21:32:17,004 INFO PUT http://localhost:9200/_bulk?refresh=false [status:200 duration:0.029s]
2026-06-03 21:32:17,005 INFO Progress: 8900/51354 (67.4/s) — ETA 630s
2026-06-03 21:32:17,007 INFO POST http://localhost:9200/_search/scroll [status:200 duration:0.002s]
2026-06-03 21:32:17,228 INFO HTTP Request: POST https://open.bigmodel.cn/api/paas/v4/embeddings "HTTP/1.1 200 OK"
2026-06-03 21:32:17,312 INFO PUT http://localhost:9200/_bulk?refresh=false [status:200 duration:0.025s]
2026-06-03 21:32:17,312 INFO Progress: 8920/51354 (67.3/s) — ETA 630s
2026-06-03 21:32:17,314 INFO POST http://localhost:9200/_search/scroll [status:200 duration:0.002s]
2026-06-03 21:32:17,532 INFO HTTP Request: POST https://open.bigmodel.cn/api/paas/v4/embeddings "HTTP/1.1 200 OK"
2026-06-03 21:32:17,616 INFO PUT http://localhost:9200/_bulk?refresh=false [status:200 duration:0.025s]
2026-06-03 21:32:17,617 INFO Progress: 8940/51354 (67.3/s) — ETA 630s
2026-06-03 21:32:17,619 INFO POST http://localhost:9200/_search/scroll [status:200 duration:0.002s]
2026-06-03 21:32:17,817 INFO HTTP Request: POST https://open.bigmodel.cn/api/paas/v4/embeddings "HTTP/1.1 200 OK"
2026-06-03 21:32:17,897 INFO PUT http://localhost:9200/_bulk?refresh=false [status:200 duration:0.027s]
2026-06-03 21:32:17,898 INFO Progress: 8960/51354 (67.4/s) — ETA 629s
2026-06-03 21:32:17,900 INFO POST http://localhost:9200/_search/scroll [status:200 duration:0.002s]
2026-06-03 21:32:18,101 INFO HTTP Request: POST https://open.bigmodel.cn/api/paas/v4/embeddings "HTTP/1.1 200 OK"
2026-06-03 21:32:18,184 INFO PUT http://localhost:9200/_bulk?refresh=false [status:200 duration:0.024s]
2026-06-03 21:32:18,184 INFO Progress: 8980/51354 (67.4/s) — ETA 629s
2026-06-03 21:32:18,186 INFO POST http://localhost:9200/_search/scroll [status:200 duration:0.002s]
2026-06-03 21:32:18,381 INFO HTTP Request: POST https://open.bigmodel.cn/api/paas/v4/embeddings "HTTP/1.1 200 OK"
2026-06-03 21:32:18,468 INFO PUT http://localhost:9200/_bulk?refresh=false [status:200 duration:0.027s]
2026-06-03 21:32:18,468 INFO Progress: 9000/51354 (67.4/s) — ETA 629s
2026-06-03 21:32:18,470 INFO POST http://localhost:9200/_search/scroll [status:200 duration:0.002s]
2026-06-03 21:32:19,683 INFO HTTP Request: POST https://open.bigmodel.cn/api/paas/v4/embeddings "HTTP/1.1 200 OK"
2026-06-03 21:32:19,997 INFO PUT http://localhost:9200/_bulk?refresh=false [status:200 duration:0.025s]
2026-06-03 21:32:19,997 INFO Progress: 9020/51354 (66.7/s) — ETA 634s
2026-06-03 21:32:19,999 INFO POST http://localhost:9200/_search/scroll [status:200 duration:0.002s]
2026-06-03 21:32:20,208 INFO HTTP Request: POST https://open.bigmodel.cn/api/paas/v4/embeddings "HTTP/1.1 200 OK"
2026-06-03 21:32:20,293 INFO PUT http://localhost:9200/_bulk?refresh=false [status:200 duration:0.025s]
2026-06-03 21:32:20,294 INFO Progress: 9040/51354 (66.8/s) — ETA 634s
2026-06-03 21:32:20,296 INFO POST http://localhost:9200/_search/scroll [status:200 duration:0.002s]
2026-06-03 21:32:20,478 INFO HTTP Request: POST https://open.bigmodel.cn/api/paas/v4/embeddings "HTTP/1.1 200 OK"
2026-06-03 21:32:20,551 INFO PUT http://localhost:9200/_bulk?refresh=false [status:200 duration:0.027s]
2026-06-03 21:32:20,552 INFO Progress: 9060/51354 (66.8/s) — ETA 633s
2026-06-03 21:32:20,554 INFO POST http://localhost:9200/_search/scroll [status:200 duration:0.002s]
2026-06-03 21:32:20,723 INFO HTTP Request: POST https://open.bigmodel.cn/api/paas/v4/embeddings "HTTP/1.1 200 OK"
2026-06-03 21:32:20,806 INFO PUT http://localhost:9200/_bulk?refresh=false [status:200 duration:0.025s]
2026-06-03 21:32:20,806 INFO Progress: 9080/51354 (66.8/s) — ETA 633s
2026-06-03 21:32:20,808 INFO POST http://localhost:9200/_search/scroll [status:200 duration:0.002s]
2026-06-03 21:32:21,007 INFO HTTP Request: POST https://open.bigmodel.cn/api/paas/v4/embeddings "HTTP/1.1 200 OK"
2026-06-03 21:32:21,092 INFO PUT http://localhost:9200/_bulk?refresh=false [status:200 duration:0.026s]
2026-06-03 21:32:21,092 INFO Progress: 9100/51354 (66.8/s) — ETA 633s
2026-06-03 21:32:21,094 INFO POST http://localhost:9200/_search/scroll [status:200 duration:0.002s]
2026-06-03 21:32:21,277 INFO HTTP Request: POST https://open.bigmodel.cn/api/paas/v4/embeddings "HTTP/1.1 200 OK"
2026-06-03 21:32:21,329 INFO PUT http://localhost:9200/_bulk?refresh=false [status:200 duration:0.024s]
2026-06-03 21:32:21,329 INFO Progress: 9120/51354 (66.8/s) — ETA 632s
2026-06-03 21:32:21,331 INFO POST http://localhost:9200/_search/scroll [status:200 duration:0.002s]
2026-06-03 21:32:21,586 INFO HTTP Request: POST https://open.bigmodel.cn/api/paas/v4/embeddings "HTTP/1.1 200 OK"
2026-06-03 21:32:21,657 INFO PUT http://localhost:9200/_bulk?refresh=false [status:200 duration:0.028s]
2026-06-03 21:32:21,657 INFO Progress: 9140/51354 (66.8/s) — ETA 632s
2026-06-03 21:32:21,659 INFO POST http://localhost:9200/_search/scroll [status:200 duration:0.002s]
2026-06-03 21:32:21,854 INFO HTTP Request: POST https://open.bigmodel.cn/api/paas/v4/embeddings "HTTP/1.1 200 OK"
2026-06-03 21:32:21,937 INFO PUT http://localhost:9200/_bulk?refresh=false [status:200 duration:0.026s]
2026-06-03 21:32:21,937 INFO Progress: 9160/51354 (66.8/s) — ETA 631s
2026-06-03 21:32:21,939 INFO POST http://localhost:9200/_search/scroll [status:200 duration:0.002s]
2026-06-03 21:32:22,124 INFO HTTP Request: POST https://open.bigmodel.cn/api/paas/v4/embeddings "HTTP/1.1 200 OK"
2026-06-03 21:32:22,191 INFO PUT http://localhost:9200/_bulk?refresh=false [status:200 duration:0.030s]
2026-06-03 21:32:22,191 INFO Progress: 9180/51354 (66.8/s) — ETA 631s
2026-06-03 21:32:22,193 INFO POST http://localhost:9200/_search/scroll [status:200 duration:0.002s]
2026-06-03 21:32:22,377 INFO HTTP Request: POST https://open.bigmodel.cn/api/paas/v4/embeddings "HTTP/1.1 200 OK"
2026-06-03 21:32:22,459 INFO PUT http://localhost:9200/_bulk?refresh=false [status:200 duration:0.026s]
2026-06-03 21:32:22,459 INFO Progress: 9200/51354 (66.9/s) — ETA 630s
2026-06-03 21:32:22,461 INFO POST http://localhost:9200/_search/scroll [status:200 duration:0.002s]
2026-06-03 21:32:22,660 INFO HTTP Request: POST https://open.bigmodel.cn/api/paas/v4/embeddings "HTTP/1.1 200 OK"
2026-06-03 21:32:22,743 INFO PUT http://localhost:9200/_bulk?refresh=false [status:200 duration:0.024s]
2026-06-03 21:32:22,743 INFO Progress: 9220/51354 (66.9/s) — ETA 630s
2026-06-03 21:32:22,745 INFO POST http://localhost:9200/_search/scroll [status:200 duration:0.002s]
2026-06-03 21:32:22,958 INFO HTTP Request: POST https://open.bigmodel.cn/api/paas/v4/embeddings "HTTP/1.1 200 OK"
2026-06-03 21:32:23,020 INFO PUT http://localhost:9200/_bulk?refresh=false [status:200 duration:0.026s]
2026-06-03 21:32:23,020 INFO Progress: 9240/51354 (66.9/s) — ETA 630s
2026-06-03 21:32:23,022 INFO POST http://localhost:9200/_search/scroll [status:200 duration:0.002s]
2026-06-03 21:32:23,199 INFO HTTP Request: POST https://open.bigmodel.cn/api/paas/v4/embeddings "HTTP/1.1 200 OK"
2026-06-03 21:32:23,284 INFO PUT http://localhost:9200/_bulk?refresh=false [status:200 duration:0.029s]
2026-06-03 21:32:23,285 INFO Progress: 9260/51354 (66.9/s) — ETA 629s
2026-06-03 21:32:23,287 INFO POST http://localhost:9200/_search/scroll [status:200 duration:0.002s]
2026-06-03 21:32:23,489 INFO HTTP Request: POST https://open.bigmodel.cn/api/paas/v4/embeddings "HTTP/1.1 200 OK"
2026-06-03 21:32:23,550 INFO PUT http://localhost:9200/_bulk?refresh=false [status:200 duration:0.025s]
2026-06-03 21:32:23,550 INFO Progress: 9280/51354 (66.9/s) — ETA 629s
2026-06-03 21:32:23,553 INFO POST http://localhost:9200/_search/scroll [status:200 duration:0.002s]
2026-06-03 21:32:23,728 INFO HTTP Request: POST https://open.bigmodel.cn/api/paas/v4/embeddings "HTTP/1.1 200 OK"
2026-06-03 21:32:23,811 INFO PUT http://localhost:9200/_bulk?refresh=false [status:200 duration:0.025s]
2026-06-03 21:32:23,812 INFO Progress: 9300/51354 (66.9/s) — ETA 628s
2026-06-03 21:32:23,814 INFO POST http://localhost:9200/_search/scroll [status:200 duration:0.002s]
2026-06-03 21:32:24,020 INFO HTTP Request: POST https://open.bigmodel.cn/api/paas/v4/embeddings "HTTP/1.1 200 OK"
2026-06-03 21:32:24,105 INFO PUT http://localhost:9200/_bulk?refresh=false [status:200 duration:0.026s]
2026-06-03 21:32:24,105 INFO Progress: 9320/51354 (66.9/s) — ETA 628s
2026-06-03 21:32:24,107 INFO POST http://localhost:9200/_search/scroll [status:200 duration:0.002s]
2026-06-03 21:32:24,261 INFO HTTP Request: POST https://open.bigmodel.cn/api/paas/v4/embeddings "HTTP/1.1 200 OK"
2026-06-03 21:32:24,343 INFO PUT http://localhost:9200/_bulk?refresh=false [status:200 duration:0.026s]
2026-06-03 21:32:24,343 INFO Progress: 9340/51354 (67.0/s) — ETA 627s
2026-06-03 21:32:24,345 INFO POST http://localhost:9200/_search/scroll [status:200 duration:0.002s]
2026-06-03 21:32:24,540 INFO HTTP Request: POST https://open.bigmodel.cn/api/paas/v4/embeddings "HTTP/1.1 200 OK"
2026-06-03 21:32:24,609 INFO PUT http://localhost:9200/_bulk?refresh=false [status:200 duration:0.026s]
2026-06-03 21:32:24,610 INFO Progress: 9360/51354 (67.0/s) — ETA 627s
2026-06-03 21:32:24,612 INFO POST http://localhost:9200/_search/scroll [status:200 duration:0.003s]
2026-06-03 21:32:24,799 INFO HTTP Request: POST https://open.bigmodel.cn/api/paas/v4/embeddings "HTTP/1.1 200 OK"
2026-06-03 21:32:24,873 INFO PUT http://localhost:9200/_bulk?refresh=false [status:200 duration:0.026s]
2026-06-03 21:32:24,873 INFO Progress: 9380/51354 (67.0/s) — ETA 627s
2026-06-03 21:32:24,875 INFO POST http://localhost:9200/_search/scroll [status:200 duration:0.002s]
2026-06-03 21:32:25,057 INFO HTTP Request: POST https://open.bigmodel.cn/api/paas/v4/embeddings "HTTP/1.1 200 OK"
2026-06-03 21:32:25,133 INFO PUT http://localhost:9200/_bulk?refresh=false [status:200 duration:0.025s]
2026-06-03 21:32:25,133 INFO Progress: 9400/51354 (67.0/s) — ETA 626s
2026-06-03 21:32:25,135 INFO POST http://localhost:9200/_search/scroll [status:200 duration:0.002s]
2026-06-03 21:32:25,298 INFO HTTP Request: POST https://open.bigmodel.cn/api/paas/v4/embeddings "HTTP/1.1 200 OK"
2026-06-03 21:32:25,374 INFO PUT http://localhost:9200/_bulk?refresh=false [status:200 duration:0.025s]
2026-06-03 21:32:25,374 INFO Progress: 9420/51354 (67.0/s) — ETA 625s
2026-06-03 21:32:25,377 INFO POST http://localhost:9200/_search/scroll [status:200 duration:0.002s]
2026-06-03 21:32:25,588 INFO HTTP Request: POST https://open.bigmodel.cn/api/paas/v4/embeddings "HTTP/1.1 200 OK"
2026-06-03 21:32:25,672 INFO PUT http://localhost:9200/_bulk?refresh=false [status:200 duration:0.026s]
2026-06-03 21:32:25,672 INFO Progress: 9440/51354 (67.0/s) — ETA 625s
2026-06-03 21:32:25,674 INFO POST http://localhost:9200/_search/scroll [status:200 duration:0.002s]
2026-06-03 21:32:26,099 INFO HTTP Request: POST https://open.bigmodel.cn/api/paas/v4/embeddings "HTTP/1.1 200 OK"
2026-06-03 21:32:26,180 INFO PUT http://localhost:9200/_bulk?refresh=false [status:200 duration:0.027s]
2026-06-03 21:32:26,180 INFO Progress: 9460/51354 (66.9/s) — ETA 626s
2026-06-03 21:32:26,182 INFO POST http://localhost:9200/_search/scroll [status:200 duration:0.002s]
2026-06-03 21:32:26,382 INFO HTTP Request: POST https://open.bigmodel.cn/api/paas/v4/embeddings "HTTP/1.1 200 OK"
2026-06-03 21:32:26,464 INFO PUT http://localhost:9200/_bulk?refresh=false [status:200 duration:0.029s]
2026-06-03 21:32:26,464 INFO Progress: 9480/51354 (66.9/s) — ETA 625s
2026-06-03 21:32:26,467 INFO POST http://localhost:9200/_search/scroll [status:200 duration:0.002s]
2026-06-03 21:32:26,654 INFO HTTP Request: POST https://open.bigmodel.cn/api/paas/v4/embeddings "HTTP/1.1 200 OK"
2026-06-03 21:32:26,723 INFO PUT http://localhost:9200/_bulk?refresh=false [status:200 duration:0.027s]
2026-06-03 21:32:26,723 INFO Progress: 9500/51354 (67.0/s) — ETA 625s
2026-06-03 21:32:26,726 INFO POST http://localhost:9200/_search/scroll [status:200 duration:0.002s]
2026-06-03 21:32:26,932 INFO HTTP Request: POST https://open.bigmodel.cn/api/paas/v4/embeddings "HTTP/1.1 200 OK"
2026-06-03 21:32:27,027 INFO PUT http://localhost:9200/_bulk?refresh=false [status:200 duration:0.032s]
2026-06-03 21:32:27,027 INFO Progress: 9520/51354 (67.0/s) — ETA 625s
2026-06-03 21:32:27,030 INFO POST http://localhost:9200/_search/scroll [status:200 duration:0.002s]
2026-06-03 21:32:27,214 INFO HTTP Request: POST https://open.bigmodel.cn/api/paas/v4/embeddings "HTTP/1.1 200 OK"
2026-06-03 21:32:27,294 INFO PUT http://localhost:9200/_bulk?refresh=false [status:200 duration:0.026s]
2026-06-03 21:32:27,294 INFO Progress: 9540/51354 (67.0/s) — ETA 624s
2026-06-03 21:32:27,296 INFO POST http://localhost:9200/_search/scroll [status:200 duration:0.002s]
2026-06-03 21:32:27,494 INFO HTTP Request: POST https://open.bigmodel.cn/api/paas/v4/embeddings "HTTP/1.1 200 OK"
2026-06-03 21:32:27,579 INFO PUT http://localhost:9200/_bulk?refresh=false [status:200 duration:0.027s]
2026-06-03 21:32:27,579 INFO Progress: 9560/51354 (67.0/s) — ETA 624s
2026-06-03 21:32:27,582 INFO POST http://localhost:9200/_search/scroll [status:200 duration:0.002s]
2026-06-03 21:32:27,793 INFO HTTP Request: POST https://open.bigmodel.cn/api/paas/v4/embeddings "HTTP/1.1 200 OK"
2026-06-03 21:32:27,878 INFO PUT http://localhost:9200/_bulk?refresh=false [status:200 duration:0.025s]
2026-06-03 21:32:27,878 INFO Progress: 9580/51354 (67.0/s) — ETA 624s
2026-06-03 21:32:27,880 INFO POST http://localhost:9200/_search/scroll [status:200 duration:0.002s]
2026-06-03 21:32:28,099 INFO HTTP Request: POST https://open.bigmodel.cn/api/paas/v4/embeddings "HTTP/1.1 200 OK"
2026-06-03 21:32:28,177 INFO PUT http://localhost:9200/_bulk?refresh=false [status:200 duration:0.027s]
2026-06-03 21:32:28,177 INFO Progress: 9600/51354 (67.0/s) — ETA 623s
2026-06-03 21:32:28,179 INFO POST http://localhost:9200/_search/scroll [status:200 duration:0.002s]
2026-06-03 21:32:28,353 INFO HTTP Request: POST https://open.bigmodel.cn/api/paas/v4/embeddings "HTTP/1.1 200 OK"
2026-06-03 21:32:28,429 INFO PUT http://localhost:9200/_bulk?refresh=false [status:200 duration:0.025s]
2026-06-03 21:32:28,429 INFO Progress: 9620/51354 (67.0/s) — ETA 623s
2026-06-03 21:32:28,431 INFO POST http://localhost:9200/_search/scroll [status:200 duration:0.002s]
2026-06-03 21:32:28,606 INFO HTTP Request: POST https://open.bigmodel.cn/api/paas/v4/embeddings "HTTP/1.1 200 OK"
2026-06-03 21:32:28,686 INFO PUT http://localhost:9200/_bulk?refresh=false [status:200 duration:0.026s]
2026-06-03 21:32:28,686 INFO Progress: 9640/51354 (67.0/s) — ETA 622s
2026-06-03 21:32:28,689 INFO POST http://localhost:9200/_search/scroll [status:200 duration:0.002s]
2026-06-03 21:32:28,895 INFO HTTP Request: POST https://open.bigmodel.cn/api/paas/v4/embeddings "HTTP/1.1 200 OK"
2026-06-03 21:32:28,979 INFO PUT http://localhost:9200/_bulk?refresh=false [status:200 duration:0.026s]
2026-06-03 21:32:28,979 INFO Progress: 9660/51354 (67.0/s) — ETA 622s
2026-06-03 21:32:28,981 INFO POST http://localhost:9200/_search/scroll [status:200 duration:0.002s]
2026-06-03 21:32:29,153 INFO HTTP Request: POST https://open.bigmodel.cn/api/paas/v4/embeddings "HTTP/1.1 200 OK"
2026-06-03 21:32:29,235 INFO PUT http://localhost:9200/_bulk?refresh=false [status:200 duration:0.025s]
2026-06-03 21:32:29,236 INFO Progress: 9680/51354 (67.0/s) — ETA 622s
2026-06-03 21:32:29,238 INFO POST http://localhost:9200/_search/scroll [status:200 duration:0.002s]
2026-06-03 21:32:29,418 INFO HTTP Request: POST https://open.bigmodel.cn/api/paas/v4/embeddings "HTTP/1.1 200 OK"
2026-06-03 21:32:29,502 INFO PUT http://localhost:9200/_bulk?refresh=false [status:200 duration:0.026s]
2026-06-03 21:32:29,503 INFO Progress: 9700/51354 (67.1/s) — ETA 621s
2026-06-03 21:32:29,505 INFO POST http://localhost:9200/_search/scroll [status:200 duration:0.002s]
2026-06-03 21:32:29,659 INFO HTTP Request: POST https://open.bigmodel.cn/api/paas/v4/embeddings "HTTP/1.1 200 OK"
2026-06-03 21:32:29,742 INFO PUT http://localhost:9200/_bulk?refresh=false [status:200 duration:0.027s]
2026-06-03 21:32:29,742 INFO Progress: 9720/51354 (67.1/s) — ETA 621s
2026-06-03 21:32:29,744 INFO POST http://localhost:9200/_search/scroll [status:200 duration:0.002s]
2026-06-03 21:32:29,950 INFO HTTP Request: POST https://open.bigmodel.cn/api/paas/v4/embeddings "HTTP/1.1 200 OK"
2026-06-03 21:32:30,013 INFO PUT http://localhost:9200/_bulk?refresh=false [status:200 duration:0.027s]
2026-06-03 21:32:30,013 INFO Progress: 9740/51354 (67.1/s) — ETA 620s
2026-06-03 21:32:30,015 INFO POST http://localhost:9200/_search/scroll [status:200 duration:0.002s]
2026-06-03 21:32:30,199 INFO HTTP Request: POST https://open.bigmodel.cn/api/paas/v4/embeddings "HTTP/1.1 200 OK"
2026-06-03 21:32:30,270 INFO PUT http://localhost:9200/_bulk?refresh=false [status:200 duration:0.026s]
2026-06-03 21:32:30,270 INFO Progress: 9760/51354 (67.1/s) — ETA 620s
2026-06-03 21:32:30,272 INFO POST http://localhost:9200/_search/scroll [status:200 duration:0.002s]
2026-06-03 21:32:30,484 INFO HTTP Request: POST https://open.bigmodel.cn/api/paas/v4/embeddings "HTTP/1.1 200 OK"
2026-06-03 21:32:30,554 INFO PUT http://localhost:9200/_bulk?refresh=false [status:200 duration:0.025s]
2026-06-03 21:32:30,554 INFO Progress: 9780/51354 (67.1/s) — ETA 619s
2026-06-03 21:32:30,556 INFO POST http://localhost:9200/_search/scroll [status:200 duration:0.002s]
2026-06-03 21:32:30,736 INFO HTTP Request: POST https://open.bigmodel.cn/api/paas/v4/embeddings "HTTP/1.1 200 OK"
2026-06-03 21:32:30,821 INFO PUT http://localhost:9200/_bulk?refresh=false [status:200 duration:0.027s]
2026-06-03 21:32:30,821 INFO Progress: 9800/51354 (67.1/s) — ETA 619s
2026-06-03 21:32:30,823 INFO POST http://localhost:9200/_search/scroll [status:200 duration:0.002s]
2026-06-03 21:32:31,012 INFO HTTP Request: POST https://open.bigmodel.cn/api/paas/v4/embeddings "HTTP/1.1 200 OK"
2026-06-03 21:32:31,099 INFO PUT http://localhost:9200/_bulk?refresh=false [status:200 duration:0.030s]
2026-06-03 21:32:31,099 INFO Progress: 9820/51354 (67.2/s) — ETA 619s
2026-06-03 21:32:31,102 INFO POST http://localhost:9200/_search/scroll [status:200 duration:0.002s]
2026-06-03 21:32:31,275 INFO HTTP Request: POST https://open.bigmodel.cn/api/paas/v4/embeddings "HTTP/1.1 200 OK"
2026-06-03 21:32:31,358 INFO PUT http://localhost:9200/_bulk?refresh=false [status:200 duration:0.025s]
2026-06-03 21:32:31,359 INFO Progress: 9840/51354 (67.2/s) — ETA 618s
2026-06-03 21:32:31,361 INFO POST http://localhost:9200/_search/scroll [status:200 duration:0.002s]
2026-06-03 21:32:31,561 INFO HTTP Request: POST https://open.bigmodel.cn/api/paas/v4/embeddings "HTTP/1.1 200 OK"
2026-06-03 21:32:31,631 INFO PUT http://localhost:9200/_bulk?refresh=false [status:200 duration:0.035s]
2026-06-03 21:32:31,631 INFO Progress: 9860/51354 (67.2/s) — ETA 618s
2026-06-03 21:32:31,636 INFO POST http://localhost:9200/_search/scroll [status:200 duration:0.004s]
2026-06-03 21:32:31,852 INFO HTTP Request: POST https://open.bigmodel.cn/api/paas/v4/embeddings "HTTP/1.1 200 OK"
2026-06-03 21:32:31,923 INFO PUT http://localhost:9200/_bulk?refresh=false [status:200 duration:0.031s]
2026-06-03 21:32:31,923 INFO Progress: 9880/51354 (67.2/s) — ETA 617s
2026-06-03 21:32:31,927 INFO POST http://localhost:9200/_search/scroll [status:200 duration:0.004s]
2026-06-03 21:32:32,096 INFO HTTP Request: POST https://open.bigmodel.cn/api/paas/v4/embeddings "HTTP/1.1 200 OK"
2026-06-03 21:32:32,181 INFO PUT http://localhost:9200/_bulk?refresh=false [status:200 duration:0.026s]
2026-06-03 21:32:32,181 INFO Progress: 9900/51354 (67.2/s) — ETA 617s
2026-06-03 21:32:32,184 INFO POST http://localhost:9200/_search/scroll [status:200 duration:0.002s]
2026-06-03 21:32:32,358 INFO HTTP Request: POST https://open.bigmodel.cn/api/paas/v4/embeddings "HTTP/1.1 200 OK"
2026-06-03 21:32:32,421 INFO PUT http://localhost:9200/_bulk?refresh=false [status:200 duration:0.026s]
2026-06-03 21:32:32,421 INFO Progress: 9920/51354 (67.2/s) — ETA 616s
2026-06-03 21:32:32,424 INFO POST http://localhost:9200/_search/scroll [status:200 duration:0.002s]
2026-06-03 21:32:32,639 INFO HTTP Request: POST https://open.bigmodel.cn/api/paas/v4/embeddings "HTTP/1.1 200 OK"
2026-06-03 21:32:32,721 INFO PUT http://localhost:9200/_bulk?refresh=false [status:200 duration:0.027s]
2026-06-03 21:32:32,721 INFO Progress: 9940/51354 (67.2/s) — ETA 616s
2026-06-03 21:32:32,724 INFO POST http://localhost:9200/_search/scroll [status:200 duration:0.002s]
2026-06-03 21:32:32,902 INFO HTTP Request: POST https://open.bigmodel.cn/api/paas/v4/embeddings "HTTP/1.1 200 OK"
2026-06-03 21:32:32,981 INFO PUT http://localhost:9200/_bulk?refresh=false [status:200 duration:0.026s]
2026-06-03 21:32:32,981 INFO Progress: 9960/51354 (67.2/s) — ETA 616s
2026-06-03 21:32:32,983 INFO POST http://localhost:9200/_search/scroll [status:200 duration:0.002s]
2026-06-03 21:32:33,243 INFO HTTP Request: POST https://open.bigmodel.cn/api/paas/v4/embeddings "HTTP/1.1 200 OK"
2026-06-03 21:32:33,322 INFO PUT http://localhost:9200/_bulk?refresh=false [status:200 duration:0.029s]
2026-06-03 21:32:33,322 INFO Progress: 9980/51354 (67.2/s) — ETA 615s
2026-06-03 21:32:33,324 INFO POST http://localhost:9200/_search/scroll [status:200 duration:0.002s]
2026-06-03 21:32:33,582 INFO HTTP Request: POST https://open.bigmodel.cn/api/paas/v4/embeddings "HTTP/1.1 200 OK"
2026-06-03 21:32:33,660 INFO PUT http://localhost:9200/_bulk?refresh=false [status:200 duration:0.026s]
2026-06-03 21:32:33,661 INFO Progress: 10000/51354 (67.2/s) — ETA 615s
2026-06-03 21:32:33,663 INFO POST http://localhost:9200/_search/scroll [status:200 duration:0.002s]
2026-06-03 21:32:33,864 INFO HTTP Request: POST https://open.bigmodel.cn/api/paas/v4/embeddings "HTTP/1.1 200 OK"
2026-06-03 21:32:33,949 INFO PUT http://localhost:9200/_bulk?refresh=false [status:200 duration:0.028s]
2026-06-03 21:32:33,949 INFO Progress: 10020/51354 (67.2/s) — ETA 615s
2026-06-03 21:32:33,951 INFO POST http://localhost:9200/_search/scroll [status:200 duration:0.002s]
2026-06-03 21:32:34,156 INFO HTTP Request: POST https://open.bigmodel.cn/api/paas/v4/embeddings "HTTP/1.1 200 OK"
2026-06-03 21:32:34,238 INFO PUT http://localhost:9200/_bulk?refresh=false [status:200 duration:0.025s]
2026-06-03 21:32:34,238 INFO Progress: 10040/51354 (67.2/s) — ETA 615s
2026-06-03 21:32:34,240 INFO POST http://localhost:9200/_search/scroll [status:200 duration:0.002s]
2026-06-03 21:32:34,504 INFO HTTP Request: POST https://open.bigmodel.cn/api/paas/v4/embeddings "HTTP/1.1 200 OK"
2026-06-03 21:32:34,586 INFO PUT http://localhost:9200/_bulk?refresh=false [status:200 duration:0.025s]
2026-06-03 21:32:34,587 INFO Progress: 10060/51354 (67.2/s) — ETA 615s
2026-06-03 21:32:34,589 INFO POST http://localhost:9200/_search/scroll [status:200 duration:0.002s]
2026-06-03 21:32:34,765 INFO HTTP Request: POST https://open.bigmodel.cn/api/paas/v4/embeddings "HTTP/1.1 200 OK"
2026-06-03 21:32:34,848 INFO PUT http://localhost:9200/_bulk?refresh=false [status:200 duration:0.026s]
2026-06-03 21:32:34,849 INFO Progress: 10080/51354 (67.2/s) — ETA 614s
2026-06-03 21:32:34,851 INFO POST http://localhost:9200/_search/scroll [status:200 duration:0.002s]
2026-06-03 21:32:35,020 INFO HTTP Request: POST https://open.bigmodel.cn/api/paas/v4/embeddings "HTTP/1.1 200 OK"
2026-06-03 21:32:35,106 INFO PUT http://localhost:9200/_bulk?refresh=false [status:200 duration:0.028s]
2026-06-03 21:32:35,106 INFO Progress: 10100/51354 (67.2/s) — ETA 614s
2026-06-03 21:32:35,108 INFO POST http://localhost:9200/_search/scroll [status:200 duration:0.002s]
2026-06-03 21:32:35,345 INFO HTTP Request: POST https://open.bigmodel.cn/api/paas/v4/embeddings "HTTP/1.1 200 OK"
2026-06-03 21:32:35,429 INFO PUT http://localhost:9200/_bulk?refresh=false [status:200 duration:0.027s]
2026-06-03 21:32:35,429 INFO Progress: 10120/51354 (67.2/s) — ETA 613s
2026-06-03 21:32:35,431 INFO POST http://localhost:9200/_search/scroll [status:200 duration:0.002s]
2026-06-03 21:32:35,618 INFO HTTP Request: POST https://open.bigmodel.cn/api/paas/v4/embeddings "HTTP/1.1 200 OK"
2026-06-03 21:32:35,695 INFO PUT http://localhost:9200/_bulk?refresh=false [status:200 duration:0.026s]
2026-06-03 21:32:35,695 INFO Progress: 10140/51354 (67.2/s) — ETA 613s
2026-06-03 21:32:35,697 INFO POST http://localhost:9200/_search/scroll [status:200 duration:0.002s]
2026-06-03 21:32:35,925 INFO HTTP Request: POST https://open.bigmodel.cn/api/paas/v4/embeddings "HTTP/1.1 200 OK"
2026-06-03 21:32:36,010 INFO PUT http://localhost:9200/_bulk?refresh=false [status:200 duration:0.028s]
2026-06-03 21:32:36,010 INFO Progress: 10160/51354 (67.2/s) — ETA 613s
2026-06-03 21:32:36,012 INFO POST http://localhost:9200/_search/scroll [status:200 duration:0.002s]
2026-06-03 21:32:36,236 INFO HTTP Request: POST https://open.bigmodel.cn/api/paas/v4/embeddings "HTTP/1.1 200 OK"
2026-06-03 21:32:36,314 INFO PUT http://localhost:9200/_bulk?refresh=false [status:200 duration:0.031s]
2026-06-03 21:32:36,314 INFO Progress: 10180/51354 (67.2/s) — ETA 613s
2026-06-03 21:32:36,316 INFO POST http://localhost:9200/_search/scroll [status:200 duration:0.002s]
2026-06-03 21:32:36,524 INFO HTTP Request: POST https://open.bigmodel.cn/api/paas/v4/embeddings "HTTP/1.1 200 OK"
2026-06-03 21:32:36,591 INFO PUT http://localhost:9200/_bulk?refresh=false [status:200 duration:0.027s]
2026-06-03 21:32:36,591 INFO Progress: 10200/51354 (67.2/s) — ETA 612s
2026-06-03 21:32:36,593 INFO POST http://localhost:9200/_search/scroll [status:200 duration:0.002s]
2026-06-03 21:32:36,791 INFO HTTP Request: POST https://open.bigmodel.cn/api/paas/v4/embeddings "HTTP/1.1 200 OK"
2026-06-03 21:32:36,871 INFO PUT http://localhost:9200/_bulk?refresh=false [status:200 duration:0.028s]
2026-06-03 21:32:36,872 INFO Progress: 10220/51354 (67.2/s) — ETA 612s
2026-06-03 21:32:36,874 INFO POST http://localhost:9200/_search/scroll [status:200 duration:0.002s]
2026-06-03 21:32:37,119 INFO HTTP Request: POST https://open.bigmodel.cn/api/paas/v4/embeddings "HTTP/1.1 200 OK"
2026-06-03 21:32:37,203 INFO PUT http://localhost:9200/_bulk?refresh=false [status:200 duration:0.025s]
2026-06-03 21:32:37,204 INFO Progress: 10240/51354 (67.2/s) — ETA 612s
2026-06-03 21:32:37,206 INFO POST http://localhost:9200/_search/scroll [status:200 duration:0.002s]
2026-06-03 21:32:37,373 INFO HTTP Request: POST https://open.bigmodel.cn/api/paas/v4/embeddings "HTTP/1.1 200 OK"
2026-06-03 21:32:37,442 INFO PUT http://localhost:9200/_bulk?refresh=false [status:200 duration:0.026s]
2026-06-03 21:32:37,442 INFO Progress: 10260/51354 (67.2/s) — ETA 611s
2026-06-03 21:32:37,444 INFO POST http://localhost:9200/_search/scroll [status:200 duration:0.002s]
2026-06-03 21:32:37,643 INFO HTTP Request: POST https://open.bigmodel.cn/api/paas/v4/embeddings "HTTP/1.1 200 OK"
2026-06-03 21:32:37,723 INFO PUT http://localhost:9200/_bulk?refresh=false [status:200 duration:0.029s]
2026-06-03 21:32:37,723 INFO Progress: 10280/51354 (67.3/s) — ETA 611s
2026-06-03 21:32:37,726 INFO POST http://localhost:9200/_search/scroll [status:200 duration:0.002s]
2026-06-03 21:32:37,951 INFO HTTP Request: POST https://open.bigmodel.cn/api/paas/v4/embeddings "HTTP/1.1 200 OK"
2026-06-03 21:32:38,038 INFO PUT http://localhost:9200/_bulk?refresh=false [status:200 duration:0.027s]
2026-06-03 21:32:38,039 INFO Progress: 10300/51354 (67.2/s) — ETA 611s
2026-06-03 21:32:38,041 INFO POST http://localhost:9200/_search/scroll [status:200 duration:0.002s]
2026-06-03 21:32:38,199 INFO HTTP Request: POST https://open.bigmodel.cn/api/paas/v4/embeddings "HTTP/1.1 200 OK"
2026-06-03 21:32:38,275 INFO PUT http://localhost:9200/_bulk?refresh=false [status:200 duration:0.028s]
2026-06-03 21:32:38,276 INFO Progress: 10320/51354 (67.3/s) — ETA 610s
2026-06-03 21:32:38,278 INFO POST http://localhost:9200/_search/scroll [status:200 duration:0.002s]
2026-06-03 21:32:38,531 INFO HTTP Request: POST https://open.bigmodel.cn/api/paas/v4/embeddings "HTTP/1.1 200 OK"
2026-06-03 21:32:38,644 INFO PUT http://localhost:9200/_bulk?refresh=false [status:200 duration:0.071s]
2026-06-03 21:32:38,645 INFO Progress: 10340/51354 (67.2/s) — ETA 610s
2026-06-03 21:32:38,647 INFO POST http://localhost:9200/_search/scroll [status:200 duration:0.002s]
2026-06-03 21:32:38,841 INFO HTTP Request: POST https://open.bigmodel.cn/api/paas/v4/embeddings "HTTP/1.1 200 OK"
2026-06-03 21:32:38,935 INFO PUT http://localhost:9200/_bulk?refresh=false [status:200 duration:0.038s]
2026-06-03 21:32:38,935 INFO Progress: 10360/51354 (67.2/s) — ETA 610s
2026-06-03 21:32:38,937 INFO POST http://localhost:9200/_search/scroll [status:200 duration:0.002s]
2026-06-03 21:32:39,186 INFO HTTP Request: POST https://open.bigmodel.cn/api/paas/v4/embeddings "HTTP/1.1 200 OK"
2026-06-03 21:32:39,267 INFO PUT http://localhost:9200/_bulk?refresh=false [status:200 duration:0.027s]
2026-06-03 21:32:39,267 INFO Progress: 10380/51354 (67.2/s) — ETA 609s
2026-06-03 21:32:39,269 INFO POST http://localhost:9200/_search/scroll [status:200 duration:0.002s]
2026-06-03 21:32:39,493 INFO HTTP Request: POST https://open.bigmodel.cn/api/paas/v4/embeddings "HTTP/1.1 200 OK"
2026-06-03 21:32:39,566 INFO PUT http://localhost:9200/_bulk?refresh=false [status:200 duration:0.029s]
2026-06-03 21:32:39,567 INFO Progress: 10400/51354 (67.2/s) — ETA 609s
2026-06-03 21:32:39,569 INFO POST http://localhost:9200/_search/scroll [status:200 duration:0.002s]
2026-06-03 21:32:39,747 INFO HTTP Request: POST https://open.bigmodel.cn/api/paas/v4/embeddings "HTTP/1.1 200 OK"
2026-06-03 21:32:39,831 INFO PUT http://localhost:9200/_bulk?refresh=false [status:200 duration:0.027s]
2026-06-03 21:32:39,831 INFO Progress: 10420/51354 (67.2/s) — ETA 609s
2026-06-03 21:32:39,833 INFO POST http://localhost:9200/_search/scroll [status:200 duration:0.002s]
2026-06-03 21:32:40,048 INFO HTTP Request: POST https://open.bigmodel.cn/api/paas/v4/embeddings "HTTP/1.1 200 OK"
2026-06-03 21:32:40,138 INFO PUT http://localhost:9200/_bulk?refresh=false [status:200 duration:0.028s]
2026-06-03 21:32:40,139 INFO Progress: 10440/51354 (67.2/s) — ETA 609s
2026-06-03 21:32:40,141 INFO POST http://localhost:9200/_search/scroll [status:200 duration:0.002s]
2026-06-03 21:32:40,368 INFO HTTP Request: POST https://open.bigmodel.cn/api/paas/v4/embeddings "HTTP/1.1 200 OK"
2026-06-03 21:32:40,452 INFO PUT http://localhost:9200/_bulk?refresh=false [status:200 duration:0.027s]
2026-06-03 21:32:40,452 INFO Progress: 10460/51354 (67.2/s) — ETA 608s
2026-06-03 21:32:40,455 INFO POST http://localhost:9200/_search/scroll [status:200 duration:0.002s]
2026-06-03 21:32:40,612 INFO HTTP Request: POST https://open.bigmodel.cn/api/paas/v4/embeddings "HTTP/1.1 200 OK"
2026-06-03 21:32:40,688 INFO PUT http://localhost:9200/_bulk?refresh=false [status:200 duration:0.027s]
2026-06-03 21:32:40,688 INFO Progress: 10480/51354 (67.3/s) — ETA 608s
2026-06-03 21:32:40,690 INFO POST http://localhost:9200/_search/scroll [status:200 duration:0.002s]
2026-06-03 21:32:40,870 INFO HTTP Request: POST https://open.bigmodel.cn/api/paas/v4/embeddings "HTTP/1.1 200 OK"
2026-06-03 21:32:40,947 INFO PUT http://localhost:9200/_bulk?refresh=false [status:200 duration:0.028s]
2026-06-03 21:32:40,947 INFO Progress: 10500/51354 (67.3/s) — ETA 607s
2026-06-03 21:32:40,950 INFO POST http://localhost:9200/_search/scroll [status:200 duration:0.002s]
2026-06-03 21:32:41,118 INFO HTTP Request: POST https://open.bigmodel.cn/api/paas/v4/embeddings "HTTP/1.1 200 OK"
2026-06-03 21:32:41,191 INFO PUT http://localhost:9200/_bulk?refresh=false [status:200 duration:0.030s]
2026-06-03 21:32:41,191 INFO Progress: 10520/51354 (67.3/s) — ETA 607s
2026-06-03 21:32:41,193 INFO POST http://localhost:9200/_search/scroll [status:200 duration:0.002s]
2026-06-03 21:32:41,355 INFO HTTP Request: POST https://open.bigmodel.cn/api/paas/v4/embeddings "HTTP/1.1 200 OK"
2026-06-03 21:32:41,436 INFO PUT http://localhost:9200/_bulk?refresh=false [status:200 duration:0.027s]
2026-06-03 21:32:41,436 INFO Progress: 10540/51354 (67.3/s) — ETA 606s
2026-06-03 21:32:41,438 INFO POST http://localhost:9200/_search/scroll [status:200 duration:0.002s]
2026-06-03 21:32:41,631 INFO HTTP Request: POST https://open.bigmodel.cn/api/paas/v4/embeddings "HTTP/1.1 200 OK"
2026-06-03 21:32:41,709 INFO PUT http://localhost:9200/_bulk?refresh=false [status:200 duration:0.027s]
2026-06-03 21:32:41,709 INFO Progress: 10560/51354 (67.3/s) — ETA 606s
2026-06-03 21:32:41,711 INFO POST http://localhost:9200/_search/scroll [status:200 duration:0.002s]
2026-06-03 21:32:41,912 INFO HTTP Request: POST https://open.bigmodel.cn/api/paas/v4/embeddings "HTTP/1.1 200 OK"
2026-06-03 21:32:41,981 INFO PUT http://localhost:9200/_bulk?refresh=false [status:200 duration:0.025s]
2026-06-03 21:32:41,981 INFO Progress: 10580/51354 (67.3/s) — ETA 606s
2026-06-03 21:32:41,983 INFO POST http://localhost:9200/_search/scroll [status:200 duration:0.002s]
2026-06-03 21:32:42,194 INFO HTTP Request: POST https://open.bigmodel.cn/api/paas/v4/embeddings "HTTP/1.1 200 OK"
2026-06-03 21:32:42,281 INFO PUT http://localhost:9200/_bulk?refresh=false [status:200 duration:0.028s]
2026-06-03 21:32:42,281 INFO Progress: 10600/51354 (67.3/s) — ETA 605s
2026-06-03 21:32:42,283 INFO POST http://localhost:9200/_search/scroll [status:200 duration:0.002s]
2026-06-03 21:32:42,465 INFO HTTP Request: POST https://open.bigmodel.cn/api/paas/v4/embeddings "HTTP/1.1 200 OK"
2026-06-03 21:32:42,539 INFO PUT http://localhost:9200/_bulk?refresh=false [status:200 duration:0.025s]
2026-06-03 21:32:42,539 INFO Progress: 10620/51354 (67.4/s) — ETA 605s
2026-06-03 21:32:42,541 INFO POST http://localhost:9200/_search/scroll [status:200 duration:0.002s]
2026-06-03 21:32:42,733 INFO HTTP Request: POST https://open.bigmodel.cn/api/paas/v4/embeddings "HTTP/1.1 200 OK"
2026-06-03 21:32:42,818 INFO PUT http://localhost:9200/_bulk?refresh=false [status:200 duration:0.026s]
2026-06-03 21:32:42,818 INFO Progress: 10640/51354 (67.4/s) — ETA 604s
2026-06-03 21:32:42,820 INFO POST http://localhost:9200/_search/scroll [status:200 duration:0.002s]
2026-06-03 21:32:43,030 INFO HTTP Request: POST https://open.bigmodel.cn/api/paas/v4/embeddings "HTTP/1.1 200 OK"
2026-06-03 21:32:43,116 INFO PUT http://localhost:9200/_bulk?refresh=false [status:200 duration:0.028s]
2026-06-03 21:32:43,116 INFO Progress: 10660/51354 (67.4/s) — ETA 604s
2026-06-03 21:32:43,118 INFO POST http://localhost:9200/_search/scroll [status:200 duration:0.002s]
2026-06-03 21:32:43,325 INFO HTTP Request: POST https://open.bigmodel.cn/api/paas/v4/embeddings "HTTP/1.1 200 OK"
2026-06-03 21:32:43,407 INFO PUT http://localhost:9200/_bulk?refresh=false [status:200 duration:0.026s]
2026-06-03 21:32:43,407 INFO Progress: 10680/51354 (67.4/s) — ETA 604s
2026-06-03 21:32:43,409 INFO POST http://localhost:9200/_search/scroll [status:200 duration:0.002s]
2026-06-03 21:32:43,621 INFO HTTP Request: POST https://open.bigmodel.cn/api/paas/v4/embeddings "HTTP/1.1 200 OK"
2026-06-03 21:32:43,707 INFO PUT http://localhost:9200/_bulk?refresh=false [status:200 duration:0.031s]
2026-06-03 21:32:43,708 INFO Progress: 10700/51354 (67.4/s) — ETA 604s
2026-06-03 21:32:43,710 INFO POST http://localhost:9200/_search/scroll [status:200 duration:0.002s]
2026-06-03 21:32:43,898 INFO HTTP Request: POST https://open.bigmodel.cn/api/paas/v4/embeddings "HTTP/1.1 200 OK"
2026-06-03 21:32:43,984 INFO PUT http://localhost:9200/_bulk?refresh=false [status:200 duration:0.029s]
2026-06-03 21:32:43,984 INFO Progress: 10720/51354 (67.4/s) — ETA 603s
2026-06-03 21:32:43,986 INFO POST http://localhost:9200/_search/scroll [status:200 duration:0.002s]
2026-06-03 21:32:44,172 INFO HTTP Request: POST https://open.bigmodel.cn/api/paas/v4/embeddings "HTTP/1.1 200 OK"
2026-06-03 21:32:44,238 INFO PUT http://localhost:9200/_bulk?refresh=false [status:200 duration:0.028s]
2026-06-03 21:32:44,239 INFO Progress: 10740/51354 (67.4/s) — ETA 603s
2026-06-03 21:32:44,241 INFO POST http://localhost:9200/_search/scroll [status:200 duration:0.002s]
2026-06-03 21:32:44,431 INFO HTTP Request: POST https://open.bigmodel.cn/api/paas/v4/embeddings "HTTP/1.1 200 OK"
2026-06-03 21:32:44,517 INFO PUT http://localhost:9200/_bulk?refresh=false [status:200 duration:0.026s]
2026-06-03 21:32:44,517 INFO Progress: 10760/51354 (67.4/s) — ETA 602s
2026-06-03 21:32:44,519 INFO POST http://localhost:9200/_search/scroll [status:200 duration:0.002s]
2026-06-03 21:32:44,733 INFO HTTP Request: POST https://open.bigmodel.cn/api/paas/v4/embeddings "HTTP/1.1 200 OK"
2026-06-03 21:32:44,821 INFO PUT http://localhost:9200/_bulk?refresh=false [status:200 duration:0.030s]
2026-06-03 21:32:44,821 INFO Progress: 10780/51354 (67.4/s) — ETA 602s
2026-06-03 21:32:44,823 INFO POST http://localhost:9200/_search/scroll [status:200 duration:0.002s]
2026-06-03 21:32:44,998 INFO HTTP Request: POST https://open.bigmodel.cn/api/paas/v4/embeddings "HTTP/1.1 200 OK"
2026-06-03 21:32:45,078 INFO PUT http://localhost:9200/_bulk?refresh=false [status:200 duration:0.028s]
2026-06-03 21:32:45,079 INFO Progress: 10800/51354 (67.4/s) — ETA 602s
2026-06-03 21:32:45,081 INFO POST http://localhost:9200/_search/scroll [status:200 duration:0.002s]
2026-06-03 21:32:45,262 INFO HTTP Request: POST https://open.bigmodel.cn/api/paas/v4/embeddings "HTTP/1.1 200 OK"
2026-06-03 21:32:45,344 INFO PUT http://localhost:9200/_bulk?refresh=false [status:200 duration:0.027s]
2026-06-03 21:32:45,344 INFO Progress: 10820/51354 (67.4/s) — ETA 601s
2026-06-03 21:32:45,346 INFO POST http://localhost:9200/_search/scroll [status:200 duration:0.002s]
2026-06-03 21:32:45,777 INFO HTTP Request: POST https://open.bigmodel.cn/api/paas/v4/embeddings "HTTP/1.1 200 OK"
2026-06-03 21:32:45,862 INFO PUT http://localhost:9200/_bulk?refresh=false [status:200 duration:0.028s]
2026-06-03 21:32:45,862 INFO Progress: 10840/51354 (67.3/s) — ETA 602s
2026-06-03 21:32:45,864 INFO POST http://localhost:9200/_search/scroll [status:200 duration:0.002s]
2026-06-03 21:32:46,246 INFO HTTP Request: POST https://open.bigmodel.cn/api/paas/v4/embeddings "HTTP/1.1 200 OK"
2026-06-03 21:32:46,328 INFO PUT http://localhost:9200/_bulk?refresh=false [status:200 duration:0.032s]
2026-06-03 21:32:46,328 INFO Progress: 10860/51354 (67.3/s) — ETA 602s
2026-06-03 21:32:46,333 INFO POST http://localhost:9200/_search/scroll [status:200 duration:0.004s]
2026-06-03 21:32:46,755 INFO HTTP Request: POST https://open.bigmodel.cn/api/paas/v4/embeddings "HTTP/1.1 200 OK"
2026-06-03 21:32:46,836 INFO PUT http://localhost:9200/_bulk?refresh=false [status:200 duration:0.028s]
2026-06-03 21:32:46,837 INFO Progress: 10880/51354 (67.2/s) — ETA 603s
2026-06-03 21:32:46,840 INFO POST http://localhost:9200/_search/scroll [status:200 duration:0.003s]
2026-06-03 21:32:47,052 INFO HTTP Request: POST https://open.bigmodel.cn/api/paas/v4/embeddings "HTTP/1.1 200 OK"
2026-06-03 21:32:47,116 INFO PUT http://localhost:9200/_bulk?refresh=false [status:200 duration:0.025s]
2026-06-03 21:32:47,116 INFO Progress: 10900/51354 (67.2/s) — ETA 602s
2026-06-03 21:32:47,118 INFO POST http://localhost:9200/_search/scroll [status:200 duration:0.002s]
2026-06-03 21:32:47,302 INFO HTTP Request: POST https://open.bigmodel.cn/api/paas/v4/embeddings "HTTP/1.1 200 OK"
2026-06-03 21:32:47,371 INFO PUT http://localhost:9200/_bulk?refresh=false [status:200 duration:0.024s]
2026-06-03 21:32:47,372 INFO Progress: 10920/51354 (67.2/s) — ETA 602s
2026-06-03 21:32:47,374 INFO POST http://localhost:9200/_search/scroll [status:200 duration:0.002s]
2026-06-03 21:32:47,562 INFO HTTP Request: POST https://open.bigmodel.cn/api/paas/v4/embeddings "HTTP/1.1 200 OK"
2026-06-03 21:32:47,644 INFO PUT http://localhost:9200/_bulk?refresh=false [status:200 duration:0.026s]
2026-06-03 21:32:47,644 INFO Progress: 10940/51354 (67.2/s) — ETA 601s
2026-06-03 21:32:47,647 INFO POST http://localhost:9200/_search/scroll [status:200 duration:0.002s]
2026-06-03 21:32:47,840 INFO HTTP Request: POST https://open.bigmodel.cn/api/paas/v4/embeddings "HTTP/1.1 200 OK"
2026-06-03 21:32:47,920 INFO PUT http://localhost:9200/_bulk?refresh=false [status:200 duration:0.025s]
2026-06-03 21:32:47,920 INFO Progress: 10960/51354 (67.2/s) — ETA 601s
2026-06-03 21:32:47,922 INFO POST http://localhost:9200/_search/scroll [status:200 duration:0.002s]
2026-06-03 21:32:48,189 INFO HTTP Request: POST https://open.bigmodel.cn/api/paas/v4/embeddings "HTTP/1.1 200 OK"
2026-06-03 21:32:48,273 INFO PUT http://localhost:9200/_bulk?refresh=false [status:200 duration:0.025s]
2026-06-03 21:32:48,273 INFO Progress: 10980/51354 (67.2/s) — ETA 601s
2026-06-03 21:32:48,275 INFO POST http://localhost:9200/_search/scroll [status:200 duration:0.002s]
2026-06-03 21:32:48,461 INFO HTTP Request: POST https://open.bigmodel.cn/api/paas/v4/embeddings "HTTP/1.1 200 OK"
2026-06-03 21:32:48,546 INFO PUT http://localhost:9200/_bulk?refresh=false [status:200 duration:0.026s]
2026-06-03 21:32:48,546 INFO Progress: 11000/51354 (67.2/s) — ETA 600s
2026-06-03 21:32:48,548 INFO POST http://localhost:9200/_search/scroll [status:200 duration:0.002s]
2026-06-03 21:32:48,710 INFO HTTP Request: POST https://open.bigmodel.cn/api/paas/v4/embeddings "HTTP/1.1 200 OK"
2026-06-03 21:32:48,778 INFO PUT http://localhost:9200/_bulk?refresh=false [status:200 duration:0.026s]
2026-06-03 21:32:48,778 INFO Progress: 11020/51354 (67.2/s) — ETA 600s
2026-06-03 21:32:48,780 INFO POST http://localhost:9200/_search/scroll [status:200 duration:0.002s]
2026-06-03 21:32:48,977 INFO HTTP Request: POST https://open.bigmodel.cn/api/paas/v4/embeddings "HTTP/1.1 200 OK"
2026-06-03 21:32:49,054 INFO PUT http://localhost:9200/_bulk?refresh=false [status:200 duration:0.025s]
2026-06-03 21:32:49,054 INFO Progress: 11040/51354 (67.2/s) — ETA 600s
2026-06-03 21:32:49,056 INFO POST http://localhost:9200/_search/scroll [status:200 duration:0.002s]
2026-06-03 21:32:49,241 INFO HTTP Request: POST https://open.bigmodel.cn/api/paas/v4/embeddings "HTTP/1.1 200 OK"
2026-06-03 21:32:49,295 INFO PUT http://localhost:9200/_bulk?refresh=false [status:200 duration:0.024s]
2026-06-03 21:32:49,295 INFO Progress: 11060/51354 (67.3/s) — ETA 599s
2026-06-03 21:32:49,297 INFO POST http://localhost:9200/_search/scroll [status:200 duration:0.002s]
2026-06-03 21:32:49,502 INFO HTTP Request: POST https://open.bigmodel.cn/api/paas/v4/embeddings "HTTP/1.1 200 OK"
2026-06-03 21:32:49,581 INFO PUT http://localhost:9200/_bulk?refresh=false [status:200 duration:0.025s]
2026-06-03 21:32:49,581 INFO Progress: 11080/51354 (67.3/s) — ETA 599s
2026-06-03 21:32:49,583 INFO POST http://localhost:9200/_search/scroll [status:200 duration:0.002s]
2026-06-03 21:32:57,002 WARNING embed_batch chunk 0 failed: 
2026-06-03 21:32:57,003 INFO Progress: 11100/51354 (64.5/s) — ETA 624s
2026-06-03 21:32:57,005 INFO POST http://localhost:9200/_search/scroll [status:200 duration:0.002s]
2026-06-03 21:32:57,185 INFO HTTP Request: POST https://open.bigmodel.cn/api/paas/v4/embeddings "HTTP/1.1 200 OK"
2026-06-03 21:32:57,266 INFO PUT http://localhost:9200/_bulk?refresh=false [status:200 duration:0.026s]
2026-06-03 21:32:57,266 INFO Progress: 11120/51354 (64.5/s) — ETA 624s
2026-06-03 21:32:57,268 INFO POST http://localhost:9200/_search/scroll [status:200 duration:0.002s]
2026-06-03 21:32:57,462 INFO HTTP Request: POST https://open.bigmodel.cn/api/paas/v4/embeddings "HTTP/1.1 200 OK"
2026-06-03 21:32:57,532 INFO PUT http://localhost:9200/_bulk?refresh=false [status:200 duration:0.025s]
2026-06-03 21:32:57,532 INFO Progress: 11140/51354 (64.5/s) — ETA 623s
2026-06-03 21:32:57,534 INFO POST http://localhost:9200/_search/scroll [status:200 duration:0.002s]
2026-06-03 21:32:57,750 INFO HTTP Request: POST https://open.bigmodel.cn/api/paas/v4/embeddings "HTTP/1.1 200 OK"
2026-06-03 21:32:57,833 INFO PUT http://localhost:9200/_bulk?refresh=false [status:200 duration:0.027s]
2026-06-03 21:32:57,833 INFO Progress: 11160/51354 (64.5/s) — ETA 623s
2026-06-03 21:32:57,835 INFO POST http://localhost:9200/_search/scroll [status:200 duration:0.002s]
2026-06-03 21:32:58,023 INFO HTTP Request: POST https://open.bigmodel.cn/api/paas/v4/embeddings "HTTP/1.1 200 OK"
2026-06-03 21:32:58,107 INFO PUT http://localhost:9200/_bulk?refresh=false [status:200 duration:0.026s]
2026-06-03 21:32:58,107 INFO Progress: 11180/51354 (64.5/s) — ETA 623s
2026-06-03 21:32:58,109 INFO POST http://localhost:9200/_search/scroll [status:200 duration:0.002s]
2026-06-03 21:32:58,336 INFO HTTP Request: POST https://open.bigmodel.cn/api/paas/v4/embeddings "HTTP/1.1 200 OK"
2026-06-03 21:32:58,410 INFO PUT http://localhost:9200/_bulk?refresh=false [status:200 duration:0.026s]
2026-06-03 21:32:58,411 INFO Progress: 11200/51354 (64.5/s) — ETA 622s
2026-06-03 21:32:58,413 INFO POST http://localhost:9200/_search/scroll [status:200 duration:0.002s]
2026-06-03 21:32:58,633 INFO HTTP Request: POST https://open.bigmodel.cn/api/paas/v4/embeddings "HTTP/1.1 200 OK"
2026-06-03 21:32:58,726 INFO PUT http://localhost:9200/_bulk?refresh=false [status:200 duration:0.034s]
2026-06-03 21:32:58,726 INFO Progress: 11220/51354 (64.5/s) — ETA 622s
2026-06-03 21:32:58,729 INFO POST http://localhost:9200/_search/scroll [status:200 duration:0.002s]
2026-06-03 21:32:58,959 INFO HTTP Request: POST https://open.bigmodel.cn/api/paas/v4/embeddings "HTTP/1.1 200 OK"
2026-06-03 21:32:59,023 INFO PUT http://localhost:9200/_bulk?refresh=false [status:200 duration:0.027s]
2026-06-03 21:32:59,023 INFO Progress: 11240/51354 (64.5/s) — ETA 622s
2026-06-03 21:32:59,025 INFO POST http://localhost:9200/_search/scroll [status:200 duration:0.002s]
2026-06-03 21:32:59,197 INFO HTTP Request: POST https://open.bigmodel.cn/api/paas/v4/embeddings "HTTP/1.1 200 OK"
2026-06-03 21:32:59,273 INFO PUT http://localhost:9200/_bulk?refresh=false [status:200 duration:0.026s]
2026-06-03 21:32:59,273 INFO Progress: 11260/51354 (64.6/s) — ETA 621s
2026-06-03 21:32:59,275 INFO POST http://localhost:9200/_search/scroll [status:200 duration:0.002s]
2026-06-03 21:32:59,461 INFO HTTP Request: POST https://open.bigmodel.cn/api/paas/v4/embeddings "HTTP/1.1 200 OK"
2026-06-03 21:32:59,526 INFO PUT http://localhost:9200/_bulk?refresh=false [status:200 duration:0.025s]
2026-06-03 21:32:59,527 INFO Progress: 11280/51354 (64.6/s) — ETA 621s
2026-06-03 21:32:59,529 INFO POST http://localhost:9200/_search/scroll [status:200 duration:0.002s]
2026-06-03 21:32:59,711 INFO HTTP Request: POST https://open.bigmodel.cn/api/paas/v4/embeddings "HTTP/1.1 200 OK"
2026-06-03 21:32:59,780 INFO PUT http://localhost:9200/_bulk?refresh=false [status:200 duration:0.024s]
2026-06-03 21:32:59,780 INFO Progress: 11300/51354 (64.6/s) — ETA 620s
2026-06-03 21:32:59,782 INFO POST http://localhost:9200/_search/scroll [status:200 duration:0.002s]
2026-06-03 21:32:59,992 INFO HTTP Request: POST https://open.bigmodel.cn/api/paas/v4/embeddings "HTTP/1.1 200 OK"
2026-06-03 21:33:00,077 INFO PUT http://localhost:9200/_bulk?refresh=false [status:200 duration:0.027s]
2026-06-03 21:33:00,077 INFO Progress: 11320/51354 (64.6/s) — ETA 620s
2026-06-03 21:33:00,080 INFO POST http://localhost:9200/_search/scroll [status:200 duration:0.002s]
2026-06-03 21:33:00,330 INFO HTTP Request: POST https://open.bigmodel.cn/api/paas/v4/embeddings "HTTP/1.1 200 OK"
2026-06-03 21:33:00,417 INFO PUT http://localhost:9200/_bulk?refresh=false [status:200 duration:0.027s]
2026-06-03 21:33:00,417 INFO Progress: 11340/51354 (64.6/s) — ETA 619s
2026-06-03 21:33:00,419 INFO POST http://localhost:9200/_search/scroll [status:200 duration:0.002s]
2026-06-03 21:33:00,590 INFO HTTP Request: POST https://open.bigmodel.cn/api/paas/v4/embeddings "HTTP/1.1 200 OK"
2026-06-03 21:33:00,680 INFO PUT http://localhost:9200/_bulk?refresh=false [status:200 duration:0.030s]
2026-06-03 21:33:00,680 INFO Progress: 11360/51354 (64.6/s) — ETA 619s
2026-06-03 21:33:00,683 INFO POST http://localhost:9200/_search/scroll [status:200 duration:0.002s]
2026-06-03 21:33:00,846 INFO HTTP Request: POST https://open.bigmodel.cn/api/paas/v4/embeddings "HTTP/1.1 200 OK"
2026-06-03 21:33:00,934 INFO PUT http://localhost:9200/_bulk?refresh=false [status:200 duration:0.027s]
2026-06-03 21:33:00,934 INFO Progress: 11380/51354 (64.6/s) — ETA 618s
2026-06-03 21:33:00,937 INFO POST http://localhost:9200/_search/scroll [status:200 duration:0.002s]
2026-06-03 21:33:01,172 INFO HTTP Request: POST https://open.bigmodel.cn/api/paas/v4/embeddings "HTTP/1.1 200 OK"
2026-06-03 21:33:01,255 INFO PUT http://localhost:9200/_bulk?refresh=false [status:200 duration:0.028s]
2026-06-03 21:33:01,255 INFO Progress: 11400/51354 (64.6/s) — ETA 618s
2026-06-03 21:33:01,258 INFO POST http://localhost:9200/_search/scroll [status:200 duration:0.003s]
2026-06-03 21:33:01,484 INFO HTTP Request: POST https://open.bigmodel.cn/api/paas/v4/embeddings "HTTP/1.1 200 OK"
2026-06-03 21:33:01,563 INFO PUT http://localhost:9200/_bulk?refresh=false [status:200 duration:0.029s]
2026-06-03 21:33:01,564 INFO Progress: 11420/51354 (64.6/s) — ETA 618s
2026-06-03 21:33:01,566 INFO POST http://localhost:9200/_search/scroll [status:200 duration:0.002s]
2026-06-03 21:33:01,762 INFO HTTP Request: POST https://open.bigmodel.cn/api/paas/v4/embeddings "HTTP/1.1 200 OK"
2026-06-03 21:33:01,846 INFO PUT http://localhost:9200/_bulk?refresh=false [status:200 duration:0.027s]
2026-06-03 21:33:01,846 INFO Progress: 11440/51354 (64.6/s) — ETA 617s
2026-06-03 21:33:01,848 INFO POST http://localhost:9200/_search/scroll [status:200 duration:0.002s]
2026-06-03 21:33:02,027 INFO HTTP Request: POST https://open.bigmodel.cn/api/paas/v4/embeddings "HTTP/1.1 200 OK"
2026-06-03 21:33:02,106 INFO PUT http://localhost:9200/_bulk?refresh=false [status:200 duration:0.028s]
2026-06-03 21:33:02,106 INFO Progress: 11460/51354 (64.7/s) — ETA 617s
2026-06-03 21:33:02,108 INFO POST http://localhost:9200/_search/scroll [status:200 duration:0.002s]
2026-06-03 21:33:02,284 INFO HTTP Request: POST https://open.bigmodel.cn/api/paas/v4/embeddings "HTTP/1.1 200 OK"
2026-06-03 21:33:02,374 INFO PUT http://localhost:9200/_bulk?refresh=false [status:200 duration:0.030s]
2026-06-03 21:33:02,374 INFO Progress: 11480/51354 (64.7/s) — ETA 617s
2026-06-03 21:33:02,376 INFO POST http://localhost:9200/_search/scroll [status:200 duration:0.002s]
2026-06-03 21:33:02,604 INFO HTTP Request: POST https://open.bigmodel.cn/api/paas/v4/embeddings "HTTP/1.1 200 OK"
2026-06-03 21:33:02,690 INFO PUT http://localhost:9200/_bulk?refresh=false [status:200 duration:0.028s]
2026-06-03 21:33:02,690 INFO Progress: 11500/51354 (64.7/s) — ETA 616s
2026-06-03 21:33:02,692 INFO POST http://localhost:9200/_search/scroll [status:200 duration:0.002s]
2026-06-03 21:33:02,892 INFO HTTP Request: POST https://open.bigmodel.cn/api/paas/v4/embeddings "HTTP/1.1 200 OK"
2026-06-03 21:33:02,975 INFO PUT http://localhost:9200/_bulk?refresh=false [status:200 duration:0.026s]
2026-06-03 21:33:02,976 INFO Progress: 11520/51354 (64.7/s) — ETA 616s
2026-06-03 21:33:02,978 INFO POST http://localhost:9200/_search/scroll [status:200 duration:0.002s]
2026-06-03 21:33:03,163 INFO HTTP Request: POST https://open.bigmodel.cn/api/paas/v4/embeddings "HTTP/1.1 200 OK"
2026-06-03 21:33:03,252 INFO PUT http://localhost:9200/_bulk?refresh=false [status:200 duration:0.032s]
2026-06-03 21:33:03,253 INFO Progress: 11540/51354 (64.7/s) — ETA 615s
2026-06-03 21:33:03,255 INFO POST http://localhost:9200/_search/scroll [status:200 duration:0.002s]
2026-06-03 21:33:03,484 INFO HTTP Request: POST https://open.bigmodel.cn/api/paas/v4/embeddings "HTTP/1.1 200 OK"
2026-06-03 21:33:03,574 INFO PUT http://localhost:9200/_bulk?refresh=false [status:200 duration:0.029s]
2026-06-03 21:33:03,575 INFO Progress: 11560/51354 (64.7/s) — ETA 615s
2026-06-03 21:33:03,577 INFO POST http://localhost:9200/_search/scroll [status:200 duration:0.002s]
2026-06-03 21:33:03,799 INFO HTTP Request: POST https://open.bigmodel.cn/api/paas/v4/embeddings "HTTP/1.1 200 OK"
2026-06-03 21:33:03,871 INFO PUT http://localhost:9200/_bulk?refresh=false [status:200 duration:0.031s]
2026-06-03 21:33:03,871 INFO Progress: 11580/51354 (64.7/s) — ETA 615s
2026-06-03 21:33:03,873 INFO POST http://localhost:9200/_search/scroll [status:200 duration:0.002s]
2026-06-03 21:33:04,064 INFO HTTP Request: POST https://open.bigmodel.cn/api/paas/v4/embeddings "HTTP/1.1 200 OK"
2026-06-03 21:33:04,151 INFO PUT http://localhost:9200/_bulk?refresh=false [status:200 duration:0.030s]
2026-06-03 21:33:04,151 INFO Progress: 11600/51354 (64.7/s) — ETA 614s
2026-06-03 21:33:04,153 INFO POST http://localhost:9200/_search/scroll [status:200 duration:0.002s]
2026-06-03 21:33:04,370 INFO HTTP Request: POST https://open.bigmodel.cn/api/paas/v4/embeddings "HTTP/1.1 200 OK"
2026-06-03 21:33:04,457 INFO PUT http://localhost:9200/_bulk?refresh=false [status:200 duration:0.030s]
2026-06-03 21:33:04,457 INFO Progress: 11620/51354 (64.7/s) — ETA 614s
2026-06-03 21:33:04,459 INFO POST http://localhost:9200/_search/scroll [status:200 duration:0.002s]
2026-06-03 21:33:04,701 INFO HTTP Request: POST https://open.bigmodel.cn/api/paas/v4/embeddings "HTTP/1.1 200 OK"
2026-06-03 21:33:04,784 INFO PUT http://localhost:9200/_bulk?refresh=false [status:200 duration:0.024s]
2026-06-03 21:33:04,784 INFO Progress: 11640/51354 (64.7/s) — ETA 614s
2026-06-03 21:33:04,786 INFO POST http://localhost:9200/_search/scroll [status:200 duration:0.002s]
2026-06-03 21:33:04,994 INFO HTTP Request: POST https://open.bigmodel.cn/api/paas/v4/embeddings "HTTP/1.1 200 OK"
2026-06-03 21:33:05,070 INFO PUT http://localhost:9200/_bulk?refresh=false [status:200 duration:0.027s]
2026-06-03 21:33:05,071 INFO Progress: 11660/51354 (64.7/s) — ETA 613s
2026-06-03 21:33:05,073 INFO POST http://localhost:9200/_search/scroll [status:200 duration:0.002s]
2026-06-03 21:33:05,264 INFO HTTP Request: POST https://open.bigmodel.cn/api/paas/v4/embeddings "HTTP/1.1 200 OK"
2026-06-03 21:33:05,335 INFO PUT http://localhost:9200/_bulk?refresh=false [status:200 duration:0.027s]
2026-06-03 21:33:05,335 INFO Progress: 11680/51354 (64.7/s) — ETA 613s
2026-06-03 21:33:05,338 INFO POST http://localhost:9200/_search/scroll [status:200 duration:0.002s]
2026-06-03 21:33:05,541 INFO HTTP Request: POST https://open.bigmodel.cn/api/paas/v4/embeddings "HTTP/1.1 200 OK"
2026-06-03 21:33:05,619 INFO PUT http://localhost:9200/_bulk?refresh=false [status:200 duration:0.027s]
2026-06-03 21:33:05,619 INFO Progress: 11700/51354 (64.7/s) — ETA 613s
2026-06-03 21:33:05,621 INFO POST http://localhost:9200/_search/scroll [status:200 duration:0.002s]
2026-06-03 21:33:05,817 INFO HTTP Request: POST https://open.bigmodel.cn/api/paas/v4/embeddings "HTTP/1.1 200 OK"
2026-06-03 21:33:05,892 INFO PUT http://localhost:9200/_bulk?refresh=false [status:200 duration:0.026s]
2026-06-03 21:33:05,892 INFO Progress: 11720/51354 (64.7/s) — ETA 612s
2026-06-03 21:33:05,895 INFO POST http://localhost:9200/_search/scroll [status:200 duration:0.002s]
2026-06-03 21:33:06,100 INFO HTTP Request: POST https://open.bigmodel.cn/api/paas/v4/embeddings "HTTP/1.1 200 OK"
2026-06-03 21:33:06,176 INFO PUT http://localhost:9200/_bulk?refresh=false [status:200 duration:0.026s]
2026-06-03 21:33:06,176 INFO Progress: 11740/51354 (64.8/s) — ETA 612s
2026-06-03 21:33:06,178 INFO POST http://localhost:9200/_search/scroll [status:200 duration:0.002s]
2026-06-03 21:33:06,381 INFO HTTP Request: POST https://open.bigmodel.cn/api/paas/v4/embeddings "HTTP/1.1 200 OK"
2026-06-03 21:33:06,467 INFO PUT http://localhost:9200/_bulk?refresh=false [status:200 duration:0.035s]
2026-06-03 21:33:06,468 INFO Progress: 11760/51354 (64.8/s) — ETA 611s
2026-06-03 21:33:06,470 INFO POST http://localhost:9200/_search/scroll [status:200 duration:0.002s]
2026-06-03 21:33:06,648 INFO HTTP Request: POST https://open.bigmodel.cn/api/paas/v4/embeddings "HTTP/1.1 200 OK"
2026-06-03 21:33:06,883 INFO PUT http://localhost:9200/_bulk?refresh=false [status:200 duration:0.176s]
2026-06-03 21:33:06,884 INFO Progress: 11780/51354 (64.7/s) — ETA 611s
2026-06-03 21:33:06,886 INFO POST http://localhost:9200/_search/scroll [status:200 duration:0.003s]
2026-06-03 21:33:07,077 INFO HTTP Request: POST https://open.bigmodel.cn/api/paas/v4/embeddings "HTTP/1.1 200 OK"
2026-06-03 21:33:07,156 INFO PUT http://localhost:9200/_bulk?refresh=false [status:200 duration:0.024s]
2026-06-03 21:33:07,156 INFO Progress: 11800/51354 (64.7/s) — ETA 611s
2026-06-03 21:33:07,158 INFO POST http://localhost:9200/_search/scroll [status:200 duration:0.002s]
2026-06-03 21:33:07,365 INFO HTTP Request: POST https://open.bigmodel.cn/api/paas/v4/embeddings "HTTP/1.1 200 OK"
2026-06-03 21:33:07,452 INFO PUT http://localhost:9200/_bulk?refresh=false [status:200 duration:0.023s]
2026-06-03 21:33:07,453 INFO Progress: 11820/51354 (64.7/s) — ETA 611s
2026-06-03 21:33:07,455 INFO POST http://localhost:9200/_search/scroll [status:200 duration:0.002s]
2026-06-03 21:33:07,642 INFO HTTP Request: POST https://open.bigmodel.cn/api/paas/v4/embeddings "HTTP/1.1 200 OK"
2026-06-03 21:33:07,718 INFO PUT http://localhost:9200/_bulk?refresh=false [status:200 duration:0.031s]
2026-06-03 21:33:07,719 INFO Progress: 11840/51354 (64.8/s) — ETA 610s
2026-06-03 21:33:07,723 INFO POST http://localhost:9200/_search/scroll [status:200 duration:0.004s]
2026-06-03 21:33:07,958 INFO HTTP Request: POST https://open.bigmodel.cn/api/paas/v4/embeddings "HTTP/1.1 200 OK"
2026-06-03 21:33:08,043 INFO PUT http://localhost:9200/_bulk?refresh=false [status:200 duration:0.029s]
2026-06-03 21:33:08,043 INFO Progress: 11860/51354 (64.7/s) — ETA 610s
2026-06-03 21:33:08,047 INFO POST http://localhost:9200/_search/scroll [status:200 duration:0.004s]
2026-06-03 21:33:08,481 INFO HTTP Request: POST https://open.bigmodel.cn/api/paas/v4/embeddings "HTTP/1.1 200 OK"
2026-06-03 21:33:08,548 INFO PUT http://localhost:9200/_bulk?refresh=false [status:200 duration:0.023s]
2026-06-03 21:33:08,549 INFO Progress: 11880/51354 (64.7/s) — ETA 610s
2026-06-03 21:33:08,551 INFO POST http://localhost:9200/_search/scroll [status:200 duration:0.002s]
2026-06-03 21:33:08,968 INFO HTTP Request: POST https://open.bigmodel.cn/api/paas/v4/embeddings "HTTP/1.1 200 OK"
2026-06-03 21:33:09,034 INFO PUT http://localhost:9200/_bulk?refresh=false [status:200 duration:0.024s]
2026-06-03 21:33:09,034 INFO Progress: 11900/51354 (64.6/s) — ETA 611s
2026-06-03 21:33:09,036 INFO POST http://localhost:9200/_search/scroll [status:200 duration:0.002s]
2026-06-03 21:33:09,231 INFO HTTP Request: POST https://open.bigmodel.cn/api/paas/v4/embeddings "HTTP/1.1 200 OK"
2026-06-03 21:33:09,313 INFO PUT http://localhost:9200/_bulk?refresh=false [status:200 duration:0.024s]
2026-06-03 21:33:09,313 INFO Progress: 11920/51354 (64.6/s) — ETA 610s
2026-06-03 21:33:09,315 INFO POST http://localhost:9200/_search/scroll [status:200 duration:0.002s]
2026-06-03 21:33:09,538 INFO HTTP Request: POST https://open.bigmodel.cn/api/paas/v4/embeddings "HTTP/1.1 200 OK"
2026-06-03 21:33:09,618 INFO PUT http://localhost:9200/_bulk?refresh=false [status:200 duration:0.025s]
2026-06-03 21:33:09,618 INFO Progress: 11940/51354 (64.6/s) — ETA 610s
2026-06-03 21:33:09,620 INFO POST http://localhost:9200/_search/scroll [status:200 duration:0.002s]
2026-06-03 21:33:09,801 INFO HTTP Request: POST https://open.bigmodel.cn/api/paas/v4/embeddings "HTTP/1.1 200 OK"
2026-06-03 21:33:09,880 INFO PUT http://localhost:9200/_bulk?refresh=false [status:200 duration:0.023s]
2026-06-03 21:33:09,880 INFO Progress: 11960/51354 (64.6/s) — ETA 609s
2026-06-03 21:33:09,882 INFO POST http://localhost:9200/_search/scroll [status:200 duration:0.002s]
2026-06-03 21:33:10,057 INFO HTTP Request: POST https://open.bigmodel.cn/api/paas/v4/embeddings "HTTP/1.1 200 OK"
2026-06-03 21:33:10,110 INFO PUT http://localhost:9200/_bulk?refresh=false [status:200 duration:0.024s]
2026-06-03 21:33:10,110 INFO Progress: 11980/51354 (64.7/s) — ETA 609s
2026-06-03 21:33:10,113 INFO POST http://localhost:9200/_search/scroll [status:200 duration:0.002s]
2026-06-03 21:33:10,360 INFO HTTP Request: POST https://open.bigmodel.cn/api/paas/v4/embeddings "HTTP/1.1 200 OK"
2026-06-03 21:33:10,424 INFO PUT http://localhost:9200/_bulk?refresh=false [status:200 duration:0.026s]
2026-06-03 21:33:10,424 INFO Progress: 12000/51354 (64.7/s) — ETA 609s
2026-06-03 21:33:10,426 INFO POST http://localhost:9200/_search/scroll [status:200 duration:0.002s]
2026-06-03 21:33:10,635 INFO HTTP Request: POST https://open.bigmodel.cn/api/paas/v4/embeddings "HTTP/1.1 200 OK"
2026-06-03 21:33:10,715 INFO PUT http://localhost:9200/_bulk?refresh=false [status:200 duration:0.027s]
2026-06-03 21:33:10,715 INFO Progress: 12020/51354 (64.7/s) — ETA 608s
2026-06-03 21:33:10,718 INFO POST http://localhost:9200/_search/scroll [status:200 duration:0.002s]
2026-06-03 21:33:10,966 INFO HTTP Request: POST https://open.bigmodel.cn/api/paas/v4/embeddings "HTTP/1.1 200 OK"
2026-06-03 21:33:11,039 INFO PUT http://localhost:9200/_bulk?refresh=false [status:200 duration:0.026s]
2026-06-03 21:33:11,040 INFO Progress: 12040/51354 (64.7/s) — ETA 608s
2026-06-03 21:33:11,042 INFO POST http://localhost:9200/_search/scroll [status:200 duration:0.002s]
2026-06-03 21:33:11,236 INFO HTTP Request: POST https://open.bigmodel.cn/api/paas/v4/embeddings "HTTP/1.1 200 OK"
2026-06-03 21:33:11,316 INFO PUT http://localhost:9200/_bulk?refresh=false [status:200 duration:0.024s]
2026-06-03 21:33:11,316 INFO Progress: 12060/51354 (64.7/s) — ETA 607s
2026-06-03 21:33:11,318 INFO POST http://localhost:9200/_search/scroll [status:200 duration:0.002s]
2026-06-03 21:33:11,520 INFO HTTP Request: POST https://open.bigmodel.cn/api/paas/v4/embeddings "HTTP/1.1 200 OK"
2026-06-03 21:33:11,602 INFO PUT http://localhost:9200/_bulk?refresh=false [status:200 duration:0.024s]
2026-06-03 21:33:11,602 INFO Progress: 12080/51354 (64.7/s) — ETA 607s
2026-06-03 21:33:11,604 INFO POST http://localhost:9200/_search/scroll [status:200 duration:0.002s]
2026-06-03 21:33:11,829 INFO HTTP Request: POST https://open.bigmodel.cn/api/paas/v4/embeddings "HTTP/1.1 200 OK"
2026-06-03 21:33:11,900 INFO PUT http://localhost:9200/_bulk?refresh=false [status:200 duration:0.026s]
2026-06-03 21:33:11,900 INFO Progress: 12100/51354 (64.7/s) — ETA 607s
2026-06-03 21:33:11,902 INFO POST http://localhost:9200/_search/scroll [status:200 duration:0.002s]
2026-06-03 21:33:12,120 INFO HTTP Request: POST https://open.bigmodel.cn/api/paas/v4/embeddings "HTTP/1.1 200 OK"
2026-06-03 21:33:12,187 INFO PUT http://localhost:9200/_bulk?refresh=false [status:200 duration:0.024s]
2026-06-03 21:33:12,187 INFO Progress: 12120/51354 (64.7/s) — ETA 606s
2026-06-03 21:33:12,189 INFO POST http://localhost:9200/_search/scroll [status:200 duration:0.002s]
2026-06-03 21:33:13,059 INFO HTTP Request: POST https://open.bigmodel.cn/api/paas/v4/embeddings "HTTP/1.1 200 OK"
2026-06-03 21:33:13,120 INFO PUT http://localhost:9200/_bulk?refresh=false [status:200 duration:0.024s]
2026-06-03 21:33:13,121 INFO Progress: 12140/51354 (64.5/s) — ETA 608s
2026-06-03 21:33:13,123 INFO POST http://localhost:9200/_search/scroll [status:200 duration:0.002s]
2026-06-03 21:33:13,610 INFO HTTP Request: POST https://open.bigmodel.cn/api/paas/v4/embeddings "HTTP/1.1 200 OK"
2026-06-03 21:33:13,692 INFO PUT http://localhost:9200/_bulk?refresh=false [status:200 duration:0.025s]
2026-06-03 21:33:13,692 INFO Progress: 12160/51354 (64.4/s) — ETA 609s
2026-06-03 21:33:13,694 INFO POST http://localhost:9200/_search/scroll [status:200 duration:0.002s]
2026-06-03 21:33:13,923 INFO HTTP Request: POST https://open.bigmodel.cn/api/paas/v4/embeddings "HTTP/1.1 200 OK"
2026-06-03 21:33:14,004 INFO PUT http://localhost:9200/_bulk?refresh=false [status:200 duration:0.025s]
2026-06-03 21:33:14,005 INFO Progress: 12180/51354 (64.4/s) — ETA 608s
2026-06-03 21:33:14,007 INFO POST http://localhost:9200/_search/scroll [status:200 duration:0.002s]
2026-06-03 21:33:14,247 INFO HTTP Request: POST https://open.bigmodel.cn/api/paas/v4/embeddings "HTTP/1.1 200 OK"
2026-06-03 21:33:14,318 INFO PUT http://localhost:9200/_bulk?refresh=false [status:200 duration:0.027s]
2026-06-03 21:33:14,318 INFO Progress: 12200/51354 (64.4/s) — ETA 608s
2026-06-03 21:33:14,320 INFO POST http://localhost:9200/_search/scroll [status:200 duration:0.002s]
2026-06-03 21:33:14,511 INFO HTTP Request: POST https://open.bigmodel.cn/api/paas/v4/embeddings "HTTP/1.1 200 OK"
2026-06-03 21:33:14,588 INFO PUT http://localhost:9200/_bulk?refresh=false [status:200 duration:0.025s]
2026-06-03 21:33:14,589 INFO Progress: 12220/51354 (64.4/s) — ETA 608s
2026-06-03 21:33:14,591 INFO POST http://localhost:9200/_search/scroll [status:200 duration:0.002s]
2026-06-03 21:33:14,795 INFO HTTP Request: POST https://open.bigmodel.cn/api/paas/v4/embeddings "HTTP/1.1 200 OK"
2026-06-03 21:33:14,876 INFO PUT http://localhost:9200/_bulk?refresh=false [status:200 duration:0.025s]
2026-06-03 21:33:14,876 INFO Progress: 12240/51354 (64.4/s) — ETA 607s
2026-06-03 21:33:14,878 INFO POST http://localhost:9200/_search/scroll [status:200 duration:0.002s]
2026-06-03 21:33:15,085 INFO HTTP Request: POST https://open.bigmodel.cn/api/paas/v4/embeddings "HTTP/1.1 200 OK"
2026-06-03 21:33:15,151 INFO PUT http://localhost:9200/_bulk?refresh=false [status:200 duration:0.025s]
2026-06-03 21:33:15,151 INFO Progress: 12260/51354 (64.4/s) — ETA 607s
2026-06-03 21:33:15,153 INFO POST http://localhost:9200/_search/scroll [status:200 duration:0.002s]
2026-06-03 21:33:15,361 INFO HTTP Request: POST https://open.bigmodel.cn/api/paas/v4/embeddings "HTTP/1.1 200 OK"
2026-06-03 21:33:15,435 INFO PUT http://localhost:9200/_bulk?refresh=false [status:200 duration:0.024s]
2026-06-03 21:33:15,436 INFO Progress: 12280/51354 (64.4/s) — ETA 606s
2026-06-03 21:33:15,438 INFO POST http://localhost:9200/_search/scroll [status:200 duration:0.002s]
2026-06-03 21:33:15,653 INFO HTTP Request: POST https://open.bigmodel.cn/api/paas/v4/embeddings "HTTP/1.1 200 OK"
2026-06-03 21:33:15,722 INFO PUT http://localhost:9200/_bulk?refresh=false [status:200 duration:0.027s]
2026-06-03 21:33:15,722 INFO Progress: 12300/51354 (64.4/s) — ETA 606s
2026-06-03 21:33:15,724 INFO POST http://localhost:9200/_search/scroll [status:200 duration:0.002s]
2026-06-03 21:33:15,966 INFO HTTP Request: POST https://open.bigmodel.cn/api/paas/v4/embeddings "HTTP/1.1 200 OK"
2026-06-03 21:33:16,032 INFO PUT http://localhost:9200/_bulk?refresh=false [status:200 duration:0.023s]
2026-06-03 21:33:16,032 INFO Progress: 12320/51354 (64.4/s) — ETA 606s
2026-06-03 21:33:16,035 INFO POST http://localhost:9200/_search/scroll [status:200 duration:0.002s]
2026-06-03 21:33:16,273 INFO HTTP Request: POST https://open.bigmodel.cn/api/paas/v4/embeddings "HTTP/1.1 200 OK"
2026-06-03 21:33:16,343 INFO PUT http://localhost:9200/_bulk?refresh=false [status:200 duration:0.025s]
2026-06-03 21:33:16,343 INFO Progress: 12340/51354 (64.4/s) — ETA 605s
2026-06-03 21:33:16,345 INFO POST http://localhost:9200/_search/scroll [status:200 duration:0.002s]
2026-06-03 21:33:16,602 INFO HTTP Request: POST https://open.bigmodel.cn/api/paas/v4/embeddings "HTTP/1.1 200 OK"
2026-06-03 21:33:16,688 INFO PUT http://localhost:9200/_bulk?refresh=false [status:200 duration:0.028s]
2026-06-03 21:33:16,689 INFO Progress: 12360/51354 (64.4/s) — ETA 605s
2026-06-03 21:33:16,691 INFO POST http://localhost:9200/_search/scroll [status:200 duration:0.002s]
2026-06-03 21:33:16,985 INFO HTTP Request: POST https://open.bigmodel.cn/api/paas/v4/embeddings "HTTP/1.1 200 OK"
2026-06-03 21:33:17,070 INFO PUT http://localhost:9200/_bulk?refresh=false [status:200 duration:0.030s]
2026-06-03 21:33:17,070 INFO Progress: 12380/51354 (64.4/s) — ETA 605s
2026-06-03 21:33:17,073 INFO POST http://localhost:9200/_search/scroll [status:200 duration:0.002s]
2026-06-03 21:33:17,355 INFO HTTP Request: POST https://open.bigmodel.cn/api/paas/v4/embeddings "HTTP/1.1 200 OK"
2026-06-03 21:33:17,640 INFO PUT http://localhost:9200/_bulk?refresh=false [status:200 duration:0.249s]
2026-06-03 21:33:17,640 INFO Progress: 12400/51354 (64.3/s) — ETA 606s
2026-06-03 21:33:17,643 INFO POST http://localhost:9200/_search/scroll [status:200 duration:0.003s]
2026-06-03 21:33:17,966 INFO HTTP Request: POST https://open.bigmodel.cn/api/paas/v4/embeddings "HTTP/1.1 200 OK"
2026-06-03 21:33:18,032 INFO PUT http://localhost:9200/_bulk?refresh=false [status:200 duration:0.030s]
2026-06-03 21:33:18,033 INFO Progress: 12420/51354 (64.3/s) — ETA 606s
2026-06-03 21:33:18,035 INFO POST http://localhost:9200/_search/scroll [status:200 duration:0.002s]
2026-06-03 21:33:18,271 INFO HTTP Request: POST https://open.bigmodel.cn/api/paas/v4/embeddings "HTTP/1.1 200 OK"
2026-06-03 21:33:18,355 INFO PUT http://localhost:9200/_bulk?refresh=false [status:200 duration:0.024s]
2026-06-03 21:33:18,355 INFO Progress: 12440/51354 (64.3/s) — ETA 605s
2026-06-03 21:33:18,357 INFO POST http://localhost:9200/_search/scroll [status:200 duration:0.002s]
2026-06-03 21:33:18,551 INFO HTTP Request: POST https://open.bigmodel.cn/api/paas/v4/embeddings "HTTP/1.1 200 OK"
2026-06-03 21:33:18,619 INFO PUT http://localhost:9200/_bulk?refresh=false [status:200 duration:0.024s]
2026-06-03 21:33:18,620 INFO Progress: 12460/51354 (64.3/s) — ETA 605s
2026-06-03 21:33:18,622 INFO POST http://localhost:9200/_search/scroll [status:200 duration:0.002s]
2026-06-03 21:33:18,812 INFO HTTP Request: POST https://open.bigmodel.cn/api/paas/v4/embeddings "HTTP/1.1 200 OK"
2026-06-03 21:33:18,892 INFO PUT http://localhost:9200/_bulk?refresh=false [status:200 duration:0.026s]
2026-06-03 21:33:18,892 INFO Progress: 12480/51354 (64.3/s) — ETA 604s
2026-06-03 21:33:18,894 INFO POST http://localhost:9200/_search/scroll [status:200 duration:0.002s]
2026-06-03 21:33:19,093 INFO HTTP Request: POST https://open.bigmodel.cn/api/paas/v4/embeddings "HTTP/1.1 200 OK"
2026-06-03 21:33:19,152 INFO PUT http://localhost:9200/_bulk?refresh=false [status:200 duration:0.024s]
2026-06-03 21:33:19,152 INFO Progress: 12500/51354 (64.3/s) — ETA 604s
2026-06-03 21:33:19,155 INFO POST http://localhost:9200/_search/scroll [status:200 duration:0.002s]
2026-06-03 21:33:19,404 INFO HTTP Request: POST https://open.bigmodel.cn/api/paas/v4/embeddings "HTTP/1.1 200 OK"
2026-06-03 21:33:19,485 INFO PUT http://localhost:9200/_bulk?refresh=false [status:200 duration:0.025s]
2026-06-03 21:33:19,485 INFO Progress: 12520/51354 (64.3/s) — ETA 604s
2026-06-03 21:33:19,487 INFO POST http://localhost:9200/_search/scroll [status:200 duration:0.002s]
2026-06-03 21:33:19,724 INFO HTTP Request: POST https://open.bigmodel.cn/api/paas/v4/embeddings "HTTP/1.1 200 OK"
2026-06-03 21:33:19,790 INFO PUT http://localhost:9200/_bulk?refresh=false [status:200 duration:0.024s]
2026-06-03 21:33:19,790 INFO Progress: 12540/51354 (64.3/s) — ETA 603s
2026-06-03 21:33:19,793 INFO POST http://localhost:9200/_search/scroll [status:200 duration:0.002s]
2026-06-03 21:33:20,026 INFO HTTP Request: POST https://open.bigmodel.cn/api/paas/v4/embeddings "HTTP/1.1 200 OK"
2026-06-03 21:33:20,110 INFO PUT http://localhost:9200/_bulk?refresh=false [status:200 duration:0.025s]
2026-06-03 21:33:20,110 INFO Progress: 12560/51354 (64.3/s) — ETA 603s
2026-06-03 21:33:20,112 INFO POST http://localhost:9200/_search/scroll [status:200 duration:0.002s]
2026-06-03 21:33:20,967 INFO HTTP Request: POST https://open.bigmodel.cn/api/paas/v4/embeddings "HTTP/1.1 200 OK"
2026-06-03 21:33:21,034 INFO PUT http://localhost:9200/_bulk?refresh=false [status:200 duration:0.023s]
2026-06-03 21:33:21,034 INFO Progress: 12580/51354 (64.1/s) — ETA 605s
2026-06-03 21:33:21,037 INFO POST http://localhost:9200/_search/scroll [status:200 duration:0.003s]
2026-06-03 21:33:21,221 INFO HTTP Request: POST https://open.bigmodel.cn/api/paas/v4/embeddings "HTTP/1.1 200 OK"
2026-06-03 21:33:21,293 INFO PUT http://localhost:9200/_bulk?refresh=false [status:200 duration:0.025s]
2026-06-03 21:33:21,293 INFO Progress: 12600/51354 (64.1/s) — ETA 604s
2026-06-03 21:33:21,295 INFO POST http://localhost:9200/_search/scroll [status:200 duration:0.002s]
2026-06-03 21:33:21,524 INFO HTTP Request: POST https://open.bigmodel.cn/api/paas/v4/embeddings "HTTP/1.1 200 OK"
2026-06-03 21:33:21,601 INFO PUT http://localhost:9200/_bulk?refresh=false [status:200 duration:0.023s]
2026-06-03 21:33:21,601 INFO Progress: 12620/51354 (64.1/s) — ETA 604s
2026-06-03 21:33:21,603 INFO POST http://localhost:9200/_search/scroll [status:200 duration:0.002s]
2026-06-03 21:33:21,787 INFO HTTP Request: POST https://open.bigmodel.cn/api/paas/v4/embeddings "HTTP/1.1 200 OK"
2026-06-03 21:33:21,856 INFO PUT http://localhost:9200/_bulk?refresh=false [status:200 duration:0.022s]
2026-06-03 21:33:21,856 INFO Progress: 12640/51354 (64.2/s) — ETA 603s
2026-06-03 21:33:21,858 INFO POST http://localhost:9200/_search/scroll [status:200 duration:0.002s]
2026-06-03 21:33:22,045 INFO HTTP Request: POST https://open.bigmodel.cn/api/paas/v4/embeddings "HTTP/1.1 200 OK"
2026-06-03 21:33:22,133 INFO PUT http://localhost:9200/_bulk?refresh=false [status:200 duration:0.025s]
2026-06-03 21:33:22,133 INFO Progress: 12660/51354 (64.2/s) — ETA 603s
2026-06-03 21:33:22,136 INFO POST http://localhost:9200/_search/scroll [status:200 duration:0.002s]
2026-06-03 21:33:22,373 INFO HTTP Request: POST https://open.bigmodel.cn/api/paas/v4/embeddings "HTTP/1.1 200 OK"
2026-06-03 21:33:22,458 INFO PUT http://localhost:9200/_bulk?refresh=false [status:200 duration:0.026s]
2026-06-03 21:33:22,458 INFO Progress: 12680/51354 (64.2/s) — ETA 603s
2026-06-03 21:33:22,460 INFO POST http://localhost:9200/_search/scroll [status:200 duration:0.002s]
2026-06-03 21:33:22,656 INFO HTTP Request: POST https://open.bigmodel.cn/api/paas/v4/embeddings "HTTP/1.1 200 OK"
2026-06-03 21:33:22,739 INFO PUT http://localhost:9200/_bulk?refresh=false [status:200 duration:0.025s]
2026-06-03 21:33:22,739 INFO Progress: 12700/51354 (64.2/s) — ETA 602s
2026-06-03 21:33:22,742 INFO POST http://localhost:9200/_search/scroll [status:200 duration:0.002s]
2026-06-03 21:33:22,918 INFO HTTP Request: POST https://open.bigmodel.cn/api/paas/v4/embeddings "HTTP/1.1 200 OK"
2026-06-03 21:33:22,997 INFO PUT http://localhost:9200/_bulk?refresh=false [status:200 duration:0.026s]
2026-06-03 21:33:22,997 INFO Progress: 12720/51354 (64.2/s) — ETA 602s
2026-06-03 21:33:22,999 INFO POST http://localhost:9200/_search/scroll [status:200 duration:0.002s]
2026-06-03 21:33:23,418 INFO HTTP Request: POST https://open.bigmodel.cn/api/paas/v4/embeddings "HTTP/1.1 200 OK"
2026-06-03 21:33:23,499 INFO PUT http://localhost:9200/_bulk?refresh=false [status:200 duration:0.025s]
2026-06-03 21:33:23,500 INFO Progress: 12740/51354 (64.1/s) — ETA 602s
2026-06-03 21:33:23,502 INFO POST http://localhost:9200/_search/scroll [status:200 duration:0.002s]
2026-06-03 21:33:24,008 INFO HTTP Request: POST https://open.bigmodel.cn/api/paas/v4/embeddings "HTTP/1.1 200 OK"
2026-06-03 21:33:24,096 INFO PUT http://localhost:9200/_bulk?refresh=false [status:200 duration:0.025s]
2026-06-03 21:33:24,096 INFO Progress: 12760/51354 (64.0/s) — ETA 603s
2026-06-03 21:33:24,098 INFO POST http://localhost:9200/_search/scroll [status:200 duration:0.002s]
2026-06-03 21:33:24,295 INFO HTTP Request: POST https://open.bigmodel.cn/api/paas/v4/embeddings "HTTP/1.1 200 OK"
2026-06-03 21:33:24,354 INFO PUT http://localhost:9200/_bulk?refresh=false [status:200 duration:0.023s]
2026-06-03 21:33:24,354 INFO Progress: 12780/51354 (64.1/s) — ETA 602s
2026-06-03 21:33:24,356 INFO POST http://localhost:9200/_search/scroll [status:200 duration:0.002s]
2026-06-03 21:33:24,531 INFO HTTP Request: POST https://open.bigmodel.cn/api/paas/v4/embeddings "HTTP/1.1 200 OK"
2026-06-03 21:33:24,599 INFO PUT http://localhost:9200/_bulk?refresh=false [status:200 duration:0.025s]
2026-06-03 21:33:24,599 INFO Progress: 12800/51354 (64.1/s) — ETA 602s
2026-06-03 21:33:24,602 INFO POST http://localhost:9200/_search/scroll [status:200 duration:0.002s]
2026-06-03 21:33:24,809 INFO HTTP Request: POST https://open.bigmodel.cn/api/paas/v4/embeddings "HTTP/1.1 200 OK"
2026-06-03 21:33:24,877 INFO PUT http://localhost:9200/_bulk?refresh=false [status:200 duration:0.024s]
2026-06-03 21:33:24,877 INFO Progress: 12820/51354 (64.1/s) — ETA 601s
2026-06-03 21:33:24,879 INFO POST http://localhost:9200/_search/scroll [status:200 duration:0.002s]
2026-06-03 21:33:25,107 INFO HTTP Request: POST https://open.bigmodel.cn/api/paas/v4/embeddings "HTTP/1.1 200 OK"
2026-06-03 21:33:25,183 INFO PUT http://localhost:9200/_bulk?refresh=false [status:200 duration:0.025s]
2026-06-03 21:33:25,183 INFO Progress: 12840/51354 (64.1/s) — ETA 601s
2026-06-03 21:33:25,186 INFO POST http://localhost:9200/_search/scroll [status:200 duration:0.002s]
2026-06-03 21:33:25,362 INFO HTTP Request: POST https://open.bigmodel.cn/api/paas/v4/embeddings "HTTP/1.1 200 OK"
2026-06-03 21:33:25,438 INFO PUT http://localhost:9200/_bulk?refresh=false [status:200 duration:0.024s]
2026-06-03 21:33:25,439 INFO Progress: 12860/51354 (64.1/s) — ETA 600s
2026-06-03 21:33:25,441 INFO POST http://localhost:9200/_search/scroll [status:200 duration:0.002s]
2026-06-03 21:33:25,649 INFO HTTP Request: POST https://open.bigmodel.cn/api/paas/v4/embeddings "HTTP/1.1 200 OK"
2026-06-03 21:33:25,728 INFO PUT http://localhost:9200/_bulk?refresh=false [status:200 duration:0.025s]
2026-06-03 21:33:25,728 INFO Progress: 12880/51354 (64.1/s) — ETA 600s
2026-06-03 21:33:25,731 INFO POST http://localhost:9200/_search/scroll [status:200 duration:0.002s]
2026-06-03 21:33:25,922 INFO HTTP Request: POST https://open.bigmodel.cn/api/paas/v4/embeddings "HTTP/1.1 200 OK"
2026-06-03 21:33:25,993 INFO PUT http://localhost:9200/_bulk?refresh=false [status:200 duration:0.027s]
2026-06-03 21:33:25,993 INFO Progress: 12900/51354 (64.1/s) — ETA 600s
2026-06-03 21:33:25,996 INFO POST http://localhost:9200/_search/scroll [status:200 duration:0.002s]
2026-06-03 21:33:26,180 INFO HTTP Request: POST https://open.bigmodel.cn/api/paas/v4/embeddings "HTTP/1.1 200 OK"
2026-06-03 21:33:26,269 INFO PUT http://localhost:9200/_bulk?refresh=false [status:200 duration:0.032s]
2026-06-03 21:33:26,269 INFO Progress: 12920/51354 (64.1/s) — ETA 599s
2026-06-03 21:33:26,274 INFO POST http://localhost:9200/_search/scroll [status:200 duration:0.004s]
2026-06-03 21:33:26,439 INFO HTTP Request: POST https://open.bigmodel.cn/api/paas/v4/embeddings "HTTP/1.1 200 OK"
2026-06-03 21:33:26,503 INFO PUT http://localhost:9200/_bulk?refresh=false [status:200 duration:0.028s]
2026-06-03 21:33:26,503 INFO Progress: 12940/51354 (64.2/s) — ETA 599s
2026-06-03 21:33:26,507 INFO POST http://localhost:9200/_search/scroll [status:200 duration:0.004s]
2026-06-03 21:33:26,712 INFO HTTP Request: POST https://open.bigmodel.cn/api/paas/v4/embeddings "HTTP/1.1 200 OK"
2026-06-03 21:33:26,797 INFO PUT http://localhost:9200/_bulk?refresh=false [status:200 duration:0.027s]
2026-06-03 21:33:26,797 INFO Progress: 12960/51354 (64.2/s) — ETA 598s
2026-06-03 21:33:26,800 INFO POST http://localhost:9200/_search/scroll [status:200 duration:0.002s]
2026-06-03 21:33:26,982 INFO HTTP Request: POST https://open.bigmodel.cn/api/paas/v4/embeddings "HTTP/1.1 200 OK"
2026-06-03 21:33:27,058 INFO PUT http://localhost:9200/_bulk?refresh=false [status:200 duration:0.026s]
2026-06-03 21:33:27,058 INFO Progress: 12980/51354 (64.2/s) — ETA 598s
2026-06-03 21:33:27,061 INFO POST http://localhost:9200/_search/scroll [status:200 duration:0.002s]
2026-06-03 21:33:27,257 INFO HTTP Request: POST https://open.bigmodel.cn/api/paas/v4/embeddings "HTTP/1.1 200 OK"
2026-06-03 21:33:27,320 INFO PUT http://localhost:9200/_bulk?refresh=false [status:200 duration:0.026s]
2026-06-03 21:33:27,321 INFO Progress: 13000/51354 (64.2/s) — ETA 597s
2026-06-03 21:33:27,323 INFO POST http://localhost:9200/_search/scroll [status:200 duration:0.002s]
2026-06-03 21:33:27,538 INFO HTTP Request: POST https://open.bigmodel.cn/api/paas/v4/embeddings "HTTP/1.1 200 OK"
2026-06-03 21:33:27,599 INFO PUT http://localhost:9200/_bulk?refresh=false [status:200 duration:0.026s]
2026-06-03 21:33:27,599 INFO Progress: 13020/51354 (64.2/s) — ETA 597s
2026-06-03 21:33:27,601 INFO POST http://localhost:9200/_search/scroll [status:200 duration:0.002s]
2026-06-03 21:33:27,781 INFO HTTP Request: POST https://open.bigmodel.cn/api/paas/v4/embeddings "HTTP/1.1 200 OK"
2026-06-03 21:33:27,872 INFO PUT http://localhost:9200/_bulk?refresh=false [status:200 duration:0.028s]
2026-06-03 21:33:27,872 INFO Progress: 13040/51354 (64.2/s) — ETA 596s
2026-06-03 21:33:27,875 INFO POST http://localhost:9200/_search/scroll [status:200 duration:0.002s]
2026-06-03 21:33:28,092 INFO HTTP Request: POST https://open.bigmodel.cn/api/paas/v4/embeddings "HTTP/1.1 200 OK"
2026-06-03 21:33:28,177 INFO PUT http://localhost:9200/_bulk?refresh=false [status:200 duration:0.026s]
2026-06-03 21:33:28,178 INFO Progress: 13060/51354 (64.2/s) — ETA 596s
2026-06-03 21:33:28,180 INFO POST http://localhost:9200/_search/scroll [status:200 duration:0.002s]
2026-06-03 21:33:28,365 INFO HTTP Request: POST https://open.bigmodel.cn/api/paas/v4/embeddings "HTTP/1.1 200 OK"
2026-06-03 21:33:28,449 INFO PUT http://localhost:9200/_bulk?refresh=false [status:200 duration:0.025s]
2026-06-03 21:33:28,449 INFO Progress: 13080/51354 (64.2/s) — ETA 596s
2026-06-03 21:33:28,451 INFO POST http://localhost:9200/_search/scroll [status:200 duration:0.002s]
2026-06-03 21:33:29,292 INFO HTTP Request: POST https://open.bigmodel.cn/api/paas/v4/embeddings "HTTP/1.1 200 OK"
2026-06-03 21:33:29,375 INFO PUT http://localhost:9200/_bulk?refresh=false [status:200 duration:0.025s]
2026-06-03 21:33:29,376 INFO Progress: 13100/51354 (64.1/s) — ETA 597s
2026-06-03 21:33:29,378 INFO POST http://localhost:9200/_search/scroll [status:200 duration:0.002s]
2026-06-03 21:33:29,803 INFO HTTP Request: POST https://open.bigmodel.cn/api/paas/v4/embeddings "HTTP/1.1 200 OK"
2026-06-03 21:33:29,886 INFO PUT http://localhost:9200/_bulk?refresh=false [status:200 duration:0.026s]
2026-06-03 21:33:29,886 INFO Progress: 13120/51354 (64.0/s) — ETA 597s
2026-06-03 21:33:29,889 INFO POST http://localhost:9200/_search/scroll [status:200 duration:0.002s]
2026-06-03 21:33:30,090 INFO HTTP Request: POST https://open.bigmodel.cn/api/paas/v4/embeddings "HTTP/1.1 200 OK"
2026-06-03 21:33:30,161 INFO PUT http://localhost:9200/_bulk?refresh=false [status:200 duration:0.024s]
2026-06-03 21:33:30,162 INFO Progress: 13140/51354 (64.0/s) — ETA 597s
2026-06-03 21:33:30,164 INFO POST http://localhost:9200/_search/scroll [status:200 duration:0.002s]
2026-06-03 21:33:30,392 INFO HTTP Request: POST https://open.bigmodel.cn/api/paas/v4/embeddings "HTTP/1.1 200 OK"
2026-06-03 21:33:30,473 INFO PUT http://localhost:9200/_bulk?refresh=false [status:200 duration:0.026s]
2026-06-03 21:33:30,474 INFO Progress: 13160/51354 (64.0/s) — ETA 597s
2026-06-03 21:33:30,476 INFO POST http://localhost:9200/_search/scroll [status:200 duration:0.002s]
2026-06-03 21:33:30,697 INFO HTTP Request: POST https://open.bigmodel.cn/api/paas/v4/embeddings "HTTP/1.1 200 OK"
2026-06-03 21:33:30,770 INFO PUT http://localhost:9200/_bulk?refresh=false [status:200 duration:0.024s]
2026-06-03 21:33:30,770 INFO Progress: 13180/51354 (64.0/s) — ETA 596s
2026-06-03 21:33:30,772 INFO POST http://localhost:9200/_search/scroll [status:200 duration:0.002s]
2026-06-03 21:33:30,957 INFO HTTP Request: POST https://open.bigmodel.cn/api/paas/v4/embeddings "HTTP/1.1 200 OK"
2026-06-03 21:33:31,025 INFO PUT http://localhost:9200/_bulk?refresh=false [status:200 duration:0.026s]
2026-06-03 21:33:31,026 INFO Progress: 13200/51354 (64.0/s) — ETA 596s
2026-06-03 21:33:31,028 INFO POST http://localhost:9200/_search/scroll [status:200 duration:0.002s]
2026-06-03 21:33:31,256 INFO HTTP Request: POST https://open.bigmodel.cn/api/paas/v4/embeddings "HTTP/1.1 200 OK"
2026-06-03 21:33:31,313 INFO PUT http://localhost:9200/_bulk?refresh=false [status:200 duration:0.028s]
2026-06-03 21:33:31,313 INFO Progress: 13220/51354 (64.0/s) — ETA 596s
2026-06-03 21:33:31,315 INFO POST http://localhost:9200/_search/scroll [status:200 duration:0.002s]
2026-06-03 21:33:31,497 INFO HTTP Request: POST https://open.bigmodel.cn/api/paas/v4/embeddings "HTTP/1.1 200 OK"
2026-06-03 21:33:31,576 INFO PUT http://localhost:9200/_bulk?refresh=false [status:200 duration:0.029s]
2026-06-03 21:33:31,576 INFO Progress: 13240/51354 (64.1/s) — ETA 595s
2026-06-03 21:33:31,578 INFO POST http://localhost:9200/_search/scroll [status:200 duration:0.002s]
2026-06-03 21:33:31,758 INFO HTTP Request: POST https://open.bigmodel.cn/api/paas/v4/embeddings "HTTP/1.1 200 OK"
2026-06-03 21:33:31,845 INFO PUT http://localhost:9200/_bulk?refresh=false [status:200 duration:0.029s]
2026-06-03 21:33:31,845 INFO Progress: 13260/51354 (64.1/s) — ETA 595s
2026-06-03 21:33:31,848 INFO POST http://localhost:9200/_search/scroll [status:200 duration:0.002s]
2026-06-03 21:33:32,062 INFO HTTP Request: POST https://open.bigmodel.cn/api/paas/v4/embeddings "HTTP/1.1 200 OK"
2026-06-03 21:33:32,142 INFO PUT http://localhost:9200/_bulk?refresh=false [status:200 duration:0.030s]
2026-06-03 21:33:32,142 INFO Progress: 13280/51354 (64.1/s) — ETA 594s
2026-06-03 21:33:32,144 INFO POST http://localhost:9200/_search/scroll [status:200 duration:0.002s]
2026-06-03 21:33:32,326 INFO HTTP Request: POST https://open.bigmodel.cn/api/paas/v4/embeddings "HTTP/1.1 200 OK"
2026-06-03 21:33:32,411 INFO PUT http://localhost:9200/_bulk?refresh=false [status:200 duration:0.025s]
2026-06-03 21:33:32,411 INFO Progress: 13300/51354 (64.1/s) — ETA 594s
2026-06-03 21:33:32,413 INFO POST http://localhost:9200/_search/scroll [status:200 duration:0.002s]
2026-06-03 21:33:32,586 INFO HTTP Request: POST https://open.bigmodel.cn/api/paas/v4/embeddings "HTTP/1.1 200 OK"
2026-06-03 21:33:32,657 INFO PUT http://localhost:9200/_bulk?refresh=false [status:200 duration:0.025s]
2026-06-03 21:33:32,657 INFO Progress: 13320/51354 (64.1/s) — ETA 593s
2026-06-03 21:33:32,659 INFO POST http://localhost:9200/_search/scroll [status:200 duration:0.002s]
2026-06-03 21:33:32,818 INFO HTTP Request: POST https://open.bigmodel.cn/api/paas/v4/embeddings "HTTP/1.1 200 OK"
2026-06-03 21:33:32,909 INFO PUT http://localhost:9200/_bulk?refresh=false [status:200 duration:0.029s]
2026-06-03 21:33:32,909 INFO Progress: 13340/51354 (64.1/s) — ETA 593s
2026-06-03 21:33:32,912 INFO POST http://localhost:9200/_search/scroll [status:200 duration:0.002s]
2026-06-03 21:33:33,099 INFO HTTP Request: POST https://open.bigmodel.cn/api/paas/v4/embeddings "HTTP/1.1 200 OK"
2026-06-03 21:33:33,184 INFO PUT http://localhost:9200/_bulk?refresh=false [status:200 duration:0.026s]
2026-06-03 21:33:33,184 INFO Progress: 13360/51354 (64.1/s) — ETA 592s
2026-06-03 21:33:33,186 INFO POST http://localhost:9200/_search/scroll [status:200 duration:0.002s]
2026-06-03 21:33:33,363 INFO HTTP Request: POST https://open.bigmodel.cn/api/paas/v4/embeddings "HTTP/1.1 200 OK"
2026-06-03 21:33:33,423 INFO PUT http://localhost:9200/_bulk?refresh=false [status:200 duration:0.025s]
2026-06-03 21:33:33,423 INFO Progress: 13380/51354 (64.2/s) — ETA 592s
2026-06-03 21:33:33,425 INFO POST http://localhost:9200/_search/scroll [status:200 duration:0.002s]
2026-06-03 21:33:33,638 INFO HTTP Request: POST https://open.bigmodel.cn/api/paas/v4/embeddings "HTTP/1.1 200 OK"
2026-06-03 21:33:33,722 INFO PUT http://localhost:9200/_bulk?refresh=false [status:200 duration:0.024s]
2026-06-03 21:33:33,722 INFO Progress: 13400/51354 (64.2/s) — ETA 592s
2026-06-03 21:33:33,724 INFO POST http://localhost:9200/_search/scroll [status:200 duration:0.002s]
2026-06-03 21:33:33,901 INFO HTTP Request: POST https://open.bigmodel.cn/api/paas/v4/embeddings "HTTP/1.1 200 OK"
2026-06-03 21:33:33,986 INFO PUT http://localhost:9200/_bulk?refresh=false [status:200 duration:0.025s]
2026-06-03 21:33:33,986 INFO Progress: 13420/51354 (64.2/s) — ETA 591s
2026-06-03 21:33:33,988 INFO POST http://localhost:9200/_search/scroll [status:200 duration:0.002s]
2026-06-03 21:33:34,176 INFO HTTP Request: POST https://open.bigmodel.cn/api/paas/v4/embeddings "HTTP/1.1 200 OK"
2026-06-03 21:33:34,260 INFO PUT http://localhost:9200/_bulk?refresh=false [status:200 duration:0.027s]
2026-06-03 21:33:34,261 INFO Progress: 13440/51354 (64.2/s) — ETA 591s
2026-06-03 21:33:34,263 INFO POST http://localhost:9200/_search/scroll [status:200 duration:0.002s]
2026-06-03 21:33:34,493 INFO HTTP Request: POST https://open.bigmodel.cn/api/paas/v4/embeddings "HTTP/1.1 200 OK"
2026-06-03 21:33:34,582 INFO PUT http://localhost:9200/_bulk?refresh=false [status:200 duration:0.024s]
2026-06-03 21:33:34,582 INFO Progress: 13460/51354 (64.2/s) — ETA 590s
2026-06-03 21:33:34,584 INFO POST http://localhost:9200/_search/scroll [status:200 duration:0.002s]
2026-06-03 21:33:34,818 INFO HTTP Request: POST https://open.bigmodel.cn/api/paas/v4/embeddings "HTTP/1.1 200 OK"
2026-06-03 21:33:34,900 INFO PUT http://localhost:9200/_bulk?refresh=false [status:200 duration:0.026s]
2026-06-03 21:33:34,900 INFO Progress: 13480/51354 (64.2/s) — ETA 590s
2026-06-03 21:33:34,903 INFO POST http://localhost:9200/_search/scroll [status:200 duration:0.002s]
2026-06-03 21:33:35,106 INFO HTTP Request: POST https://open.bigmodel.cn/api/paas/v4/embeddings "HTTP/1.1 200 OK"
2026-06-03 21:33:35,171 INFO PUT http://localhost:9200/_bulk?refresh=false [status:200 duration:0.025s]
2026-06-03 21:33:35,171 INFO Progress: 13500/51354 (64.2/s) — ETA 590s
2026-06-03 21:33:35,173 INFO POST http://localhost:9200/_search/scroll [status:200 duration:0.002s]
2026-06-03 21:33:35,423 INFO HTTP Request: POST https://open.bigmodel.cn/api/paas/v4/embeddings "HTTP/1.1 200 OK"
2026-06-03 21:33:35,509 INFO PUT http://localhost:9200/_bulk?refresh=false [status:200 duration:0.027s]
2026-06-03 21:33:35,509 INFO Progress: 13520/51354 (64.2/s) — ETA 589s
2026-06-03 21:33:35,511 INFO POST http://localhost:9200/_search/scroll [status:200 duration:0.002s]
2026-06-03 21:33:35,699 INFO HTTP Request: POST https://open.bigmodel.cn/api/paas/v4/embeddings "HTTP/1.1 200 OK"
2026-06-03 21:33:35,784 INFO PUT http://localhost:9200/_bulk?refresh=false [status:200 duration:0.026s]
2026-06-03 21:33:35,784 INFO Progress: 13540/51354 (64.2/s) — ETA 589s
2026-06-03 21:33:35,787 INFO POST http://localhost:9200/_search/scroll [status:200 duration:0.002s]
2026-06-03 21:33:35,969 INFO HTTP Request: POST https://open.bigmodel.cn/api/paas/v4/embeddings "HTTP/1.1 200 OK"
2026-06-03 21:33:36,034 INFO PUT http://localhost:9200/_bulk?refresh=false [status:200 duration:0.026s]
2026-06-03 21:33:36,034 INFO Progress: 13560/51354 (64.2/s) — ETA 589s
2026-06-03 21:33:36,037 INFO POST http://localhost:9200/_search/scroll [status:200 duration:0.002s]
2026-06-03 21:33:36,268 INFO HTTP Request: POST https://open.bigmodel.cn/api/paas/v4/embeddings "HTTP/1.1 200 OK"
2026-06-03 21:33:36,343 INFO PUT http://localhost:9200/_bulk?refresh=false [status:200 duration:0.026s]
2026-06-03 21:33:36,343 INFO Progress: 13580/51354 (64.2/s) — ETA 588s
2026-06-03 21:33:36,345 INFO POST http://localhost:9200/_search/scroll [status:200 duration:0.002s]
2026-06-03 21:33:36,544 INFO HTTP Request: POST https://open.bigmodel.cn/api/paas/v4/embeddings "HTTP/1.1 200 OK"
2026-06-03 21:33:36,629 INFO PUT http://localhost:9200/_bulk?refresh=false [status:200 duration:0.025s]
2026-06-03 21:33:36,629 INFO Progress: 13600/51354 (64.2/s) — ETA 588s
2026-06-03 21:33:36,631 INFO POST http://localhost:9200/_search/scroll [status:200 duration:0.002s]
2026-06-03 21:33:36,823 INFO HTTP Request: POST https://open.bigmodel.cn/api/paas/v4/embeddings "HTTP/1.1 200 OK"
2026-06-03 21:33:36,904 INFO PUT http://localhost:9200/_bulk?refresh=false [status:200 duration:0.030s]
2026-06-03 21:33:36,905 INFO Progress: 13620/51354 (64.2/s) — ETA 587s
2026-06-03 21:33:36,907 INFO POST http://localhost:9200/_search/scroll [status:200 duration:0.002s]
2026-06-03 21:33:37,084 INFO HTTP Request: POST https://open.bigmodel.cn/api/paas/v4/embeddings "HTTP/1.1 200 OK"
2026-06-03 21:33:37,173 INFO PUT http://localhost:9200/_bulk?refresh=false [status:200 duration:0.026s]
2026-06-03 21:33:37,173 INFO Progress: 13640/51354 (64.2/s) — ETA 587s
2026-06-03 21:33:37,175 INFO POST http://localhost:9200/_search/scroll [status:200 duration:0.002s]
2026-06-03 21:33:37,386 INFO HTTP Request: POST https://open.bigmodel.cn/api/paas/v4/embeddings "HTTP/1.1 200 OK"
2026-06-03 21:33:37,460 INFO PUT http://localhost:9200/_bulk?refresh=false [status:200 duration:0.027s]
2026-06-03 21:33:37,460 INFO Progress: 13660/51354 (64.3/s) — ETA 587s
2026-06-03 21:33:37,462 INFO POST http://localhost:9200/_search/scroll [status:200 duration:0.002s]
2026-06-03 21:33:37,637 INFO HTTP Request: POST https://open.bigmodel.cn/api/paas/v4/embeddings "HTTP/1.1 200 OK"
2026-06-03 21:33:37,720 INFO PUT http://localhost:9200/_bulk?refresh=false [status:200 duration:0.025s]
2026-06-03 21:33:37,720 INFO Progress: 13680/51354 (64.3/s) — ETA 586s
2026-06-03 21:33:37,723 INFO POST http://localhost:9200/_search/scroll [status:200 duration:0.002s]
2026-06-03 21:33:37,983 INFO HTTP Request: POST https://open.bigmodel.cn/api/paas/v4/embeddings "HTTP/1.1 200 OK"
2026-06-03 21:33:38,059 INFO PUT http://localhost:9200/_bulk?refresh=false [status:200 duration:0.025s]
2026-06-03 21:33:38,060 INFO Progress: 13700/51354 (64.3/s) — ETA 586s
2026-06-03 21:33:38,062 INFO POST http://localhost:9200/_search/scroll [status:200 duration:0.002s]
2026-06-03 21:33:38,245 INFO HTTP Request: POST https://open.bigmodel.cn/api/paas/v4/embeddings "HTTP/1.1 200 OK"
2026-06-03 21:33:38,330 INFO PUT http://localhost:9200/_bulk?refresh=false [status:200 duration:0.026s]
2026-06-03 21:33:38,330 INFO Progress: 13720/51354 (64.3/s) — ETA 586s
2026-06-03 21:33:38,332 INFO POST http://localhost:9200/_search/scroll [status:200 duration:0.002s]
2026-06-03 21:33:38,515 INFO HTTP Request: POST https://open.bigmodel.cn/api/paas/v4/embeddings "HTTP/1.1 200 OK"
2026-06-03 21:33:38,583 INFO PUT http://localhost:9200/_bulk?refresh=false [status:200 duration:0.026s]
2026-06-03 21:33:38,583 INFO Progress: 13740/51354 (64.3/s) — ETA 585s
2026-06-03 21:33:38,585 INFO POST http://localhost:9200/_search/scroll [status:200 duration:0.002s]
2026-06-03 21:33:38,763 INFO HTTP Request: POST https://open.bigmodel.cn/api/paas/v4/embeddings "HTTP/1.1 200 OK"
2026-06-03 21:33:38,845 INFO PUT http://localhost:9200/_bulk?refresh=false [status:200 duration:0.025s]
2026-06-03 21:33:38,845 INFO Progress: 13760/51354 (64.3/s) — ETA 585s
2026-06-03 21:33:38,847 INFO POST http://localhost:9200/_search/scroll [status:200 duration:0.002s]
2026-06-03 21:33:39,008 INFO HTTP Request: POST https://open.bigmodel.cn/api/paas/v4/embeddings "HTTP/1.1 200 OK"
2026-06-03 21:33:39,080 INFO PUT http://localhost:9200/_bulk?refresh=false [status:200 duration:0.026s]
2026-06-03 21:33:39,080 INFO Progress: 13780/51354 (64.3/s) — ETA 584s
2026-06-03 21:33:39,082 INFO POST http://localhost:9200/_search/scroll [status:200 duration:0.002s]
2026-06-03 21:33:39,253 INFO HTTP Request: POST https://open.bigmodel.cn/api/paas/v4/embeddings "HTTP/1.1 200 OK"
2026-06-03 21:33:39,319 INFO PUT http://localhost:9200/_bulk?refresh=false [status:200 duration:0.029s]
2026-06-03 21:33:39,319 INFO Progress: 13800/51354 (64.3/s) — ETA 584s
2026-06-03 21:33:39,322 INFO POST http://localhost:9200/_search/scroll [status:200 duration:0.002s]
2026-06-03 21:33:39,517 INFO HTTP Request: POST https://open.bigmodel.cn/api/paas/v4/embeddings "HTTP/1.1 200 OK"
2026-06-03 21:33:39,577 INFO PUT http://localhost:9200/_bulk?refresh=false [status:200 duration:0.025s]
2026-06-03 21:33:39,577 INFO Progress: 13820/51354 (64.4/s) — ETA 583s
2026-06-03 21:33:39,579 INFO POST http://localhost:9200/_search/scroll [status:200 duration:0.002s]
2026-06-03 21:33:40,014 INFO HTTP Request: POST https://open.bigmodel.cn/api/paas/v4/embeddings "HTTP/1.1 200 OK"
2026-06-03 21:33:40,100 INFO PUT http://localhost:9200/_bulk?refresh=false [status:200 duration:0.028s]
2026-06-03 21:33:40,100 INFO Progress: 13840/51354 (64.3/s) — ETA 583s
2026-06-03 21:33:40,102 INFO POST http://localhost:9200/_search/scroll [status:200 duration:0.002s]
2026-06-03 21:33:40,294 INFO HTTP Request: POST https://open.bigmodel.cn/api/paas/v4/embeddings "HTTP/1.1 200 OK"
2026-06-03 21:33:40,370 INFO PUT http://localhost:9200/_bulk?refresh=false [status:200 duration:0.027s]
2026-06-03 21:33:40,370 INFO Progress: 13860/51354 (64.3/s) — ETA 583s
2026-06-03 21:33:40,372 INFO POST http://localhost:9200/_search/scroll [status:200 duration:0.002s]
2026-06-03 21:33:40,556 INFO HTTP Request: POST https://open.bigmodel.cn/api/paas/v4/embeddings "HTTP/1.1 200 OK"
2026-06-03 21:33:40,644 INFO PUT http://localhost:9200/_bulk?refresh=false [status:200 duration:0.027s]
2026-06-03 21:33:40,644 INFO Progress: 13880/51354 (64.3/s) — ETA 583s
2026-06-03 21:33:40,646 INFO POST http://localhost:9200/_search/scroll [status:200 duration:0.002s]
2026-06-03 21:33:40,808 INFO HTTP Request: POST https://open.bigmodel.cn/api/paas/v4/embeddings "HTTP/1.1 200 OK"
2026-06-03 21:33:40,890 INFO PUT http://localhost:9200/_bulk?refresh=false [status:200 duration:0.027s]
2026-06-03 21:33:40,890 INFO Progress: 13900/51354 (64.3/s) — ETA 582s
2026-06-03 21:33:40,893 INFO POST http://localhost:9200/_search/scroll [status:200 duration:0.002s]
2026-06-03 21:33:41,068 INFO HTTP Request: POST https://open.bigmodel.cn/api/paas/v4/embeddings "HTTP/1.1 200 OK"
2026-06-03 21:33:41,153 INFO PUT http://localhost:9200/_bulk?refresh=false [status:200 duration:0.027s]
2026-06-03 21:33:41,154 INFO Progress: 13920/51354 (64.4/s) — ETA 582s
2026-06-03 21:33:41,156 INFO POST http://localhost:9200/_search/scroll [status:200 duration:0.002s]
2026-06-03 21:33:41,388 INFO HTTP Request: POST https://open.bigmodel.cn/api/paas/v4/embeddings "HTTP/1.1 200 OK"
2026-06-03 21:33:41,453 INFO PUT http://localhost:9200/_bulk?refresh=false [status:200 duration:0.025s]
2026-06-03 21:33:41,453 INFO Progress: 13940/51354 (64.4/s) — ETA 581s
2026-06-03 21:33:41,456 INFO POST http://localhost:9200/_search/scroll [status:200 duration:0.002s]
2026-06-03 21:33:41,656 INFO HTTP Request: POST https://open.bigmodel.cn/api/paas/v4/embeddings "HTTP/1.1 200 OK"
2026-06-03 21:33:41,766 INFO PUT http://localhost:9200/_bulk?refresh=false [status:200 duration:0.027s]
2026-06-03 21:33:41,766 INFO Progress: 13960/51354 (64.4/s) — ETA 581s
2026-06-03 21:33:41,769 INFO POST http://localhost:9200/_search/scroll [status:200 duration:0.002s]
2026-06-03 21:33:41,939 INFO HTTP Request: POST https://open.bigmodel.cn/api/paas/v4/embeddings "HTTP/1.1 200 OK"
2026-06-03 21:33:42,035 INFO PUT http://localhost:9200/_bulk?refresh=false [status:200 duration:0.039s]
2026-06-03 21:33:42,035 INFO Progress: 13980/51354 (64.4/s) — ETA 581s
2026-06-03 21:33:42,040 INFO POST http://localhost:9200/_search/scroll [status:200 duration:0.005s]
2026-06-03 21:33:42,278 INFO HTTP Request: POST https://open.bigmodel.cn/api/paas/v4/embeddings "HTTP/1.1 200 OK"
2026-06-03 21:33:42,366 INFO PUT http://localhost:9200/_bulk?refresh=false [status:200 duration:0.029s]
2026-06-03 21:33:42,366 INFO Progress: 14000/51354 (64.4/s) — ETA 580s
2026-06-03 21:33:42,370 INFO POST http://localhost:9200/_search/scroll [status:200 duration:0.004s]
2026-06-03 21:33:42,615 INFO HTTP Request: POST https://open.bigmodel.cn/api/paas/v4/embeddings "HTTP/1.1 200 OK"
2026-06-03 21:33:42,698 INFO PUT http://localhost:9200/_bulk?refresh=false [status:200 duration:0.027s]
2026-06-03 21:33:42,698 INFO Progress: 14020/51354 (64.4/s) — ETA 580s
2026-06-03 21:33:42,700 INFO POST http://localhost:9200/_search/scroll [status:200 duration:0.002s]
2026-06-03 21:33:42,912 INFO HTTP Request: POST https://open.bigmodel.cn/api/paas/v4/embeddings "HTTP/1.1 200 OK"
2026-06-03 21:33:42,994 INFO PUT http://localhost:9200/_bulk?refresh=false [status:200 duration:0.026s]
2026-06-03 21:33:42,994 INFO Progress: 14040/51354 (64.4/s) — ETA 580s
2026-06-03 21:33:42,996 INFO POST http://localhost:9200/_search/scroll [status:200 duration:0.002s]
2026-06-03 21:33:43,156 INFO HTTP Request: POST https://open.bigmodel.cn/api/paas/v4/embeddings "HTTP/1.1 200 OK"
2026-06-03 21:33:43,237 INFO PUT http://localhost:9200/_bulk?refresh=false [status:200 duration:0.027s]
2026-06-03 21:33:43,237 INFO Progress: 14060/51354 (64.4/s) — ETA 579s
2026-06-03 21:33:43,239 INFO POST http://localhost:9200/_search/scroll [status:200 duration:0.002s]
2026-06-03 21:33:43,438 INFO HTTP Request: POST https://open.bigmodel.cn/api/paas/v4/embeddings "HTTP/1.1 200 OK"
2026-06-03 21:33:43,507 INFO PUT http://localhost:9200/_bulk?refresh=false [status:200 duration:0.028s]
2026-06-03 21:33:43,507 INFO Progress: 14080/51354 (64.4/s) — ETA 579s
2026-06-03 21:33:43,510 INFO POST http://localhost:9200/_search/scroll [status:200 duration:0.002s]
2026-06-03 21:33:43,740 INFO HTTP Request: POST https://open.bigmodel.cn/api/paas/v4/embeddings "HTTP/1.1 200 OK"
2026-06-03 21:33:43,825 INFO PUT http://localhost:9200/_bulk?refresh=false [status:200 duration:0.028s]
2026-06-03 21:33:43,825 INFO Progress: 14100/51354 (64.4/s) — ETA 579s
2026-06-03 21:33:43,827 INFO POST http://localhost:9200/_search/scroll [status:200 duration:0.002s]
2026-06-03 21:33:44,021 INFO HTTP Request: POST https://open.bigmodel.cn/api/paas/v4/embeddings "HTTP/1.1 200 OK"
2026-06-03 21:33:44,107 INFO PUT http://localhost:9200/_bulk?refresh=false [status:200 duration:0.026s]
2026-06-03 21:33:44,107 INFO Progress: 14120/51354 (64.4/s) — ETA 578s
2026-06-03 21:33:44,110 INFO POST http://localhost:9200/_search/scroll [status:200 duration:0.002s]
2026-06-03 21:33:44,269 INFO HTTP Request: POST https://open.bigmodel.cn/api/paas/v4/embeddings "HTTP/1.1 200 OK"
2026-06-03 21:33:44,347 INFO PUT http://localhost:9200/_bulk?refresh=false [status:200 duration:0.027s]
2026-06-03 21:33:44,348 INFO Progress: 14140/51354 (64.4/s) — ETA 578s
2026-06-03 21:33:44,350 INFO POST http://localhost:9200/_search/scroll [status:200 duration:0.002s]
2026-06-03 21:33:44,526 INFO HTTP Request: POST https://open.bigmodel.cn/api/paas/v4/embeddings "HTTP/1.1 200 OK"
2026-06-03 21:33:44,595 INFO PUT http://localhost:9200/_bulk?refresh=false [status:200 duration:0.025s]
2026-06-03 21:33:44,595 INFO Progress: 14160/51354 (64.4/s) — ETA 577s
2026-06-03 21:33:44,598 INFO POST http://localhost:9200/_search/scroll [status:200 duration:0.002s]
2026-06-03 21:33:44,782 INFO HTTP Request: POST https://open.bigmodel.cn/api/paas/v4/embeddings "HTTP/1.1 200 OK"
2026-06-03 21:33:44,848 INFO PUT http://localhost:9200/_bulk?refresh=false [status:200 duration:0.026s]
2026-06-03 21:33:44,848 INFO Progress: 14180/51354 (64.5/s) — ETA 577s
2026-06-03 21:33:44,850 INFO POST http://localhost:9200/_search/scroll [status:200 duration:0.002s]
2026-06-03 21:33:45,019 INFO HTTP Request: POST https://open.bigmodel.cn/api/paas/v4/embeddings "HTTP/1.1 200 OK"
2026-06-03 21:33:45,080 INFO PUT http://localhost:9200/_bulk?refresh=false [status:200 duration:0.025s]
2026-06-03 21:33:45,080 INFO Progress: 14200/51354 (64.5/s) — ETA 576s
2026-06-03 21:33:45,082 INFO POST http://localhost:9200/_search/scroll [status:200 duration:0.002s]
2026-06-03 21:33:45,283 INFO HTTP Request: POST https://open.bigmodel.cn/api/paas/v4/embeddings "HTTP/1.1 200 OK"
2026-06-03 21:33:45,358 INFO PUT http://localhost:9200/_bulk?refresh=false [status:200 duration:0.026s]
2026-06-03 21:33:45,358 INFO Progress: 14220/51354 (64.5/s) — ETA 576s
2026-06-03 21:33:45,360 INFO POST http://localhost:9200/_search/scroll [status:200 duration:0.002s]
2026-06-03 21:33:45,544 INFO HTTP Request: POST https://open.bigmodel.cn/api/paas/v4/embeddings "HTTP/1.1 200 OK"
2026-06-03 21:33:45,608 INFO PUT http://localhost:9200/_bulk?refresh=false [status:200 duration:0.026s]
2026-06-03 21:33:45,608 INFO Progress: 14240/51354 (64.5/s) — ETA 575s
2026-06-03 21:33:45,610 INFO POST http://localhost:9200/_search/scroll [status:200 duration:0.002s]
2026-06-03 21:33:45,844 INFO HTTP Request: POST https://open.bigmodel.cn/api/paas/v4/embeddings "HTTP/1.1 200 OK"
2026-06-03 21:33:45,925 INFO PUT http://localhost:9200/_bulk?refresh=false [status:200 duration:0.029s]
2026-06-03 21:33:45,925 INFO Progress: 14260/51354 (64.5/s) — ETA 575s
2026-06-03 21:33:45,927 INFO POST http://localhost:9200/_search/scroll [status:200 duration:0.002s]
2026-06-03 21:33:46,106 INFO HTTP Request: POST https://open.bigmodel.cn/api/paas/v4/embeddings "HTTP/1.1 200 OK"
2026-06-03 21:33:46,192 INFO PUT http://localhost:9200/_bulk?refresh=false [status:200 duration:0.028s]
2026-06-03 21:33:46,193 INFO Progress: 14280/51354 (64.5/s) — ETA 575s
2026-06-03 21:33:46,195 INFO POST http://localhost:9200/_search/scroll [status:200 duration:0.002s]
2026-06-03 21:33:46,378 INFO HTTP Request: POST https://open.bigmodel.cn/api/paas/v4/embeddings "HTTP/1.1 200 OK"
2026-06-03 21:33:46,444 INFO PUT http://localhost:9200/_bulk?refresh=false [status:200 duration:0.027s]
2026-06-03 21:33:46,444 INFO Progress: 14300/51354 (64.5/s) — ETA 574s
2026-06-03 21:33:46,446 INFO POST http://localhost:9200/_search/scroll [status:200 duration:0.002s]
2026-06-03 21:33:46,640 INFO HTTP Request: POST https://open.bigmodel.cn/api/paas/v4/embeddings "HTTP/1.1 200 OK"
2026-06-03 21:33:46,726 INFO PUT http://localhost:9200/_bulk?refresh=false [status:200 duration:0.029s]
2026-06-03 21:33:46,726 INFO Progress: 14320/51354 (64.5/s) — ETA 574s
2026-06-03 21:33:46,728 INFO POST http://localhost:9200/_search/scroll [status:200 duration:0.002s]
2026-06-03 21:33:46,911 INFO HTTP Request: POST https://open.bigmodel.cn/api/paas/v4/embeddings "HTTP/1.1 200 OK"
2026-06-03 21:33:46,993 INFO PUT http://localhost:9200/_bulk?refresh=false [status:200 duration:0.029s]
2026-06-03 21:33:46,994 INFO Progress: 14340/51354 (64.6/s) — ETA 573s
2026-06-03 21:33:46,996 INFO POST http://localhost:9200/_search/scroll [status:200 duration:0.002s]
2026-06-03 21:33:47,199 INFO HTTP Request: POST https://open.bigmodel.cn/api/paas/v4/embeddings "HTTP/1.1 200 OK"
2026-06-03 21:33:47,264 INFO PUT http://localhost:9200/_bulk?refresh=false [status:200 duration:0.028s]
2026-06-03 21:33:47,264 INFO Progress: 14360/51354 (64.6/s) — ETA 573s
2026-06-03 21:33:47,267 INFO POST http://localhost:9200/_search/scroll [status:200 duration:0.002s]
2026-06-03 21:33:47,690 INFO HTTP Request: POST https://open.bigmodel.cn/api/paas/v4/embeddings "HTTP/1.1 200 OK"
2026-06-03 21:33:47,774 INFO PUT http://localhost:9200/_bulk?refresh=false [status:200 duration:0.026s]
2026-06-03 21:33:47,774 INFO Progress: 14380/51354 (64.5/s) — ETA 573s
2026-06-03 21:33:47,776 INFO POST http://localhost:9200/_search/scroll [status:200 duration:0.002s]
2026-06-03 21:33:47,993 INFO HTTP Request: POST https://open.bigmodel.cn/api/paas/v4/embeddings "HTTP/1.1 200 OK"
2026-06-03 21:33:48,070 INFO PUT http://localhost:9200/_bulk?refresh=false [status:200 duration:0.028s]
2026-06-03 21:33:48,070 INFO Progress: 14400/51354 (64.5/s) — ETA 573s
2026-06-03 21:33:48,072 INFO POST http://localhost:9200/_search/scroll [status:200 duration:0.002s]
2026-06-03 21:33:48,257 INFO HTTP Request: POST https://open.bigmodel.cn/api/paas/v4/embeddings "HTTP/1.1 200 OK"
2026-06-03 21:33:48,341 INFO PUT http://localhost:9200/_bulk?refresh=false [status:200 duration:0.028s]
2026-06-03 21:33:48,341 INFO Progress: 14420/51354 (64.5/s) — ETA 572s
2026-06-03 21:33:48,343 INFO POST http://localhost:9200/_search/scroll [status:200 duration:0.002s]
2026-06-03 21:33:48,519 INFO HTTP Request: POST https://open.bigmodel.cn/api/paas/v4/embeddings "HTTP/1.1 200 OK"
2026-06-03 21:33:48,606 INFO PUT http://localhost:9200/_bulk?refresh=false [status:200 duration:0.029s]
2026-06-03 21:33:48,606 INFO Progress: 14440/51354 (64.5/s) — ETA 572s
2026-06-03 21:33:48,608 INFO POST http://localhost:9200/_search/scroll [status:200 duration:0.002s]
2026-06-03 21:33:48,824 INFO HTTP Request: POST https://open.bigmodel.cn/api/paas/v4/embeddings "HTTP/1.1 200 OK"
2026-06-03 21:33:48,894 INFO PUT http://localhost:9200/_bulk?refresh=false [status:200 duration:0.027s]
2026-06-03 21:33:48,894 INFO Progress: 14460/51354 (64.5/s) — ETA 572s
2026-06-03 21:33:48,896 INFO POST http://localhost:9200/_search/scroll [status:200 duration:0.002s]
2026-06-03 21:33:49,094 INFO HTTP Request: POST https://open.bigmodel.cn/api/paas/v4/embeddings "HTTP/1.1 200 OK"
2026-06-03 21:33:49,177 INFO PUT http://localhost:9200/_bulk?refresh=false [status:200 duration:0.026s]
2026-06-03 21:33:49,177 INFO Progress: 14480/51354 (64.6/s) — ETA 571s
2026-06-03 21:33:49,179 INFO POST http://localhost:9200/_search/scroll [status:200 duration:0.002s]
2026-06-03 21:33:49,417 INFO HTTP Request: POST https://open.bigmodel.cn/api/paas/v4/embeddings "HTTP/1.1 200 OK"
2026-06-03 21:33:49,503 INFO PUT http://localhost:9200/_bulk?refresh=false [status:200 duration:0.026s]
2026-06-03 21:33:49,503 INFO Progress: 14500/51354 (64.5/s) — ETA 571s
2026-06-03 21:33:49,505 INFO POST http://localhost:9200/_search/scroll [status:200 duration:0.002s]
2026-06-03 21:33:49,712 INFO HTTP Request: POST https://open.bigmodel.cn/api/paas/v4/embeddings "HTTP/1.1 200 OK"
2026-06-03 21:33:49,799 INFO PUT http://localhost:9200/_bulk?refresh=false [status:200 duration:0.029s]
2026-06-03 21:33:49,800 INFO Progress: 14520/51354 (64.6/s) — ETA 571s
2026-06-03 21:33:49,802 INFO POST http://localhost:9200/_search/scroll [status:200 duration:0.002s]
2026-06-03 21:33:49,989 INFO HTTP Request: POST https://open.bigmodel.cn/api/paas/v4/embeddings "HTTP/1.1 200 OK"
2026-06-03 21:33:50,055 INFO PUT http://localhost:9200/_bulk?refresh=false [status:200 duration:0.025s]
2026-06-03 21:33:50,056 INFO Progress: 14540/51354 (64.6/s) — ETA 570s
2026-06-03 21:33:50,058 INFO POST http://localhost:9200/_search/scroll [status:200 duration:0.002s]
2026-06-03 21:33:50,222 INFO HTTP Request: POST https://open.bigmodel.cn/api/paas/v4/embeddings "HTTP/1.1 200 OK"
2026-06-03 21:33:50,303 INFO PUT http://localhost:9200/_bulk?refresh=false [status:200 duration:0.027s]
2026-06-03 21:33:50,303 INFO Progress: 14560/51354 (64.6/s) — ETA 570s
2026-06-03 21:33:50,306 INFO POST http://localhost:9200/_search/scroll [status:200 duration:0.002s]
2026-06-03 21:33:50,520 INFO HTTP Request: POST https://open.bigmodel.cn/api/paas/v4/embeddings "HTTP/1.1 200 OK"
2026-06-03 21:33:50,597 INFO PUT http://localhost:9200/_bulk?refresh=false [status:200 duration:0.027s]
2026-06-03 21:33:50,598 INFO Progress: 14580/51354 (64.6/s) — ETA 569s
2026-06-03 21:33:50,600 INFO POST http://localhost:9200/_search/scroll [status:200 duration:0.002s]
2026-06-03 21:33:50,773 INFO HTTP Request: POST https://open.bigmodel.cn/api/paas/v4/embeddings "HTTP/1.1 200 OK"
2026-06-03 21:33:50,829 INFO PUT http://localhost:9200/_bulk?refresh=false [status:200 duration:0.025s]
2026-06-03 21:33:50,829 INFO Progress: 14600/51354 (64.6/s) — ETA 569s
2026-06-03 21:33:50,831 INFO POST http://localhost:9200/_search/scroll [status:200 duration:0.002s]
2026-06-03 21:33:51,033 INFO HTTP Request: POST https://open.bigmodel.cn/api/paas/v4/embeddings "HTTP/1.1 200 OK"
2026-06-03 21:33:51,118 INFO PUT http://localhost:9200/_bulk?refresh=false [status:200 duration:0.026s]
2026-06-03 21:33:51,119 INFO Progress: 14620/51354 (64.6/s) — ETA 568s
2026-06-03 21:33:51,121 INFO POST http://localhost:9200/_search/scroll [status:200 duration:0.002s]
2026-06-03 21:33:51,328 INFO HTTP Request: POST https://open.bigmodel.cn/api/paas/v4/embeddings "HTTP/1.1 200 OK"
2026-06-03 21:33:51,413 INFO PUT http://localhost:9200/_bulk?refresh=false [status:200 duration:0.027s]
2026-06-03 21:33:51,413 INFO Progress: 14640/51354 (64.6/s) — ETA 568s
2026-06-03 21:33:51,415 INFO POST http://localhost:9200/_search/scroll [status:200 duration:0.002s]
2026-06-03 21:33:51,644 INFO HTTP Request: POST https://open.bigmodel.cn/api/paas/v4/embeddings "HTTP/1.1 200 OK"
2026-06-03 21:33:51,723 INFO PUT http://localhost:9200/_bulk?refresh=false [status:200 duration:0.027s]
2026-06-03 21:33:51,723 INFO Progress: 14660/51354 (64.6/s) — ETA 568s
2026-06-03 21:33:51,725 INFO POST http://localhost:9200/_search/scroll [status:200 duration:0.002s]
2026-06-03 21:33:51,915 INFO HTTP Request: POST https://open.bigmodel.cn/api/paas/v4/embeddings "HTTP/1.1 200 OK"
2026-06-03 21:33:52,006 INFO PUT http://localhost:9200/_bulk?refresh=false [status:200 duration:0.039s]
2026-06-03 21:33:52,006 INFO Progress: 14680/51354 (64.6/s) — ETA 567s
2026-06-03 21:33:52,011 INFO POST http://localhost:9200/_search/scroll [status:200 duration:0.004s]
2026-06-03 21:33:52,186 INFO HTTP Request: POST https://open.bigmodel.cn/api/paas/v4/embeddings "HTTP/1.1 200 OK"
2026-06-03 21:33:52,274 INFO PUT http://localhost:9200/_bulk?refresh=false [status:200 duration:0.033s]
2026-06-03 21:33:52,274 INFO Progress: 14700/51354 (64.6/s) — ETA 567s
2026-06-03 21:33:52,279 INFO POST http://localhost:9200/_search/scroll [status:200 duration:0.004s]
2026-06-03 21:33:52,484 INFO HTTP Request: POST https://open.bigmodel.cn/api/paas/v4/embeddings "HTTP/1.1 200 OK"
2026-06-03 21:33:52,562 INFO PUT http://localhost:9200/_bulk?refresh=false [status:200 duration:0.025s]
2026-06-03 21:33:52,563 INFO Progress: 14720/51354 (64.6/s) — ETA 567s
2026-06-03 21:33:52,565 INFO POST http://localhost:9200/_search/scroll [status:200 duration:0.002s]
2026-06-03 21:33:52,724 INFO HTTP Request: POST https://open.bigmodel.cn/api/paas/v4/embeddings "HTTP/1.1 200 OK"
2026-06-03 21:33:52,785 INFO PUT http://localhost:9200/_bulk?refresh=false [status:200 duration:0.026s]
2026-06-03 21:33:52,785 INFO Progress: 14740/51354 (64.7/s) — ETA 566s
2026-06-03 21:33:52,787 INFO POST http://localhost:9200/_search/scroll [status:200 duration:0.002s]
2026-06-03 21:33:52,988 INFO HTTP Request: POST https://open.bigmodel.cn/api/paas/v4/embeddings "HTTP/1.1 200 OK"
2026-06-03 21:33:53,074 INFO PUT http://localhost:9200/_bulk?refresh=false [status:200 duration:0.027s]
2026-06-03 21:33:53,074 INFO Progress: 14760/51354 (64.7/s) — ETA 566s
2026-06-03 21:33:53,076 INFO POST http://localhost:9200/_search/scroll [status:200 duration:0.002s]
2026-06-03 21:33:53,283 INFO HTTP Request: POST https://open.bigmodel.cn/api/paas/v4/embeddings "HTTP/1.1 200 OK"
2026-06-03 21:33:53,346 INFO PUT http://localhost:9200/_bulk?refresh=false [status:200 duration:0.026s]
2026-06-03 21:33:53,346 INFO Progress: 14780/51354 (64.7/s) — ETA 565s
2026-06-03 21:33:53,348 INFO POST http://localhost:9200/_search/scroll [status:200 duration:0.002s]
2026-06-03 21:33:53,534 INFO HTTP Request: POST https://open.bigmodel.cn/api/paas/v4/embeddings "HTTP/1.1 200 OK"
2026-06-03 21:33:53,617 INFO PUT http://localhost:9200/_bulk?refresh=false [status:200 duration:0.027s]
2026-06-03 21:33:53,617 INFO Progress: 14800/51354 (64.7/s) — ETA 565s
2026-06-03 21:33:53,619 INFO POST http://localhost:9200/_search/scroll [status:200 duration:0.002s]
2026-06-03 21:33:53,839 INFO HTTP Request: POST https://open.bigmodel.cn/api/paas/v4/embeddings "HTTP/1.1 200 OK"
2026-06-03 21:33:53,925 INFO PUT http://localhost:9200/_bulk?refresh=false [status:200 duration:0.027s]
2026-06-03 21:33:53,925 INFO Progress: 14820/51354 (64.7/s) — ETA 565s
2026-06-03 21:33:53,928 INFO POST http://localhost:9200/_search/scroll [status:200 duration:0.002s]
2026-06-03 21:33:54,153 INFO HTTP Request: POST https://open.bigmodel.cn/api/paas/v4/embeddings "HTTP/1.1 200 OK"
2026-06-03 21:33:54,235 INFO PUT http://localhost:9200/_bulk?refresh=false [status:200 duration:0.027s]
2026-06-03 21:33:54,236 INFO Progress: 14840/51354 (64.7/s) — ETA 564s
2026-06-03 21:33:54,238 INFO POST http://localhost:9200/_search/scroll [status:200 duration:0.002s]
2026-06-03 21:33:54,440 INFO HTTP Request: POST https://open.bigmodel.cn/api/paas/v4/embeddings "HTTP/1.1 200 OK"
2026-06-03 21:33:54,507 INFO PUT http://localhost:9200/_bulk?refresh=false [status:200 duration:0.025s]
2026-06-03 21:33:54,507 INFO Progress: 14860/51354 (64.7/s) — ETA 564s
2026-06-03 21:33:54,510 INFO POST http://localhost:9200/_search/scroll [status:200 duration:0.002s]
2026-06-03 21:33:54,933 INFO HTTP Request: POST https://open.bigmodel.cn/api/paas/v4/embeddings "HTTP/1.1 200 OK"
2026-06-03 21:33:55,008 INFO PUT http://localhost:9200/_bulk?refresh=false [status:200 duration:0.028s]
2026-06-03 21:33:55,008 INFO Progress: 14880/51354 (64.7/s) — ETA 564s
2026-06-03 21:33:55,011 INFO POST http://localhost:9200/_search/scroll [status:200 duration:0.002s]
2026-06-03 21:33:55,209 INFO HTTP Request: POST https://open.bigmodel.cn/api/paas/v4/embeddings "HTTP/1.1 200 OK"
2026-06-03 21:33:55,293 INFO PUT http://localhost:9200/_bulk?refresh=false [status:200 duration:0.027s]
2026-06-03 21:33:55,294 INFO Progress: 14900/51354 (64.7/s) — ETA 564s
2026-06-03 21:33:55,296 INFO POST http://localhost:9200/_search/scroll [status:200 duration:0.002s]
2026-06-03 21:33:55,460 INFO HTTP Request: POST https://open.bigmodel.cn/api/paas/v4/embeddings "HTTP/1.1 200 OK"
2026-06-03 21:33:55,547 INFO PUT http://localhost:9200/_bulk?refresh=false [status:200 duration:0.032s]
2026-06-03 21:33:55,547 INFO Progress: 14920/51354 (64.7/s) — ETA 563s
2026-06-03 21:33:55,549 INFO POST http://localhost:9200/_search/scroll [status:200 duration:0.002s]
2026-06-03 21:33:55,753 INFO HTTP Request: POST https://open.bigmodel.cn/api/paas/v4/embeddings "HTTP/1.1 200 OK"
2026-06-03 21:33:55,819 INFO PUT http://localhost:9200/_bulk?refresh=false [status:200 duration:0.029s]
2026-06-03 21:33:55,819 INFO Progress: 14940/51354 (64.7/s) — ETA 563s
2026-06-03 21:33:55,821 INFO POST http://localhost:9200/_search/scroll [status:200 duration:0.002s]
2026-06-03 21:33:56,010 INFO HTTP Request: POST https://open.bigmodel.cn/api/paas/v4/embeddings "HTTP/1.1 200 OK"
2026-06-03 21:33:56,075 INFO PUT http://localhost:9200/_bulk?refresh=false [status:200 duration:0.027s]
2026-06-03 21:33:56,075 INFO Progress: 14960/51354 (64.7/s) — ETA 562s
2026-06-03 21:33:56,077 INFO POST http://localhost:9200/_search/scroll [status:200 duration:0.002s]
2026-06-03 21:33:56,329 INFO HTTP Request: POST https://open.bigmodel.cn/api/paas/v4/embeddings "HTTP/1.1 200 OK"
2026-06-03 21:33:56,414 INFO PUT http://localhost:9200/_bulk?refresh=false [status:200 duration:0.027s]
2026-06-03 21:33:56,414 INFO Progress: 14980/51354 (64.7/s) — ETA 562s
2026-06-03 21:33:56,416 INFO POST http://localhost:9200/_search/scroll [status:200 duration:0.002s]
2026-06-03 21:33:56,585 INFO HTTP Request: POST https://open.bigmodel.cn/api/paas/v4/embeddings "HTTP/1.1 200 OK"
2026-06-03 21:33:56,666 INFO PUT http://localhost:9200/_bulk?refresh=false [status:200 duration:0.026s]
2026-06-03 21:33:56,667 INFO Progress: 15000/51354 (64.7/s) — ETA 562s
2026-06-03 21:33:56,669 INFO POST http://localhost:9200/_search/scroll [status:200 duration:0.002s]
2026-06-03 21:33:56,912 INFO HTTP Request: POST https://open.bigmodel.cn/api/paas/v4/embeddings "HTTP/1.1 200 OK"
2026-06-03 21:33:57,004 INFO PUT http://localhost:9200/_bulk?refresh=false [status:200 duration:0.033s]
2026-06-03 21:33:57,005 INFO Progress: 15020/51354 (64.7/s) — ETA 562s
2026-06-03 21:33:57,007 INFO POST http://localhost:9200/_search/scroll [status:200 duration:0.002s]
2026-06-03 21:33:57,231 INFO HTTP Request: POST https://open.bigmodel.cn/api/paas/v4/embeddings "HTTP/1.1 200 OK"
2026-06-03 21:33:57,315 INFO PUT http://localhost:9200/_bulk?refresh=false [status:200 duration:0.027s]
2026-06-03 21:33:57,315 INFO Progress: 15040/51354 (64.7/s) — ETA 561s
2026-06-03 21:33:57,318 INFO POST http://localhost:9200/_search/scroll [status:200 duration:0.002s]
2026-06-03 21:33:57,522 INFO HTTP Request: POST https://open.bigmodel.cn/api/paas/v4/embeddings "HTTP/1.1 200 OK"
2026-06-03 21:33:57,612 INFO PUT http://localhost:9200/_bulk?refresh=false [status:200 duration:0.028s]
2026-06-03 21:33:57,612 INFO Progress: 15060/51354 (64.7/s) — ETA 561s
2026-06-03 21:33:57,614 INFO POST http://localhost:9200/_search/scroll [status:200 duration:0.002s]
2026-06-03 21:33:57,773 INFO HTTP Request: POST https://open.bigmodel.cn/api/paas/v4/embeddings "HTTP/1.1 200 OK"
2026-06-03 21:33:57,838 INFO PUT http://localhost:9200/_bulk?refresh=false [status:200 duration:0.027s]
2026-06-03 21:33:57,838 INFO Progress: 15080/51354 (64.7/s) — ETA 560s
2026-06-03 21:33:57,840 INFO POST http://localhost:9200/_search/scroll [status:200 duration:0.002s]
2026-06-03 21:33:58,053 INFO HTTP Request: POST https://open.bigmodel.cn/api/paas/v4/embeddings "HTTP/1.1 200 OK"
2026-06-03 21:33:58,120 INFO PUT http://localhost:9200/_bulk?refresh=false [status:200 duration:0.027s]
2026-06-03 21:33:58,120 INFO Progress: 15100/51354 (64.7/s) — ETA 560s
2026-06-03 21:33:58,122 INFO POST http://localhost:9200/_search/scroll [status:200 duration:0.002s]
2026-06-03 21:33:58,316 INFO HTTP Request: POST https://open.bigmodel.cn/api/paas/v4/embeddings "HTTP/1.1 200 OK"
2026-06-03 21:33:58,397 INFO PUT http://localhost:9200/_bulk?refresh=false [status:200 duration:0.027s]
2026-06-03 21:33:58,397 INFO Progress: 15120/51354 (64.7/s) — ETA 560s
2026-06-03 21:33:58,399 INFO POST http://localhost:9200/_search/scroll [status:200 duration:0.002s]
2026-06-03 21:33:58,566 INFO HTTP Request: POST https://open.bigmodel.cn/api/paas/v4/embeddings "HTTP/1.1 200 OK"
2026-06-03 21:33:58,645 INFO PUT http://localhost:9200/_bulk?refresh=false [status:200 duration:0.028s]
2026-06-03 21:33:58,645 INFO Progress: 15140/51354 (64.8/s) — ETA 559s
2026-06-03 21:33:58,647 INFO POST http://localhost:9200/_search/scroll [status:200 duration:0.002s]
2026-06-03 21:33:59,837 INFO HTTP Request: POST https://open.bigmodel.cn/api/paas/v4/embeddings "HTTP/1.1 200 OK"
2026-06-03 21:33:59,917 INFO PUT http://localhost:9200/_bulk?refresh=false [status:200 duration:0.026s]
2026-06-03 21:33:59,917 INFO Progress: 15160/51354 (64.5/s) — ETA 561s
2026-06-03 21:33:59,919 INFO POST http://localhost:9200/_search/scroll [status:200 duration:0.002s]
2026-06-03 21:34:00,097 INFO HTTP Request: POST https://open.bigmodel.cn/api/paas/v4/embeddings "HTTP/1.1 200 OK"
2026-06-03 21:34:00,165 INFO PUT http://localhost:9200/_bulk?refresh=false [status:200 duration:0.032s]
2026-06-03 21:34:00,165 INFO Progress: 15180/51354 (64.5/s) — ETA 561s
2026-06-03 21:34:00,167 INFO POST http://localhost:9200/_search/scroll [status:200 duration:0.002s]
2026-06-03 21:34:00,338 INFO HTTP Request: POST https://open.bigmodel.cn/api/paas/v4/embeddings "HTTP/1.1 200 OK"
2026-06-03 21:34:00,423 INFO PUT http://localhost:9200/_bulk?refresh=false [status:200 duration:0.028s]
2026-06-03 21:34:00,424 INFO Progress: 15200/51354 (64.5/s) — ETA 560s
2026-06-03 21:34:00,426 INFO POST http://localhost:9200/_search/scroll [status:200 duration:0.002s]
2026-06-03 21:34:00,636 INFO HTTP Request: POST https://open.bigmodel.cn/api/paas/v4/embeddings "HTTP/1.1 200 OK"
2026-06-03 21:34:00,720 INFO PUT http://localhost:9200/_bulk?refresh=false [status:200 duration:0.029s]
2026-06-03 21:34:00,720 INFO Progress: 15220/51354 (64.5/s) — ETA 560s
2026-06-03 21:34:00,722 INFO POST http://localhost:9200/_search/scroll [status:200 duration:0.002s]
2026-06-03 21:34:00,971 INFO HTTP Request: POST https://open.bigmodel.cn/api/paas/v4/embeddings "HTTP/1.1 200 OK"
2026-06-03 21:34:01,060 INFO PUT http://localhost:9200/_bulk?refresh=false [status:200 duration:0.029s]
2026-06-03 21:34:01,061 INFO Progress: 15240/51354 (64.5/s) — ETA 560s
2026-06-03 21:34:01,063 INFO POST http://localhost:9200/_search/scroll [status:200 duration:0.002s]
2026-06-03 21:34:01,240 INFO HTTP Request: POST https://open.bigmodel.cn/api/paas/v4/embeddings "HTTP/1.1 200 OK"
2026-06-03 21:34:01,318 INFO PUT http://localhost:9200/_bulk?refresh=false [status:200 duration:0.028s]
2026-06-03 21:34:01,318 INFO Progress: 15260/51354 (64.5/s) — ETA 559s
2026-06-03 21:34:01,320 INFO POST http://localhost:9200/_search/scroll [status:200 duration:0.002s]
2026-06-03 21:34:01,564 INFO HTTP Request: POST https://open.bigmodel.cn/api/paas/v4/embeddings "HTTP/1.1 200 OK"
2026-06-03 21:34:01,650 INFO PUT http://localhost:9200/_bulk?refresh=false [status:200 duration:0.029s]
2026-06-03 21:34:01,650 INFO Progress: 15280/51354 (64.5/s) — ETA 559s
2026-06-03 21:34:01,653 INFO POST http://localhost:9200/_search/scroll [status:200 duration:0.002s]
2026-06-03 21:34:01,836 INFO HTTP Request: POST https://open.bigmodel.cn/api/paas/v4/embeddings "HTTP/1.1 200 OK"
2026-06-03 21:34:01,918 INFO PUT http://localhost:9200/_bulk?refresh=false [status:200 duration:0.027s]
2026-06-03 21:34:01,918 INFO Progress: 15300/51354 (64.5/s) — ETA 559s
2026-06-03 21:34:01,920 INFO POST http://localhost:9200/_search/scroll [status:200 duration:0.002s]
2026-06-03 21:34:03,172 INFO HTTP Request: POST https://open.bigmodel.cn/api/paas/v4/embeddings "HTTP/1.1 200 OK"
2026-06-03 21:34:03,241 INFO PUT http://localhost:9200/_bulk?refresh=false [status:200 duration:0.026s]
2026-06-03 21:34:03,241 INFO Progress: 15320/51354 (64.3/s) — ETA 561s
2026-06-03 21:34:03,244 INFO POST http://localhost:9200/_search/scroll [status:200 duration:0.002s]
2026-06-03 21:34:03,431 INFO HTTP Request: POST https://open.bigmodel.cn/api/paas/v4/embeddings "HTTP/1.1 200 OK"
2026-06-03 21:34:03,511 INFO PUT http://localhost:9200/_bulk?refresh=false [status:200 duration:0.026s]
2026-06-03 21:34:03,512 INFO Progress: 15340/51354 (64.3/s) — ETA 560s
2026-06-03 21:34:03,514 INFO POST http://localhost:9200/_search/scroll [status:200 duration:0.002s]
2026-06-03 21:34:03,666 INFO HTTP Request: POST https://open.bigmodel.cn/api/paas/v4/embeddings "HTTP/1.1 200 OK"
2026-06-03 21:34:03,756 INFO PUT http://localhost:9200/_bulk?refresh=false [status:200 duration:0.032s]
2026-06-03 21:34:03,756 INFO Progress: 15360/51354 (64.3/s) — ETA 560s
2026-06-03 21:34:03,761 INFO POST http://localhost:9200/_search/scroll [status:200 duration:0.004s]
2026-06-03 21:34:03,973 INFO HTTP Request: POST https://open.bigmodel.cn/api/paas/v4/embeddings "HTTP/1.1 200 OK"
2026-06-03 21:34:04,058 INFO PUT http://localhost:9200/_bulk?refresh=false [status:200 duration:0.029s]
2026-06-03 21:34:04,058 INFO Progress: 15380/51354 (64.3/s) — ETA 559s
2026-06-03 21:34:04,062 INFO POST http://localhost:9200/_search/scroll [status:200 duration:0.004s]
2026-06-03 21:34:04,245 INFO HTTP Request: POST https://open.bigmodel.cn/api/paas/v4/embeddings "HTTP/1.1 200 OK"
2026-06-03 21:34:04,325 INFO PUT http://localhost:9200/_bulk?refresh=false [status:200 duration:0.028s]
2026-06-03 21:34:04,325 INFO Progress: 15400/51354 (64.3/s) — ETA 559s
2026-06-03 21:34:04,327 INFO POST http://localhost:9200/_search/scroll [status:200 duration:0.002s]
2026-06-03 21:34:04,523 INFO HTTP Request: POST https://open.bigmodel.cn/api/paas/v4/embeddings "HTTP/1.1 200 OK"
2026-06-03 21:34:04,593 INFO PUT http://localhost:9200/_bulk?refresh=false [status:200 duration:0.027s]
2026-06-03 21:34:04,593 INFO Progress: 15420/51354 (64.3/s) — ETA 559s
2026-06-03 21:34:04,595 INFO POST http://localhost:9200/_search/scroll [status:200 duration:0.002s]
2026-06-03 21:34:04,783 INFO HTTP Request: POST https://open.bigmodel.cn/api/paas/v4/embeddings "HTTP/1.1 200 OK"
2026-06-03 21:34:04,874 INFO PUT http://localhost:9200/_bulk?refresh=false [status:200 duration:0.031s]
2026-06-03 21:34:04,874 INFO Progress: 15440/51354 (64.3/s) — ETA 558s
2026-06-03 21:34:04,876 INFO POST http://localhost:9200/_search/scroll [status:200 duration:0.002s]
2026-06-03 21:34:05,063 INFO HTTP Request: POST https://open.bigmodel.cn/api/paas/v4/embeddings "HTTP/1.1 200 OK"
2026-06-03 21:34:05,148 INFO PUT http://localhost:9200/_bulk?refresh=false [status:200 duration:0.030s]
2026-06-03 21:34:05,148 INFO Progress: 15460/51354 (64.3/s) — ETA 558s
2026-06-03 21:34:05,151 INFO POST http://localhost:9200/_search/scroll [status:200 duration:0.002s]
2026-06-03 21:34:05,391 INFO HTTP Request: POST https://open.bigmodel.cn/api/paas/v4/embeddings "HTTP/1.1 200 OK"
2026-06-03 21:34:05,470 INFO PUT http://localhost:9200/_bulk?refresh=false [status:200 duration:0.031s]
2026-06-03 21:34:05,471 INFO Progress: 15480/51354 (64.3/s) — ETA 558s
2026-06-03 21:34:05,473 INFO POST http://localhost:9200/_search/scroll [status:200 duration:0.002s]
2026-06-03 21:34:05,688 INFO HTTP Request: POST https://open.bigmodel.cn/api/paas/v4/embeddings "HTTP/1.1 200 OK"
2026-06-03 21:34:05,774 INFO PUT http://localhost:9200/_bulk?refresh=false [status:200 duration:0.028s]
2026-06-03 21:34:05,774 INFO Progress: 15500/51354 (64.3/s) — ETA 557s
2026-06-03 21:34:05,776 INFO POST http://localhost:9200/_search/scroll [status:200 duration:0.002s]
2026-06-03 21:34:05,959 INFO HTTP Request: POST https://open.bigmodel.cn/api/paas/v4/embeddings "HTTP/1.1 200 OK"
2026-06-03 21:34:06,048 INFO PUT http://localhost:9200/_bulk?refresh=false [status:200 duration:0.028s]
2026-06-03 21:34:06,048 INFO Progress: 15520/51354 (64.3/s) — ETA 557s
2026-06-03 21:34:06,050 INFO POST http://localhost:9200/_search/scroll [status:200 duration:0.002s]
2026-06-03 21:34:06,225 INFO HTTP Request: POST https://open.bigmodel.cn/api/paas/v4/embeddings "HTTP/1.1 200 OK"
2026-06-03 21:34:06,335 INFO PUT http://localhost:9200/_bulk?refresh=false [status:200 duration:0.028s]
2026-06-03 21:34:06,336 INFO Progress: 15540/51354 (64.4/s) — ETA 557s
2026-06-03 21:34:06,338 INFO POST http://localhost:9200/_search/scroll [status:200 duration:0.002s]
2026-06-03 21:34:06,541 INFO HTTP Request: POST https://open.bigmodel.cn/api/paas/v4/embeddings "HTTP/1.1 200 OK"
2026-06-03 21:34:06,635 INFO PUT http://localhost:9200/_bulk?refresh=false [status:200 duration:0.037s]
2026-06-03 21:34:06,635 INFO Progress: 15560/51354 (64.4/s) — ETA 556s
2026-06-03 21:34:06,638 INFO POST http://localhost:9200/_search/scroll [status:200 duration:0.002s]
2026-06-03 21:34:06,824 INFO HTTP Request: POST https://open.bigmodel.cn/api/paas/v4/embeddings "HTTP/1.1 200 OK"
2026-06-03 21:34:07,068 INFO PUT http://localhost:9200/_bulk?refresh=false [status:200 duration:0.178s]
2026-06-03 21:34:07,068 INFO Progress: 15580/51354 (64.3/s) — ETA 556s
2026-06-03 21:34:07,071 INFO POST http://localhost:9200/_search/scroll [status:200 duration:0.003s]
2026-06-03 21:34:07,348 INFO HTTP Request: POST https://open.bigmodel.cn/api/paas/v4/embeddings "HTTP/1.1 200 OK"
2026-06-03 21:34:07,428 INFO PUT http://localhost:9200/_bulk?refresh=false [status:200 duration:0.023s]
2026-06-03 21:34:07,428 INFO Progress: 15600/51354 (64.3/s) — ETA 556s
2026-06-03 21:34:07,430 INFO POST http://localhost:9200/_search/scroll [status:200 duration:0.002s]
2026-06-03 21:34:07,665 INFO HTTP Request: POST https://open.bigmodel.cn/api/paas/v4/embeddings "HTTP/1.1 200 OK"
2026-06-03 21:34:07,742 INFO PUT http://localhost:9200/_bulk?refresh=false [status:200 duration:0.023s]
2026-06-03 21:34:07,743 INFO Progress: 15620/51354 (64.3/s) — ETA 556s
2026-06-03 21:34:07,745 INFO POST http://localhost:9200/_search/scroll [status:200 duration:0.002s]
2026-06-03 21:34:07,978 INFO HTTP Request: POST https://open.bigmodel.cn/api/paas/v4/embeddings "HTTP/1.1 200 OK"
2026-06-03 21:34:08,056 INFO PUT http://localhost:9200/_bulk?refresh=false [status:200 duration:0.024s]
2026-06-03 21:34:08,056 INFO Progress: 15640/51354 (64.3/s) — ETA 555s
2026-06-03 21:34:08,058 INFO POST http://localhost:9200/_search/scroll [status:200 duration:0.002s]
2026-06-03 21:34:08,230 INFO HTTP Request: POST https://open.bigmodel.cn/api/paas/v4/embeddings "HTTP/1.1 200 OK"
2026-06-03 21:34:08,298 INFO PUT http://localhost:9200/_bulk?refresh=false [status:200 duration:0.026s]
2026-06-03 21:34:08,298 INFO Progress: 15660/51354 (64.3/s) — ETA 555s
2026-06-03 21:34:08,301 INFO POST http://localhost:9200/_search/scroll [status:200 duration:0.002s]
2026-06-03 21:34:08,689 INFO HTTP Request: POST https://open.bigmodel.cn/api/paas/v4/embeddings "HTTP/1.1 200 OK"
2026-06-03 21:34:08,770 INFO PUT http://localhost:9200/_bulk?refresh=false [status:200 duration:0.028s]
2026-06-03 21:34:08,770 INFO Progress: 15680/51354 (64.3/s) — ETA 555s
2026-06-03 21:34:08,773 INFO POST http://localhost:9200/_search/scroll [status:200 duration:0.002s]
2026-06-03 21:34:09,650 INFO HTTP Request: POST https://open.bigmodel.cn/api/paas/v4/embeddings "HTTP/1.1 200 OK"
2026-06-03 21:34:09,729 INFO PUT http://localhost:9200/_bulk?refresh=false [status:200 duration:0.023s]
2026-06-03 21:34:09,729 INFO Progress: 15700/51354 (64.1/s) — ETA 556s
2026-06-03 21:34:09,731 INFO POST http://localhost:9200/_search/scroll [status:200 duration:0.002s]
2026-06-03 21:34:09,972 INFO HTTP Request: POST https://open.bigmodel.cn/api/paas/v4/embeddings "HTTP/1.1 200 OK"
2026-06-03 21:34:10,056 INFO PUT http://localhost:9200/_bulk?refresh=false [status:200 duration:0.024s]
2026-06-03 21:34:10,056 INFO Progress: 15720/51354 (64.1/s) — ETA 556s
2026-06-03 21:34:10,058 INFO POST http://localhost:9200/_search/scroll [status:200 duration:0.002s]
2026-06-03 21:34:10,268 INFO HTTP Request: POST https://open.bigmodel.cn/api/paas/v4/embeddings "HTTP/1.1 200 OK"
2026-06-03 21:34:10,345 INFO PUT http://localhost:9200/_bulk?refresh=false [status:200 duration:0.024s]
2026-06-03 21:34:10,346 INFO Progress: 15740/51354 (64.1/s) — ETA 555s
2026-06-03 21:34:10,348 INFO POST http://localhost:9200/_search/scroll [status:200 duration:0.002s]
2026-06-03 21:34:10,513 INFO HTTP Request: POST https://open.bigmodel.cn/api/paas/v4/embeddings "HTTP/1.1 200 OK"
2026-06-03 21:34:10,583 INFO PUT http://localhost:9200/_bulk?refresh=false [status:200 duration:0.025s]
2026-06-03 21:34:10,584 INFO Progress: 15760/51354 (64.1/s) — ETA 555s
2026-06-03 21:34:10,586 INFO POST http://localhost:9200/_search/scroll [status:200 duration:0.002s]
2026-06-03 21:34:10,776 INFO HTTP Request: POST https://open.bigmodel.cn/api/paas/v4/embeddings "HTTP/1.1 200 OK"
2026-06-03 21:34:10,853 INFO PUT http://localhost:9200/_bulk?refresh=false [status:200 duration:0.023s]
2026-06-03 21:34:10,853 INFO Progress: 15780/51354 (64.1/s) — ETA 555s
2026-06-03 21:34:10,855 INFO POST http://localhost:9200/_search/scroll [status:200 duration:0.002s]
2026-06-03 21:34:11,123 INFO HTTP Request: POST https://open.bigmodel.cn/api/paas/v4/embeddings "HTTP/1.1 200 OK"
2026-06-03 21:34:11,191 INFO PUT http://localhost:9200/_bulk?refresh=false [status:200 duration:0.023s]
2026-06-03 21:34:11,191 INFO Progress: 15800/51354 (64.1/s) — ETA 554s
2026-06-03 21:34:11,194 INFO POST http://localhost:9200/_search/scroll [status:200 duration:0.002s]
2026-06-03 21:34:11,398 INFO HTTP Request: POST https://open.bigmodel.cn/api/paas/v4/embeddings "HTTP/1.1 200 OK"
2026-06-03 21:34:11,479 INFO PUT http://localhost:9200/_bulk?refresh=false [status:200 duration:0.025s]
2026-06-03 21:34:11,480 INFO Progress: 15820/51354 (64.1/s) — ETA 554s
2026-06-03 21:34:11,482 INFO POST http://localhost:9200/_search/scroll [status:200 duration:0.002s]
2026-06-03 21:34:11,662 INFO HTTP Request: POST https://open.bigmodel.cn/api/paas/v4/embeddings "HTTP/1.1 200 OK"
2026-06-03 21:34:11,722 INFO PUT http://localhost:9200/_bulk?refresh=false [status:200 duration:0.026s]
2026-06-03 21:34:11,722 INFO Progress: 15840/51354 (64.2/s) — ETA 553s
2026-06-03 21:34:11,724 INFO POST http://localhost:9200/_search/scroll [status:200 duration:0.002s]
2026-06-03 21:34:11,938 INFO HTTP Request: POST https://open.bigmodel.cn/api/paas/v4/embeddings "HTTP/1.1 200 OK"
2026-06-03 21:34:12,016 INFO PUT http://localhost:9200/_bulk?refresh=false [status:200 duration:0.025s]
2026-06-03 21:34:12,016 INFO Progress: 15860/51354 (64.2/s) — ETA 553s
2026-06-03 21:34:12,018 INFO POST http://localhost:9200/_search/scroll [status:200 duration:0.002s]
2026-06-03 21:34:12,217 INFO HTTP Request: POST https://open.bigmodel.cn/api/paas/v4/embeddings "HTTP/1.1 200 OK"
2026-06-03 21:34:12,296 INFO PUT http://localhost:9200/_bulk?refresh=false [status:200 duration:0.024s]
2026-06-03 21:34:12,296 INFO Progress: 15880/51354 (64.2/s) — ETA 553s
2026-06-03 21:34:12,299 INFO POST http://localhost:9200/_search/scroll [status:200 duration:0.002s]
2026-06-03 21:34:12,510 INFO HTTP Request: POST https://open.bigmodel.cn/api/paas/v4/embeddings "HTTP/1.1 200 OK"
2026-06-03 21:34:12,588 INFO PUT http://localhost:9200/_bulk?refresh=false [status:200 duration:0.025s]
2026-06-03 21:34:12,588 INFO Progress: 15900/51354 (64.2/s) — ETA 552s
2026-06-03 21:34:12,590 INFO POST http://localhost:9200/_search/scroll [status:200 duration:0.002s]
2026-06-03 21:34:12,811 INFO HTTP Request: POST https://open.bigmodel.cn/api/paas/v4/embeddings "HTTP/1.1 200 OK"
2026-06-03 21:34:12,892 INFO PUT http://localhost:9200/_bulk?refresh=false [status:200 duration:0.023s]
2026-06-03 21:34:12,892 INFO Progress: 15920/51354 (64.2/s) — ETA 552s
2026-06-03 21:34:12,894 INFO POST http://localhost:9200/_search/scroll [status:200 duration:0.002s]
2026-06-03 21:34:13,094 INFO HTTP Request: POST https://open.bigmodel.cn/api/paas/v4/embeddings "HTTP/1.1 200 OK"
2026-06-03 21:34:13,181 INFO PUT http://localhost:9200/_bulk?refresh=false [status:200 duration:0.024s]
2026-06-03 21:34:13,181 INFO Progress: 15940/51354 (64.2/s) — ETA 552s
2026-06-03 21:34:13,183 INFO POST http://localhost:9200/_search/scroll [status:200 duration:0.002s]
2026-06-03 21:34:13,585 INFO HTTP Request: POST https://open.bigmodel.cn/api/paas/v4/embeddings "HTTP/1.1 200 OK"
2026-06-03 21:34:13,649 INFO PUT http://localhost:9200/_bulk?refresh=false [status:200 duration:0.026s]
2026-06-03 21:34:13,649 INFO Progress: 15960/51354 (64.2/s) — ETA 552s
2026-06-03 21:34:13,651 INFO POST http://localhost:9200/_search/scroll [status:200 duration:0.002s]
2026-06-03 21:34:13,851 INFO HTTP Request: POST https://open.bigmodel.cn/api/paas/v4/embeddings "HTTP/1.1 200 OK"
2026-06-03 21:34:13,919 INFO PUT http://localhost:9200/_bulk?refresh=false [status:200 duration:0.024s]
2026-06-03 21:34:13,919 INFO Progress: 15980/51354 (64.2/s) — ETA 551s
2026-06-03 21:34:13,921 INFO POST http://localhost:9200/_search/scroll [status:200 duration:0.002s]
2026-06-03 21:34:14,113 INFO HTTP Request: POST https://open.bigmodel.cn/api/paas/v4/embeddings "HTTP/1.1 200 OK"
2026-06-03 21:34:14,195 INFO PUT http://localhost:9200/_bulk?refresh=false [status:200 duration:0.025s]
2026-06-03 21:34:14,196 INFO Progress: 16000/51354 (64.2/s) — ETA 551s
2026-06-03 21:34:14,198 INFO POST http://localhost:9200/_search/scroll [status:200 duration:0.002s]
2026-06-03 21:34:14,385 INFO HTTP Request: POST https://open.bigmodel.cn/api/paas/v4/embeddings "HTTP/1.1 200 OK"
2026-06-03 21:34:14,471 INFO PUT http://localhost:9200/_bulk?refresh=false [status:200 duration:0.029s]
2026-06-03 21:34:14,472 INFO Progress: 16020/51354 (64.2/s) — ETA 551s
2026-06-03 21:34:14,474 INFO POST http://localhost:9200/_search/scroll [status:200 duration:0.002s]
2026-06-03 21:34:14,688 INFO HTTP Request: POST https://open.bigmodel.cn/api/paas/v4/embeddings "HTTP/1.1 200 OK"
2026-06-03 21:34:14,771 INFO PUT http://localhost:9200/_bulk?refresh=false [status:200 duration:0.030s]
2026-06-03 21:34:14,771 INFO Progress: 16040/51354 (64.2/s) — ETA 550s
2026-06-03 21:34:14,774 INFO POST http://localhost:9200/_search/scroll [status:200 duration:0.002s]
2026-06-03 21:34:14,988 INFO HTTP Request: POST https://open.bigmodel.cn/api/paas/v4/embeddings "HTTP/1.1 200 OK"
2026-06-03 21:34:15,068 INFO PUT http://localhost:9200/_bulk?refresh=false [status:200 duration:0.025s]
2026-06-03 21:34:15,068 INFO Progress: 16060/51354 (64.2/s) — ETA 550s
2026-06-03 21:34:15,070 INFO POST http://localhost:9200/_search/scroll [status:200 duration:0.002s]
2026-06-03 21:34:15,291 INFO HTTP Request: POST https://open.bigmodel.cn/api/paas/v4/embeddings "HTTP/1.1 200 OK"
2026-06-03 21:34:15,362 INFO PUT http://localhost:9200/_bulk?refresh=false [status:200 duration:0.024s]
2026-06-03 21:34:15,362 INFO Progress: 16080/51354 (64.2/s) — ETA 550s
2026-06-03 21:34:15,364 INFO POST http://localhost:9200/_search/scroll [status:200 duration:0.002s]
2026-06-03 21:34:15,601 INFO HTTP Request: POST https://open.bigmodel.cn/api/paas/v4/embeddings "HTTP/1.1 200 OK"
2026-06-03 21:34:15,683 INFO PUT http://localhost:9200/_bulk?refresh=false [status:200 duration:0.024s]
2026-06-03 21:34:15,683 INFO Progress: 16100/51354 (64.2/s) — ETA 549s
2026-06-03 21:34:15,685 INFO POST http://localhost:9200/_search/scroll [status:200 duration:0.002s]
2026-06-03 21:34:15,886 INFO HTTP Request: POST https://open.bigmodel.cn/api/paas/v4/embeddings "HTTP/1.1 200 OK"
2026-06-03 21:34:15,960 INFO PUT http://localhost:9200/_bulk?refresh=false [status:200 duration:0.024s]
2026-06-03 21:34:15,960 INFO Progress: 16120/51354 (64.2/s) — ETA 549s
2026-06-03 21:34:15,962 INFO POST http://localhost:9200/_search/scroll [status:200 duration:0.002s]
2026-06-03 21:34:16,171 INFO HTTP Request: POST https://open.bigmodel.cn/api/paas/v4/embeddings "HTTP/1.1 200 OK"
2026-06-03 21:34:16,241 INFO PUT http://localhost:9200/_bulk?refresh=false [status:200 duration:0.024s]
2026-06-03 21:34:16,241 INFO Progress: 16140/51354 (64.2/s) — ETA 548s
2026-06-03 21:34:16,243 INFO POST http://localhost:9200/_search/scroll [status:200 duration:0.002s]
2026-06-03 21:34:16,421 INFO HTTP Request: POST https://open.bigmodel.cn/api/paas/v4/embeddings "HTTP/1.1 200 OK"
2026-06-03 21:34:16,501 INFO PUT http://localhost:9200/_bulk?refresh=false [status:200 duration:0.024s]
2026-06-03 21:34:16,501 INFO Progress: 16160/51354 (64.2/s) — ETA 548s
2026-06-03 21:34:16,503 INFO POST http://localhost:9200/_search/scroll [status:200 duration:0.002s]
2026-06-03 21:34:16,687 INFO HTTP Request: POST https://open.bigmodel.cn/api/paas/v4/embeddings "HTTP/1.1 200 OK"
2026-06-03 21:34:16,769 INFO PUT http://localhost:9200/_bulk?refresh=false [status:200 duration:0.024s]
2026-06-03 21:34:16,770 INFO Progress: 16180/51354 (64.2/s) — ETA 548s
2026-06-03 21:34:16,772 INFO POST http://localhost:9200/_search/scroll [status:200 duration:0.002s]
2026-06-03 21:34:16,988 INFO HTTP Request: POST https://open.bigmodel.cn/api/paas/v4/embeddings "HTTP/1.1 200 OK"
2026-06-03 21:34:17,072 INFO PUT http://localhost:9200/_bulk?refresh=false [status:200 duration:0.025s]
2026-06-03 21:34:17,072 INFO Progress: 16200/51354 (64.2/s) — ETA 547s
2026-06-03 21:34:17,074 INFO POST http://localhost:9200/_search/scroll [status:200 duration:0.002s]
2026-06-03 21:34:17,308 INFO HTTP Request: POST https://open.bigmodel.cn/api/paas/v4/embeddings "HTTP/1.1 200 OK"
2026-06-03 21:34:17,369 INFO PUT http://localhost:9200/_bulk?refresh=false [status:200 duration:0.024s]
2026-06-03 21:34:17,369 INFO Progress: 16220/51354 (64.2/s) — ETA 547s
2026-06-03 21:34:17,371 INFO POST http://localhost:9200/_search/scroll [status:200 duration:0.002s]
2026-06-03 21:34:17,576 INFO HTTP Request: POST https://open.bigmodel.cn/api/paas/v4/embeddings "HTTP/1.1 200 OK"
2026-06-03 21:34:17,652 INFO PUT http://localhost:9200/_bulk?refresh=false [status:200 duration:0.024s]
2026-06-03 21:34:17,652 INFO Progress: 16240/51354 (64.2/s) — ETA 547s
2026-06-03 21:34:17,654 INFO POST http://localhost:9200/_search/scroll [status:200 duration:0.002s]
2026-06-03 21:34:17,861 INFO HTTP Request: POST https://open.bigmodel.cn/api/paas/v4/embeddings "HTTP/1.1 200 OK"
2026-06-03 21:34:17,924 INFO PUT http://localhost:9200/_bulk?refresh=false [status:200 duration:0.026s]
2026-06-03 21:34:17,924 INFO Progress: 16260/51354 (64.3/s) — ETA 546s
2026-06-03 21:34:17,926 INFO POST http://localhost:9200/_search/scroll [status:200 duration:0.002s]
2026-06-03 21:34:18,122 INFO HTTP Request: POST https://open.bigmodel.cn/api/paas/v4/embeddings "HTTP/1.1 200 OK"
2026-06-03 21:34:18,199 INFO PUT http://localhost:9200/_bulk?refresh=false [status:200 duration:0.025s]
2026-06-03 21:34:18,199 INFO Progress: 16280/51354 (64.3/s) — ETA 546s
2026-06-03 21:34:18,201 INFO POST http://localhost:9200/_search/scroll [status:200 duration:0.002s]
2026-06-03 21:34:18,410 INFO HTTP Request: POST https://open.bigmodel.cn/api/paas/v4/embeddings "HTTP/1.1 200 OK"
2026-06-03 21:34:18,494 INFO PUT http://localhost:9200/_bulk?refresh=false [status:200 duration:0.025s]
2026-06-03 21:34:18,494 INFO Progress: 16300/51354 (64.3/s) — ETA 545s
2026-06-03 21:34:18,496 INFO POST http://localhost:9200/_search/scroll [status:200 duration:0.002s]
2026-06-03 21:34:18,676 INFO HTTP Request: POST https://open.bigmodel.cn/api/paas/v4/embeddings "HTTP/1.1 200 OK"
2026-06-03 21:34:18,744 INFO PUT http://localhost:9200/_bulk?refresh=false [status:200 duration:0.027s]
2026-06-03 21:34:18,744 INFO Progress: 16320/51354 (64.3/s) — ETA 545s
2026-06-03 21:34:18,747 INFO POST http://localhost:9200/_search/scroll [status:200 duration:0.002s]
2026-06-03 21:34:18,997 INFO HTTP Request: POST https://open.bigmodel.cn/api/paas/v4/embeddings "HTTP/1.1 200 OK"
2026-06-03 21:34:19,078 INFO PUT http://localhost:9200/_bulk?refresh=false [status:200 duration:0.024s]
2026-06-03 21:34:19,079 INFO Progress: 16340/51354 (64.3/s) — ETA 545s
2026-06-03 21:34:19,087 INFO POST http://localhost:9200/_search/scroll [status:200 duration:0.008s]
2026-06-03 21:34:19,305 INFO HTTP Request: POST https://open.bigmodel.cn/api/paas/v4/embeddings "HTTP/1.1 200 OK"
2026-06-03 21:34:19,390 INFO PUT http://localhost:9200/_bulk?refresh=false [status:200 duration:0.028s]
2026-06-03 21:34:19,390 INFO Progress: 16360/51354 (64.3/s) — ETA 544s
2026-06-03 21:34:19,394 INFO POST http://localhost:9200/_search/scroll [status:200 duration:0.004s]
2026-06-03 21:34:19,573 INFO HTTP Request: POST https://open.bigmodel.cn/api/paas/v4/embeddings "HTTP/1.1 200 OK"
2026-06-03 21:34:19,645 INFO PUT http://localhost:9200/_bulk?refresh=false [status:200 duration:0.025s]
2026-06-03 21:34:19,645 INFO Progress: 16380/51354 (64.3/s) — ETA 544s
2026-06-03 21:34:19,647 INFO POST http://localhost:9200/_search/scroll [status:200 duration:0.002s]
2026-06-03 21:34:19,873 INFO HTTP Request: POST https://open.bigmodel.cn/api/paas/v4/embeddings "HTTP/1.1 200 OK"
2026-06-03 21:34:19,946 INFO PUT http://localhost:9200/_bulk?refresh=false [status:200 duration:0.026s]
2026-06-03 21:34:19,946 INFO Progress: 16400/51354 (64.3/s) — ETA 544s
2026-06-03 21:34:19,948 INFO POST http://localhost:9200/_search/scroll [status:200 duration:0.002s]
2026-06-03 21:34:20,148 INFO HTTP Request: POST https://open.bigmodel.cn/api/paas/v4/embeddings "HTTP/1.1 200 OK"
2026-06-03 21:34:20,234 INFO PUT http://localhost:9200/_bulk?refresh=false [status:200 duration:0.025s]
2026-06-03 21:34:20,234 INFO Progress: 16420/51354 (64.3/s) — ETA 543s
2026-06-03 21:34:20,236 INFO POST http://localhost:9200/_search/scroll [status:200 duration:0.002s]
2026-06-03 21:34:20,456 INFO HTTP Request: POST https://open.bigmodel.cn/api/paas/v4/embeddings "HTTP/1.1 200 OK"
2026-06-03 21:34:20,541 INFO PUT http://localhost:9200/_bulk?refresh=false [status:200 duration:0.025s]
2026-06-03 21:34:20,541 INFO Progress: 16440/51354 (64.3/s) — ETA 543s
2026-06-03 21:34:20,543 INFO POST http://localhost:9200/_search/scroll [status:200 duration:0.002s]
2026-06-03 21:34:20,742 INFO HTTP Request: POST https://open.bigmodel.cn/api/paas/v4/embeddings "HTTP/1.1 200 OK"
2026-06-03 21:34:20,828 INFO PUT http://localhost:9200/_bulk?refresh=false [status:200 duration:0.025s]
2026-06-03 21:34:20,828 INFO Progress: 16460/51354 (64.3/s) — ETA 543s
2026-06-03 21:34:20,830 INFO POST http://localhost:9200/_search/scroll [status:200 duration:0.002s]
2026-06-03 21:34:21,023 INFO HTTP Request: POST https://open.bigmodel.cn/api/paas/v4/embeddings "HTTP/1.1 200 OK"
2026-06-03 21:34:21,102 INFO PUT http://localhost:9200/_bulk?refresh=false [status:200 duration:0.025s]
2026-06-03 21:34:21,102 INFO Progress: 16480/51354 (64.3/s) — ETA 542s
2026-06-03 21:34:21,104 INFO POST http://localhost:9200/_search/scroll [status:200 duration:0.002s]
2026-06-03 21:34:21,384 INFO HTTP Request: POST https://open.bigmodel.cn/api/paas/v4/embeddings "HTTP/1.1 200 OK"
2026-06-03 21:34:21,468 INFO PUT http://localhost:9200/_bulk?refresh=false [status:200 duration:0.024s]
2026-06-03 21:34:21,469 INFO Progress: 16500/51354 (64.3/s) — ETA 542s
2026-06-03 21:34:21,471 INFO POST http://localhost:9200/_search/scroll [status:200 duration:0.002s]
2026-06-03 21:34:21,678 INFO HTTP Request: POST https://open.bigmodel.cn/api/paas/v4/embeddings "HTTP/1.1 200 OK"
2026-06-03 21:34:21,763 INFO PUT http://localhost:9200/_bulk?refresh=false [status:200 duration:0.026s]
2026-06-03 21:34:21,764 INFO Progress: 16520/51354 (64.3/s) — ETA 542s
2026-06-03 21:34:21,766 INFO POST http://localhost:9200/_search/scroll [status:200 duration:0.002s]
2026-06-03 21:34:21,941 INFO HTTP Request: POST https://open.bigmodel.cn/api/paas/v4/embeddings "HTTP/1.1 200 OK"
2026-06-03 21:34:22,028 INFO PUT http://localhost:9200/_bulk?refresh=false [status:200 duration:0.025s]
2026-06-03 21:34:22,029 INFO Progress: 16540/51354 (64.3/s) — ETA 541s
2026-06-03 21:34:22,031 INFO POST http://localhost:9200/_search/scroll [status:200 duration:0.002s]
2026-06-03 21:34:22,241 INFO HTTP Request: POST https://open.bigmodel.cn/api/paas/v4/embeddings "HTTP/1.1 200 OK"
2026-06-03 21:34:22,319 INFO PUT http://localhost:9200/_bulk?refresh=false [status:200 duration:0.028s]
2026-06-03 21:34:22,319 INFO Progress: 16560/51354 (64.3/s) — ETA 541s
2026-06-03 21:34:22,321 INFO POST http://localhost:9200/_search/scroll [status:200 duration:0.002s]
2026-06-03 21:34:22,520 INFO HTTP Request: POST https://open.bigmodel.cn/api/paas/v4/embeddings "HTTP/1.1 200 OK"
2026-06-03 21:34:22,595 INFO PUT http://localhost:9200/_bulk?refresh=false [status:200 duration:0.025s]
2026-06-03 21:34:22,596 INFO Progress: 16580/51354 (64.3/s) — ETA 541s
2026-06-03 21:34:22,598 INFO POST http://localhost:9200/_search/scroll [status:200 duration:0.002s]
2026-06-03 21:34:22,860 INFO HTTP Request: POST https://open.bigmodel.cn/api/paas/v4/embeddings "HTTP/1.1 200 OK"
2026-06-03 21:34:22,941 INFO PUT http://localhost:9200/_bulk?refresh=false [status:200 duration:0.025s]
2026-06-03 21:34:22,941 INFO Progress: 16600/51354 (64.3/s) — ETA 540s
2026-06-03 21:34:22,944 INFO POST http://localhost:9200/_search/scroll [status:200 duration:0.002s]
2026-06-03 21:34:23,155 INFO HTTP Request: POST https://open.bigmodel.cn/api/paas/v4/embeddings "HTTP/1.1 200 OK"
2026-06-03 21:34:23,209 INFO PUT http://localhost:9200/_bulk?refresh=false [status:200 duration:0.026s]
2026-06-03 21:34:23,209 INFO Progress: 16620/51354 (64.3/s) — ETA 540s
2026-06-03 21:34:23,211 INFO POST http://localhost:9200/_search/scroll [status:200 duration:0.002s]
2026-06-03 21:34:23,400 INFO HTTP Request: POST https://open.bigmodel.cn/api/paas/v4/embeddings "HTTP/1.1 200 OK"
2026-06-03 21:34:23,487 INFO PUT http://localhost:9200/_bulk?refresh=false [status:200 duration:0.027s]
2026-06-03 21:34:23,487 INFO Progress: 16640/51354 (64.3/s) — ETA 540s
2026-06-03 21:34:23,490 INFO POST http://localhost:9200/_search/scroll [status:200 duration:0.002s]
2026-06-03 21:34:23,679 INFO HTTP Request: POST https://open.bigmodel.cn/api/paas/v4/embeddings "HTTP/1.1 200 OK"
2026-06-03 21:34:23,737 INFO PUT http://localhost:9200/_bulk?refresh=false [status:200 duration:0.024s]
2026-06-03 21:34:23,737 INFO Progress: 16660/51354 (64.4/s) — ETA 539s
2026-06-03 21:34:23,739 INFO POST http://localhost:9200/_search/scroll [status:200 duration:0.002s]
2026-06-03 21:34:23,944 INFO HTTP Request: POST https://open.bigmodel.cn/api/paas/v4/embeddings "HTTP/1.1 200 OK"
2026-06-03 21:34:24,016 INFO PUT http://localhost:9200/_bulk?refresh=false [status:200 duration:0.029s]
2026-06-03 21:34:24,016 INFO Progress: 16680/51354 (64.4/s) — ETA 539s
2026-06-03 21:34:24,018 INFO POST http://localhost:9200/_search/scroll [status:200 duration:0.002s]
2026-06-03 21:34:24,206 INFO HTTP Request: POST https://open.bigmodel.cn/api/paas/v4/embeddings "HTTP/1.1 200 OK"
2026-06-03 21:34:24,287 INFO PUT http://localhost:9200/_bulk?refresh=false [status:200 duration:0.025s]
2026-06-03 21:34:24,288 INFO Progress: 16700/51354 (64.4/s) — ETA 538s
2026-06-03 21:34:24,290 INFO POST http://localhost:9200/_search/scroll [status:200 duration:0.002s]
2026-06-03 21:34:24,493 INFO HTTP Request: POST https://open.bigmodel.cn/api/paas/v4/embeddings "HTTP/1.1 200 OK"
2026-06-03 21:34:24,571 INFO PUT http://localhost:9200/_bulk?refresh=false [status:200 duration:0.028s]
2026-06-03 21:34:24,571 INFO Progress: 16720/51354 (64.4/s) — ETA 538s
2026-06-03 21:34:24,573 INFO POST http://localhost:9200/_search/scroll [status:200 duration:0.002s]
2026-06-03 21:34:24,753 INFO HTTP Request: POST https://open.bigmodel.cn/api/paas/v4/embeddings "HTTP/1.1 200 OK"
2026-06-03 21:34:24,835 INFO PUT http://localhost:9200/_bulk?refresh=false [status:200 duration:0.025s]
2026-06-03 21:34:24,836 INFO Progress: 16740/51354 (64.4/s) — ETA 538s
2026-06-03 21:34:24,838 INFO POST http://localhost:9200/_search/scroll [status:200 duration:0.002s]
2026-06-03 21:34:25,025 INFO HTTP Request: POST https://open.bigmodel.cn/api/paas/v4/embeddings "HTTP/1.1 200 OK"
2026-06-03 21:34:25,105 INFO PUT http://localhost:9200/_bulk?refresh=false [status:200 duration:0.025s]
2026-06-03 21:34:25,105 INFO Progress: 16760/51354 (64.4/s) — ETA 537s
2026-06-03 21:34:25,107 INFO POST http://localhost:9200/_search/scroll [status:200 duration:0.002s]
2026-06-03 21:34:25,309 INFO HTTP Request: POST https://open.bigmodel.cn/api/paas/v4/embeddings "HTTP/1.1 200 OK"
2026-06-03 21:34:25,394 INFO PUT http://localhost:9200/_bulk?refresh=false [status:200 duration:0.027s]
2026-06-03 21:34:25,394 INFO Progress: 16780/51354 (64.4/s) — ETA 537s
2026-06-03 21:34:25,397 INFO POST http://localhost:9200/_search/scroll [status:200 duration:0.003s]
2026-06-03 21:34:25,649 INFO HTTP Request: POST https://open.bigmodel.cn/api/paas/v4/embeddings "HTTP/1.1 200 OK"
2026-06-03 21:34:25,737 INFO PUT http://localhost:9200/_bulk?refresh=false [status:200 duration:0.026s]
2026-06-03 21:34:25,737 INFO Progress: 16800/51354 (64.4/s) — ETA 537s
2026-06-03 21:34:25,739 INFO POST http://localhost:9200/_search/scroll [status:200 duration:0.002s]
2026-06-03 21:34:25,899 INFO HTTP Request: POST https://open.bigmodel.cn/api/paas/v4/embeddings "HTTP/1.1 200 OK"
2026-06-03 21:34:25,982 INFO PUT http://localhost:9200/_bulk?refresh=false [status:200 duration:0.025s]
2026-06-03 21:34:25,982 INFO Progress: 16820/51354 (64.4/s) — ETA 536s
2026-06-03 21:34:25,984 INFO POST http://localhost:9200/_search/scroll [status:200 duration:0.002s]
2026-06-03 21:34:26,179 INFO HTTP Request: POST https://open.bigmodel.cn/api/paas/v4/embeddings "HTTP/1.1 200 OK"
2026-06-03 21:34:26,265 INFO PUT http://localhost:9200/_bulk?refresh=false [status:200 duration:0.026s]
2026-06-03 21:34:26,265 INFO Progress: 16840/51354 (64.4/s) — ETA 536s
2026-06-03 21:34:26,267 INFO POST http://localhost:9200/_search/scroll [status:200 duration:0.002s]
2026-06-03 21:34:26,472 INFO HTTP Request: POST https://open.bigmodel.cn/api/paas/v4/embeddings "HTTP/1.1 200 OK"
2026-06-03 21:34:26,557 INFO PUT http://localhost:9200/_bulk?refresh=false [status:200 duration:0.024s]
2026-06-03 21:34:26,557 INFO Progress: 16860/51354 (64.4/s) — ETA 535s
2026-06-03 21:34:26,559 INFO POST http://localhost:9200/_search/scroll [status:200 duration:0.002s]
2026-06-03 21:34:26,764 INFO HTTP Request: POST https://open.bigmodel.cn/api/paas/v4/embeddings "HTTP/1.1 200 OK"
2026-06-03 21:34:26,841 INFO PUT http://localhost:9200/_bulk?refresh=false [status:200 duration:0.026s]
2026-06-03 21:34:26,841 INFO Progress: 16880/51354 (64.4/s) — ETA 535s
2026-06-03 21:34:26,843 INFO POST http://localhost:9200/_search/scroll [status:200 duration:0.002s]
2026-06-03 21:34:28,057 INFO HTTP Request: POST https://open.bigmodel.cn/api/paas/v4/embeddings "HTTP/1.1 200 OK"
2026-06-03 21:34:28,138 INFO PUT http://localhost:9200/_bulk?refresh=false [status:200 duration:0.026s]
2026-06-03 21:34:28,138 INFO Progress: 16900/51354 (64.2/s) — ETA 537s
2026-06-03 21:34:28,140 INFO POST http://localhost:9200/_search/scroll [status:200 duration:0.002s]
2026-06-03 21:34:28,402 INFO HTTP Request: POST https://open.bigmodel.cn/api/paas/v4/embeddings "HTTP/1.1 200 OK"
2026-06-03 21:34:28,488 INFO PUT http://localhost:9200/_bulk?refresh=false [status:200 duration:0.029s]
2026-06-03 21:34:28,488 INFO Progress: 16920/51354 (64.2/s) — ETA 537s
2026-06-03 21:34:28,490 INFO POST http://localhost:9200/_search/scroll [status:200 duration:0.002s]
2026-06-03 21:34:28,651 INFO HTTP Request: POST https://open.bigmodel.cn/api/paas/v4/embeddings "HTTP/1.1 200 OK"
2026-06-03 21:34:28,732 INFO PUT http://localhost:9200/_bulk?refresh=false [status:200 duration:0.025s]
2026-06-03 21:34:28,733 INFO Progress: 16940/51354 (64.2/s) — ETA 536s
2026-06-03 21:34:28,735 INFO POST http://localhost:9200/_search/scroll [status:200 duration:0.002s]
2026-06-03 21:34:28,934 INFO HTTP Request: POST https://open.bigmodel.cn/api/paas/v4/embeddings "HTTP/1.1 200 OK"
2026-06-03 21:34:29,022 INFO PUT http://localhost:9200/_bulk?refresh=false [status:200 duration:0.028s]
2026-06-03 21:34:29,022 INFO Progress: 16960/51354 (64.2/s) — ETA 536s
2026-06-03 21:34:29,024 INFO POST http://localhost:9200/_search/scroll [status:200 duration:0.002s]
2026-06-03 21:34:29,224 INFO HTTP Request: POST https://open.bigmodel.cn/api/paas/v4/embeddings "HTTP/1.1 200 OK"
2026-06-03 21:34:29,307 INFO PUT http://localhost:9200/_bulk?refresh=false [status:200 duration:0.026s]
2026-06-03 21:34:29,308 INFO Progress: 16980/51354 (64.2/s) — ETA 535s
2026-06-03 21:34:29,310 INFO POST http://localhost:9200/_search/scroll [status:200 duration:0.002s]
2026-06-03 21:34:29,544 INFO HTTP Request: POST https://open.bigmodel.cn/api/paas/v4/embeddings "HTTP/1.1 200 OK"
2026-06-03 21:34:29,625 INFO PUT http://localhost:9200/_bulk?refresh=false [status:200 duration:0.025s]
2026-06-03 21:34:29,625 INFO Progress: 17000/51354 (64.2/s) — ETA 535s
2026-06-03 21:34:29,628 INFO POST http://localhost:9200/_search/scroll [status:200 duration:0.002s]
2026-06-03 21:34:29,833 INFO HTTP Request: POST https://open.bigmodel.cn/api/paas/v4/embeddings "HTTP/1.1 200 OK"
2026-06-03 21:34:29,900 INFO PUT http://localhost:9200/_bulk?refresh=false [status:200 duration:0.032s]
2026-06-03 21:34:29,901 INFO Progress: 17020/51354 (64.2/s) — ETA 535s
2026-06-03 21:34:29,905 INFO POST http://localhost:9200/_search/scroll [status:200 duration:0.004s]
2026-06-03 21:34:30,077 INFO HTTP Request: POST https://open.bigmodel.cn/api/paas/v4/embeddings "HTTP/1.1 200 OK"
2026-06-03 21:34:30,163 INFO PUT http://localhost:9200/_bulk?refresh=false [status:200 duration:0.029s]
2026-06-03 21:34:30,163 INFO Progress: 17040/51354 (64.2/s) — ETA 534s
2026-06-03 21:34:30,167 INFO POST http://localhost:9200/_search/scroll [status:200 duration:0.004s]
2026-06-03 21:34:30,330 INFO HTTP Request: POST https://open.bigmodel.cn/api/paas/v4/embeddings "HTTP/1.1 200 OK"
2026-06-03 21:34:30,391 INFO PUT http://localhost:9200/_bulk?refresh=false [status:200 duration:0.026s]
2026-06-03 21:34:30,392 INFO Progress: 17060/51354 (64.2/s) — ETA 534s
2026-06-03 21:34:30,394 INFO POST http://localhost:9200/_search/scroll [status:200 duration:0.002s]
2026-06-03 21:34:30,693 INFO HTTP Request: POST https://open.bigmodel.cn/api/paas/v4/embeddings "HTTP/1.1 200 OK"
2026-06-03 21:34:30,756 INFO PUT http://localhost:9200/_bulk?refresh=false [status:200 duration:0.027s]
2026-06-03 21:34:30,756 INFO Progress: 17080/51354 (64.2/s) — ETA 534s
2026-06-03 21:34:30,758 INFO POST http://localhost:9200/_search/scroll [status:200 duration:0.002s]
2026-06-03 21:34:31,005 INFO HTTP Request: POST https://open.bigmodel.cn/api/paas/v4/embeddings "HTTP/1.1 200 OK"
2026-06-03 21:34:31,088 INFO PUT http://localhost:9200/_bulk?refresh=false [status:200 duration:0.026s]
2026-06-03 21:34:31,089 INFO Progress: 17100/51354 (64.2/s) — ETA 533s
2026-06-03 21:34:31,091 INFO POST http://localhost:9200/_search/scroll [status:200 duration:0.002s]
2026-06-03 21:34:31,293 INFO HTTP Request: POST https://open.bigmodel.cn/api/paas/v4/embeddings "HTTP/1.1 200 OK"
2026-06-03 21:34:31,357 INFO PUT http://localhost:9200/_bulk?refresh=false [status:200 duration:0.026s]
2026-06-03 21:34:31,358 INFO Progress: 17120/51354 (64.2/s) — ETA 533s
2026-06-03 21:34:31,360 INFO POST http://localhost:9200/_search/scroll [status:200 duration:0.002s]
2026-06-03 21:34:31,572 INFO HTTP Request: POST https://open.bigmodel.cn/api/paas/v4/embeddings "HTTP/1.1 200 OK"
2026-06-03 21:34:31,657 INFO PUT http://localhost:9200/_bulk?refresh=false [status:200 duration:0.028s]
2026-06-03 21:34:31,658 INFO Progress: 17140/51354 (64.2/s) — ETA 533s
2026-06-03 21:34:31,660 INFO POST http://localhost:9200/_search/scroll [status:200 duration:0.002s]
2026-06-03 21:34:31,899 INFO HTTP Request: POST https://open.bigmodel.cn/api/paas/v4/embeddings "HTTP/1.1 200 OK"
2026-06-03 21:34:31,981 INFO PUT http://localhost:9200/_bulk?refresh=false [status:200 duration:0.026s]
2026-06-03 21:34:31,982 INFO Progress: 17160/51354 (64.2/s) — ETA 532s
2026-06-03 21:34:31,984 INFO POST http://localhost:9200/_search/scroll [status:200 duration:0.002s]
2026-06-03 21:34:32,168 INFO HTTP Request: POST https://open.bigmodel.cn/api/paas/v4/embeddings "HTTP/1.1 200 OK"
2026-06-03 21:34:32,240 INFO PUT http://localhost:9200/_bulk?refresh=false [status:200 duration:0.026s]
2026-06-03 21:34:32,240 INFO Progress: 17180/51354 (64.3/s) — ETA 532s
2026-06-03 21:34:32,242 INFO POST http://localhost:9200/_search/scroll [status:200 duration:0.002s]
2026-06-03 21:34:32,421 INFO HTTP Request: POST https://open.bigmodel.cn/api/paas/v4/embeddings "HTTP/1.1 200 OK"
2026-06-03 21:34:32,500 INFO PUT http://localhost:9200/_bulk?refresh=false [status:200 duration:0.026s]
2026-06-03 21:34:32,501 INFO Progress: 17200/51354 (64.3/s) — ETA 531s
2026-06-03 21:34:32,503 INFO POST http://localhost:9200/_search/scroll [status:200 duration:0.002s]
2026-06-03 21:34:32,712 INFO HTTP Request: POST https://open.bigmodel.cn/api/paas/v4/embeddings "HTTP/1.1 200 OK"
2026-06-03 21:34:32,792 INFO PUT http://localhost:9200/_bulk?refresh=false [status:200 duration:0.025s]
2026-06-03 21:34:32,792 INFO Progress: 17220/51354 (64.3/s) — ETA 531s
2026-06-03 21:34:32,795 INFO POST http://localhost:9200/_search/scroll [status:200 duration:0.002s]
2026-06-03 21:34:32,992 INFO HTTP Request: POST https://open.bigmodel.cn/api/paas/v4/embeddings "HTTP/1.1 200 OK"
2026-06-03 21:34:33,081 INFO PUT http://localhost:9200/_bulk?refresh=false [status:200 duration:0.028s]
2026-06-03 21:34:33,081 INFO Progress: 17240/51354 (64.3/s) — ETA 531s
2026-06-03 21:34:33,083 INFO POST http://localhost:9200/_search/scroll [status:200 duration:0.002s]
2026-06-03 21:34:33,291 INFO HTTP Request: POST https://open.bigmodel.cn/api/paas/v4/embeddings "HTTP/1.1 200 OK"
2026-06-03 21:34:33,377 INFO PUT http://localhost:9200/_bulk?refresh=false [status:200 duration:0.026s]
2026-06-03 21:34:33,377 INFO Progress: 17260/51354 (64.3/s) — ETA 530s
2026-06-03 21:34:33,379 INFO POST http://localhost:9200/_search/scroll [status:200 duration:0.002s]
2026-06-03 21:34:33,543 INFO HTTP Request: POST https://open.bigmodel.cn/api/paas/v4/embeddings "HTTP/1.1 200 OK"
2026-06-03 21:34:33,600 INFO PUT http://localhost:9200/_bulk?refresh=false [status:200 duration:0.028s]
2026-06-03 21:34:33,601 INFO Progress: 17280/51354 (64.3/s) — ETA 530s
2026-06-03 21:34:33,603 INFO POST http://localhost:9200/_search/scroll [status:200 duration:0.002s]
2026-06-03 21:34:33,778 INFO HTTP Request: POST https://open.bigmodel.cn/api/paas/v4/embeddings "HTTP/1.1 200 OK"
2026-06-03 21:34:33,866 INFO PUT http://localhost:9200/_bulk?refresh=false [status:200 duration:0.027s]
2026-06-03 21:34:33,866 INFO Progress: 17300/51354 (64.3/s) — ETA 530s
2026-06-03 21:34:33,868 INFO POST http://localhost:9200/_search/scroll [status:200 duration:0.002s]
2026-06-03 21:34:34,044 INFO HTTP Request: POST https://open.bigmodel.cn/api/paas/v4/embeddings "HTTP/1.1 200 OK"
2026-06-03 21:34:34,131 INFO PUT http://localhost:9200/_bulk?refresh=false [status:200 duration:0.025s]
2026-06-03 21:34:34,131 INFO Progress: 17320/51354 (64.3/s) — ETA 529s
2026-06-03 21:34:34,133 INFO POST http://localhost:9200/_search/scroll [status:200 duration:0.002s]
2026-06-03 21:34:34,355 INFO HTTP Request: POST https://open.bigmodel.cn/api/paas/v4/embeddings "HTTP/1.1 200 OK"
2026-06-03 21:34:34,439 INFO PUT http://localhost:9200/_bulk?refresh=false [status:200 duration:0.030s]
2026-06-03 21:34:34,439 INFO Progress: 17340/51354 (64.3/s) — ETA 529s
2026-06-03 21:34:34,441 INFO POST http://localhost:9200/_search/scroll [status:200 duration:0.002s]
2026-06-03 21:34:34,654 INFO HTTP Request: POST https://open.bigmodel.cn/api/paas/v4/embeddings "HTTP/1.1 200 OK"
2026-06-03 21:34:34,736 INFO PUT http://localhost:9200/_bulk?refresh=false [status:200 duration:0.025s]
2026-06-03 21:34:34,736 INFO Progress: 17360/51354 (64.3/s) — ETA 528s
2026-06-03 21:34:34,738 INFO POST http://localhost:9200/_search/scroll [status:200 duration:0.002s]
2026-06-03 21:34:34,902 INFO HTTP Request: POST https://open.bigmodel.cn/api/paas/v4/embeddings "HTTP/1.1 200 OK"
2026-06-03 21:34:34,980 INFO PUT http://localhost:9200/_bulk?refresh=false [status:200 duration:0.025s]
2026-06-03 21:34:34,980 INFO Progress: 17380/51354 (64.3/s) — ETA 528s
2026-06-03 21:34:34,982 INFO POST http://localhost:9200/_search/scroll [status:200 duration:0.002s]
2026-06-03 21:34:35,202 INFO HTTP Request: POST https://open.bigmodel.cn/api/paas/v4/embeddings "HTTP/1.1 200 OK"
2026-06-03 21:34:35,274 INFO PUT http://localhost:9200/_bulk?refresh=false [status:200 duration:0.026s]
2026-06-03 21:34:35,274 INFO Progress: 17400/51354 (64.3/s) — ETA 528s
2026-06-03 21:34:35,276 INFO POST http://localhost:9200/_search/scroll [status:200 duration:0.002s]
2026-06-03 21:34:35,435 INFO HTTP Request: POST https://open.bigmodel.cn/api/paas/v4/embeddings "HTTP/1.1 200 OK"
2026-06-03 21:34:35,510 INFO PUT http://localhost:9200/_bulk?refresh=false [status:200 duration:0.028s]
2026-06-03 21:34:35,510 INFO Progress: 17420/51354 (64.4/s) — ETA 527s
2026-06-03 21:34:35,513 INFO POST http://localhost:9200/_search/scroll [status:200 duration:0.002s]
2026-06-03 21:34:35,732 INFO HTTP Request: POST https://open.bigmodel.cn/api/paas/v4/embeddings "HTTP/1.1 200 OK"
2026-06-03 21:34:35,819 INFO PUT http://localhost:9200/_bulk?refresh=false [status:200 duration:0.029s]
2026-06-03 21:34:35,819 INFO Progress: 17440/51354 (64.4/s) — ETA 527s
2026-06-03 21:34:35,821 INFO POST http://localhost:9200/_search/scroll [status:200 duration:0.002s]
2026-06-03 21:34:36,018 INFO HTTP Request: POST https://open.bigmodel.cn/api/paas/v4/embeddings "HTTP/1.1 200 OK"
2026-06-03 21:34:36,081 INFO PUT http://localhost:9200/_bulk?refresh=false [status:200 duration:0.026s]
2026-06-03 21:34:36,082 INFO Progress: 17460/51354 (64.4/s) — ETA 526s
2026-06-03 21:34:36,084 INFO POST http://localhost:9200/_search/scroll [status:200 duration:0.002s]
2026-06-03 21:34:36,248 INFO HTTP Request: POST https://open.bigmodel.cn/api/paas/v4/embeddings "HTTP/1.1 200 OK"
2026-06-03 21:34:36,327 INFO PUT http://localhost:9200/_bulk?refresh=false [status:200 duration:0.026s]
2026-06-03 21:34:36,327 INFO Progress: 17480/51354 (64.4/s) — ETA 526s
2026-06-03 21:34:36,329 INFO POST http://localhost:9200/_search/scroll [status:200 duration:0.002s]
2026-06-03 21:34:36,590 INFO HTTP Request: POST https://open.bigmodel.cn/api/paas/v4/embeddings "HTTP/1.1 200 OK"
2026-06-03 21:34:36,675 INFO PUT http://localhost:9200/_bulk?refresh=false [status:200 duration:0.026s]
2026-06-03 21:34:36,675 INFO Progress: 17500/51354 (64.4/s) — ETA 526s
2026-06-03 21:34:36,678 INFO POST http://localhost:9200/_search/scroll [status:200 duration:0.002s]
2026-06-03 21:34:36,849 INFO HTTP Request: POST https://open.bigmodel.cn/api/paas/v4/embeddings "HTTP/1.1 200 OK"
2026-06-03 21:34:36,921 INFO PUT http://localhost:9200/_bulk?refresh=false [status:200 duration:0.026s]
2026-06-03 21:34:36,921 INFO Progress: 17520/51354 (64.4/s) — ETA 525s
2026-06-03 21:34:36,923 INFO POST http://localhost:9200/_search/scroll [status:200 duration:0.002s]
2026-06-03 21:34:37,146 INFO HTTP Request: POST https://open.bigmodel.cn/api/paas/v4/embeddings "HTTP/1.1 200 OK"
2026-06-03 21:34:37,230 INFO PUT http://localhost:9200/_bulk?refresh=false [status:200 duration:0.025s]
2026-06-03 21:34:37,230 INFO Progress: 17540/51354 (64.4/s) — ETA 525s
2026-06-03 21:34:37,233 INFO POST http://localhost:9200/_search/scroll [status:200 duration:0.002s]
2026-06-03 21:34:37,452 INFO HTTP Request: POST https://open.bigmodel.cn/api/paas/v4/embeddings "HTTP/1.1 200 OK"
2026-06-03 21:34:37,538 INFO PUT http://localhost:9200/_bulk?refresh=false [status:200 duration:0.026s]
2026-06-03 21:34:37,538 INFO Progress: 17560/51354 (64.4/s) — ETA 525s
2026-06-03 21:34:37,541 INFO POST http://localhost:9200/_search/scroll [status:200 duration:0.002s]
2026-06-03 21:34:37,725 INFO HTTP Request: POST https://open.bigmodel.cn/api/paas/v4/embeddings "HTTP/1.1 200 OK"
2026-06-03 21:34:37,800 INFO PUT http://localhost:9200/_bulk?refresh=false [status:200 duration:0.027s]
2026-06-03 21:34:37,800 INFO Progress: 17580/51354 (64.4/s) — ETA 524s
2026-06-03 21:34:37,802 INFO POST http://localhost:9200/_search/scroll [status:200 duration:0.002s]
2026-06-03 21:34:38,008 INFO HTTP Request: POST https://open.bigmodel.cn/api/paas/v4/embeddings "HTTP/1.1 200 OK"
2026-06-03 21:34:38,096 INFO PUT http://localhost:9200/_bulk?refresh=false [status:200 duration:0.030s]
2026-06-03 21:34:38,096 INFO Progress: 17600/51354 (64.4/s) — ETA 524s
2026-06-03 21:34:38,098 INFO POST http://localhost:9200/_search/scroll [status:200 duration:0.002s]
2026-06-03 21:34:38,279 INFO HTTP Request: POST https://open.bigmodel.cn/api/paas/v4/embeddings "HTTP/1.1 200 OK"
2026-06-03 21:34:38,366 INFO PUT http://localhost:9200/_bulk?refresh=false [status:200 duration:0.031s]
2026-06-03 21:34:38,367 INFO Progress: 17620/51354 (64.4/s) — ETA 524s
2026-06-03 21:34:38,369 INFO POST http://localhost:9200/_search/scroll [status:200 duration:0.002s]
2026-06-03 21:34:38,557 INFO HTTP Request: POST https://open.bigmodel.cn/api/paas/v4/embeddings "HTTP/1.1 200 OK"
2026-06-03 21:34:38,641 INFO PUT http://localhost:9200/_bulk?refresh=false [status:200 duration:0.026s]
2026-06-03 21:34:38,641 INFO Progress: 17640/51354 (64.4/s) — ETA 523s
2026-06-03 21:34:38,643 INFO POST http://localhost:9200/_search/scroll [status:200 duration:0.002s]
2026-06-03 21:34:38,827 INFO HTTP Request: POST https://open.bigmodel.cn/api/paas/v4/embeddings "HTTP/1.1 200 OK"
2026-06-03 21:34:38,913 INFO PUT http://localhost:9200/_bulk?refresh=false [status:200 duration:0.028s]
2026-06-03 21:34:38,913 INFO Progress: 17660/51354 (64.4/s) — ETA 523s
2026-06-03 21:34:38,915 INFO POST http://localhost:9200/_search/scroll [status:200 duration:0.002s]
2026-06-03 21:34:39,132 INFO HTTP Request: POST https://open.bigmodel.cn/api/paas/v4/embeddings "HTTP/1.1 200 OK"
2026-06-03 21:34:39,214 INFO PUT http://localhost:9200/_bulk?refresh=false [status:200 duration:0.029s]
2026-06-03 21:34:39,215 INFO Progress: 17680/51354 (64.4/s) — ETA 523s
2026-06-03 21:34:39,217 INFO POST http://localhost:9200/_search/scroll [status:200 duration:0.002s]
2026-06-03 21:34:39,416 INFO HTTP Request: POST https://open.bigmodel.cn/api/paas/v4/embeddings "HTTP/1.1 200 OK"
2026-06-03 21:34:39,499 INFO PUT http://localhost:9200/_bulk?refresh=false [status:200 duration:0.026s]
2026-06-03 21:34:39,500 INFO Progress: 17700/51354 (64.4/s) — ETA 522s
2026-06-03 21:34:39,502 INFO POST http://localhost:9200/_search/scroll [status:200 duration:0.002s]
2026-06-03 21:34:39,695 INFO HTTP Request: POST https://open.bigmodel.cn/api/paas/v4/embeddings "HTTP/1.1 200 OK"
2026-06-03 21:34:39,780 INFO PUT http://localhost:9200/_bulk?refresh=false [status:200 duration:0.027s]
2026-06-03 21:34:39,781 INFO Progress: 17720/51354 (64.5/s) — ETA 522s
2026-06-03 21:34:39,783 INFO POST http://localhost:9200/_search/scroll [status:200 duration:0.002s]
2026-06-03 21:34:39,951 INFO HTTP Request: POST https://open.bigmodel.cn/api/paas/v4/embeddings "HTTP/1.1 200 OK"
2026-06-03 21:34:40,036 INFO PUT http://localhost:9200/_bulk?refresh=false [status:200 duration:0.026s]
2026-06-03 21:34:40,036 INFO Progress: 17740/51354 (64.5/s) — ETA 521s
2026-06-03 21:34:40,039 INFO POST http://localhost:9200/_search/scroll [status:200 duration:0.002s]
2026-06-03 21:34:40,215 INFO HTTP Request: POST https://open.bigmodel.cn/api/paas/v4/embeddings "HTTP/1.1 200 OK"
2026-06-03 21:34:40,285 INFO PUT http://localhost:9200/_bulk?refresh=false [status:200 duration:0.026s]
2026-06-03 21:34:40,285 INFO Progress: 17760/51354 (64.5/s) — ETA 521s
2026-06-03 21:34:40,287 INFO POST http://localhost:9200/_search/scroll [status:200 duration:0.002s]
2026-06-03 21:34:40,501 INFO HTTP Request: POST https://open.bigmodel.cn/api/paas/v4/embeddings "HTTP/1.1 200 OK"
2026-06-03 21:34:40,570 INFO PUT http://localhost:9200/_bulk?refresh=false [status:200 duration:0.027s]
2026-06-03 21:34:40,571 INFO Progress: 17780/51354 (64.5/s) — ETA 521s
2026-06-03 21:34:40,573 INFO POST http://localhost:9200/_search/scroll [status:200 duration:0.002s]
2026-06-03 21:34:40,780 INFO HTTP Request: POST https://open.bigmodel.cn/api/paas/v4/embeddings "HTTP/1.1 200 OK"
2026-06-03 21:34:40,860 INFO PUT http://localhost:9200/_bulk?refresh=false [status:200 duration:0.029s]
2026-06-03 21:34:40,861 INFO Progress: 17800/51354 (64.5/s) — ETA 520s
2026-06-03 21:34:40,863 INFO POST http://localhost:9200/_search/scroll [status:200 duration:0.002s]
2026-06-03 21:34:41,059 INFO HTTP Request: POST https://open.bigmodel.cn/api/paas/v4/embeddings "HTTP/1.1 200 OK"
2026-06-03 21:34:41,128 INFO PUT http://localhost:9200/_bulk?refresh=false [status:200 duration:0.027s]
2026-06-03 21:34:41,128 INFO Progress: 17820/51354 (64.5/s) — ETA 520s
2026-06-03 21:34:41,130 INFO POST http://localhost:9200/_search/scroll [status:200 duration:0.002s]
2026-06-03 21:34:41,360 INFO HTTP Request: POST https://open.bigmodel.cn/api/paas/v4/embeddings "HTTP/1.1 200 OK"
2026-06-03 21:34:41,447 INFO PUT http://localhost:9200/_bulk?refresh=false [status:200 duration:0.027s]
2026-06-03 21:34:41,447 INFO Progress: 17840/51354 (64.5/s) — ETA 520s
2026-06-03 21:34:41,450 INFO POST http://localhost:9200/_search/scroll [status:200 duration:0.002s]
2026-06-03 21:34:41,634 INFO HTTP Request: POST https://open.bigmodel.cn/api/paas/v4/embeddings "HTTP/1.1 200 OK"
2026-06-03 21:34:41,718 INFO PUT http://localhost:9200/_bulk?refresh=false [status:200 duration:0.029s]
2026-06-03 21:34:41,718 INFO Progress: 17860/51354 (64.5/s) — ETA 519s
2026-06-03 21:34:41,720 INFO POST http://localhost:9200/_search/scroll [status:200 duration:0.002s]
2026-06-03 21:34:41,881 INFO HTTP Request: POST https://open.bigmodel.cn/api/paas/v4/embeddings "HTTP/1.1 200 OK"
2026-06-03 21:34:41,963 INFO PUT http://localhost:9200/_bulk?refresh=false [status:200 duration:0.026s]
2026-06-03 21:34:41,963 INFO Progress: 17880/51354 (64.5/s) — ETA 519s
2026-06-03 21:34:41,965 INFO POST http://localhost:9200/_search/scroll [status:200 duration:0.002s]
2026-06-03 21:34:42,174 INFO HTTP Request: POST https://open.bigmodel.cn/api/paas/v4/embeddings "HTTP/1.1 200 OK"
2026-06-03 21:34:42,238 INFO PUT http://localhost:9200/_bulk?refresh=false [status:200 duration:0.026s]
2026-06-03 21:34:42,238 INFO Progress: 17900/51354 (64.5/s) — ETA 518s
2026-06-03 21:34:42,240 INFO POST http://localhost:9200/_search/scroll [status:200 duration:0.002s]
2026-06-03 21:34:42,625 INFO HTTP Request: POST https://open.bigmodel.cn/api/paas/v4/embeddings "HTTP/1.1 200 OK"
2026-06-03 21:34:42,693 INFO PUT http://localhost:9200/_bulk?refresh=false [status:200 duration:0.027s]
2026-06-03 21:34:42,694 INFO Progress: 17920/51354 (64.5/s) — ETA 518s
2026-06-03 21:34:42,696 INFO POST http://localhost:9200/_search/scroll [status:200 duration:0.002s]
2026-06-03 21:34:43,713 INFO HTTP Request: POST https://open.bigmodel.cn/api/paas/v4/embeddings "HTTP/1.1 200 OK"
2026-06-03 21:34:43,796 INFO PUT http://localhost:9200/_bulk?refresh=false [status:200 duration:0.030s]
2026-06-03 21:34:43,796 INFO Progress: 17940/51354 (64.3/s) — ETA 520s
2026-06-03 21:34:43,799 INFO POST http://localhost:9200/_search/scroll [status:200 duration:0.003s]
2026-06-03 21:34:43,979 INFO HTTP Request: POST https://open.bigmodel.cn/api/paas/v4/embeddings "HTTP/1.1 200 OK"
2026-06-03 21:34:44,061 INFO PUT http://localhost:9200/_bulk?refresh=false [status:200 duration:0.027s]
2026-06-03 21:34:44,062 INFO Progress: 17960/51354 (64.3/s) — ETA 519s
2026-06-03 21:34:44,064 INFO POST http://localhost:9200/_search/scroll [status:200 duration:0.002s]
2026-06-03 21:34:44,281 INFO HTTP Request: POST https://open.bigmodel.cn/api/paas/v4/embeddings "HTTP/1.1 200 OK"
2026-06-03 21:34:44,362 INFO PUT http://localhost:9200/_bulk?refresh=false [status:200 duration:0.028s]
2026-06-03 21:34:44,363 INFO Progress: 17980/51354 (64.3/s) — ETA 519s
2026-06-03 21:34:44,365 INFO POST http://localhost:9200/_search/scroll [status:200 duration:0.002s]
2026-06-03 21:34:44,548 INFO HTTP Request: POST https://open.bigmodel.cn/api/paas/v4/embeddings "HTTP/1.1 200 OK"
2026-06-03 21:34:44,621 INFO PUT http://localhost:9200/_bulk?refresh=false [status:200 duration:0.035s]
2026-06-03 21:34:44,622 INFO Progress: 18000/51354 (64.3/s) — ETA 518s
2026-06-03 21:34:44,626 INFO POST http://localhost:9200/_search/scroll [status:200 duration:0.004s]
2026-06-03 21:34:44,840 INFO HTTP Request: POST https://open.bigmodel.cn/api/paas/v4/embeddings "HTTP/1.1 200 OK"
2026-06-03 21:34:44,921 INFO PUT http://localhost:9200/_bulk?refresh=false [status:200 duration:0.031s]
2026-06-03 21:34:44,921 INFO Progress: 18020/51354 (64.3/s) — ETA 518s
2026-06-03 21:34:44,925 INFO POST http://localhost:9200/_search/scroll [status:200 duration:0.004s]
2026-06-03 21:34:45,111 INFO HTTP Request: POST https://open.bigmodel.cn/api/paas/v4/embeddings "HTTP/1.1 200 OK"
2026-06-03 21:34:45,182 INFO PUT http://localhost:9200/_bulk?refresh=false [status:200 duration:0.026s]
2026-06-03 21:34:45,183 INFO Progress: 18040/51354 (64.4/s) — ETA 518s
2026-06-03 21:34:45,185 INFO POST http://localhost:9200/_search/scroll [status:200 duration:0.002s]
2026-06-03 21:34:45,403 INFO HTTP Request: POST https://open.bigmodel.cn/api/paas/v4/embeddings "HTTP/1.1 200 OK"
2026-06-03 21:34:45,489 INFO PUT http://localhost:9200/_bulk?refresh=false [status:200 duration:0.026s]
2026-06-03 21:34:45,489 INFO Progress: 18060/51354 (64.4/s) — ETA 517s
2026-06-03 21:34:45,491 INFO POST http://localhost:9200/_search/scroll [status:200 duration:0.002s]
2026-06-03 21:34:45,653 INFO HTTP Request: POST https://open.bigmodel.cn/api/paas/v4/embeddings "HTTP/1.1 200 OK"
2026-06-03 21:34:45,732 INFO PUT http://localhost:9200/_bulk?refresh=false [status:200 duration:0.029s]
2026-06-03 21:34:45,732 INFO Progress: 18080/51354 (64.4/s) — ETA 517s
2026-06-03 21:34:45,734 INFO POST http://localhost:9200/_search/scroll [status:200 duration:0.002s]
2026-06-03 21:34:45,911 INFO HTTP Request: POST https://open.bigmodel.cn/api/paas/v4/embeddings "HTTP/1.1 200 OK"
2026-06-03 21:34:45,973 INFO PUT http://localhost:9200/_bulk?refresh=false [status:200 duration:0.026s]
2026-06-03 21:34:45,973 INFO Progress: 18100/51354 (64.4/s) — ETA 516s
2026-06-03 21:34:45,976 INFO POST http://localhost:9200/_search/scroll [status:200 duration:0.002s]
2026-06-03 21:34:46,187 INFO HTTP Request: POST https://open.bigmodel.cn/api/paas/v4/embeddings "HTTP/1.1 200 OK"
2026-06-03 21:34:46,254 INFO PUT http://localhost:9200/_bulk?refresh=false [status:200 duration:0.028s]
2026-06-03 21:34:46,255 INFO Progress: 18120/51354 (64.4/s) — ETA 516s
2026-06-03 21:34:46,257 INFO POST http://localhost:9200/_search/scroll [status:200 duration:0.002s]
2026-06-03 21:34:46,434 INFO HTTP Request: POST https://open.bigmodel.cn/api/paas/v4/embeddings "HTTP/1.1 200 OK"
2026-06-03 21:34:46,515 INFO PUT http://localhost:9200/_bulk?refresh=false [status:200 duration:0.027s]
2026-06-03 21:34:46,515 INFO Progress: 18140/51354 (64.4/s) — ETA 516s
2026-06-03 21:34:46,517 INFO POST http://localhost:9200/_search/scroll [status:200 duration:0.002s]
2026-06-03 21:34:46,695 INFO HTTP Request: POST https://open.bigmodel.cn/api/paas/v4/embeddings "HTTP/1.1 200 OK"
2026-06-03 21:34:46,752 INFO PUT http://localhost:9200/_bulk?refresh=false [status:200 duration:0.026s]
2026-06-03 21:34:46,752 INFO Progress: 18160/51354 (64.4/s) — ETA 515s
2026-06-03 21:34:46,755 INFO POST http://localhost:9200/_search/scroll [status:200 duration:0.002s]
2026-06-03 21:34:46,986 INFO HTTP Request: POST https://open.bigmodel.cn/api/paas/v4/embeddings "HTTP/1.1 200 OK"
2026-06-03 21:34:47,056 INFO PUT http://localhost:9200/_bulk?refresh=false [status:200 duration:0.027s]
2026-06-03 21:34:47,057 INFO Progress: 18180/51354 (64.4/s) — ETA 515s
2026-06-03 21:34:47,059 INFO POST http://localhost:9200/_search/scroll [status:200 duration:0.002s]
2026-06-03 21:34:47,261 INFO HTTP Request: POST https://open.bigmodel.cn/api/paas/v4/embeddings "HTTP/1.1 200 OK"
2026-06-03 21:34:47,347 INFO PUT http://localhost:9200/_bulk?refresh=false [status:200 duration:0.029s]
2026-06-03 21:34:47,347 INFO Progress: 18200/51354 (64.4/s) — ETA 515s
2026-06-03 21:34:47,350 INFO POST http://localhost:9200/_search/scroll [status:200 duration:0.002s]
2026-06-03 21:34:47,540 INFO HTTP Request: POST https://open.bigmodel.cn/api/paas/v4/embeddings "HTTP/1.1 200 OK"
2026-06-03 21:34:47,627 INFO PUT http://localhost:9200/_bulk?refresh=false [status:200 duration:0.027s]
2026-06-03 21:34:47,627 INFO Progress: 18220/51354 (64.4/s) — ETA 514s
2026-06-03 21:34:47,629 INFO POST http://localhost:9200/_search/scroll [status:200 duration:0.002s]
2026-06-03 21:34:47,863 INFO HTTP Request: POST https://open.bigmodel.cn/api/paas/v4/embeddings "HTTP/1.1 200 OK"
2026-06-03 21:34:47,937 INFO PUT http://localhost:9200/_bulk?refresh=false [status:200 duration:0.027s]
2026-06-03 21:34:47,937 INFO Progress: 18240/51354 (64.4/s) — ETA 514s
2026-06-03 21:34:47,940 INFO POST http://localhost:9200/_search/scroll [status:200 duration:0.002s]
2026-06-03 21:34:48,132 INFO HTTP Request: POST https://open.bigmodel.cn/api/paas/v4/embeddings "HTTP/1.1 200 OK"
2026-06-03 21:34:48,224 INFO PUT http://localhost:9200/_bulk?refresh=false [status:200 duration:0.030s]
2026-06-03 21:34:48,224 INFO Progress: 18260/51354 (64.4/s) — ETA 514s
2026-06-03 21:34:48,226 INFO POST http://localhost:9200/_search/scroll [status:200 duration:0.002s]
2026-06-03 21:34:48,423 INFO HTTP Request: POST https://open.bigmodel.cn/api/paas/v4/embeddings "HTTP/1.1 200 OK"
2026-06-03 21:34:48,513 INFO PUT http://localhost:9200/_bulk?refresh=false [status:200 duration:0.031s]
2026-06-03 21:34:48,513 INFO Progress: 18280/51354 (64.4/s) — ETA 513s
2026-06-03 21:34:48,516 INFO POST http://localhost:9200/_search/scroll [status:200 duration:0.002s]
2026-06-03 21:34:48,701 INFO HTTP Request: POST https://open.bigmodel.cn/api/paas/v4/embeddings "HTTP/1.1 200 OK"
2026-06-03 21:34:48,798 INFO PUT http://localhost:9200/_bulk?refresh=false [status:200 duration:0.035s]
2026-06-03 21:34:48,798 INFO Progress: 18300/51354 (64.5/s) — ETA 513s
2026-06-03 21:34:48,800 INFO POST http://localhost:9200/_search/scroll [status:200 duration:0.002s]
2026-06-03 21:34:48,961 INFO HTTP Request: POST https://open.bigmodel.cn/api/paas/v4/embeddings "HTTP/1.1 200 OK"
2026-06-03 21:34:49,043 INFO PUT http://localhost:9200/_bulk?refresh=false [status:200 duration:0.029s]
2026-06-03 21:34:49,043 INFO Progress: 18320/51354 (64.5/s) — ETA 512s
2026-06-03 21:34:49,045 INFO POST http://localhost:9200/_search/scroll [status:200 duration:0.002s]
2026-06-03 21:34:49,262 INFO HTTP Request: POST https://open.bigmodel.cn/api/paas/v4/embeddings "HTTP/1.1 200 OK"
2026-06-03 21:34:49,352 INFO PUT http://localhost:9200/_bulk?refresh=false [status:200 duration:0.029s]
2026-06-03 21:34:49,352 INFO Progress: 18340/51354 (64.5/s) — ETA 512s
2026-06-03 21:34:49,355 INFO POST http://localhost:9200/_search/scroll [status:200 duration:0.002s]
2026-06-03 21:34:49,530 INFO HTTP Request: POST https://open.bigmodel.cn/api/paas/v4/embeddings "HTTP/1.1 200 OK"
2026-06-03 21:34:49,613 INFO PUT http://localhost:9200/_bulk?refresh=false [status:200 duration:0.035s]
2026-06-03 21:34:49,614 INFO Progress: 18360/51354 (64.5/s) — ETA 512s
2026-06-03 21:34:49,616 INFO POST http://localhost:9200/_search/scroll [status:200 duration:0.002s]
2026-06-03 21:34:49,795 INFO HTTP Request: POST https://open.bigmodel.cn/api/paas/v4/embeddings "HTTP/1.1 200 OK"
2026-06-03 21:34:49,886 INFO PUT http://localhost:9200/_bulk?refresh=false [status:200 duration:0.029s]
2026-06-03 21:34:49,886 INFO Progress: 18380/51354 (64.5/s) — ETA 511s
2026-06-03 21:34:49,889 INFO POST http://localhost:9200/_search/scroll [status:200 duration:0.002s]
2026-06-03 21:34:50,069 INFO HTTP Request: POST https://open.bigmodel.cn/api/paas/v4/embeddings "HTTP/1.1 200 OK"
2026-06-03 21:34:50,153 INFO PUT http://localhost:9200/_bulk?refresh=false [status:200 duration:0.028s]
2026-06-03 21:34:50,153 INFO Progress: 18400/51354 (64.5/s) — ETA 511s
2026-06-03 21:34:50,156 INFO POST http://localhost:9200/_search/scroll [status:200 duration:0.002s]
2026-06-03 21:34:50,317 INFO HTTP Request: POST https://open.bigmodel.cn/api/paas/v4/embeddings "HTTP/1.1 200 OK"
2026-06-03 21:34:50,401 INFO PUT http://localhost:9200/_bulk?refresh=false [status:200 duration:0.026s]
2026-06-03 21:34:50,401 INFO Progress: 18420/51354 (64.5/s) — ETA 511s
2026-06-03 21:34:50,404 INFO POST http://localhost:9200/_search/scroll [status:200 duration:0.002s]
2026-06-03 21:34:50,561 INFO HTTP Request: POST https://open.bigmodel.cn/api/paas/v4/embeddings "HTTP/1.1 200 OK"
2026-06-03 21:34:50,622 INFO PUT http://localhost:9200/_bulk?refresh=false [status:200 duration:0.025s]
2026-06-03 21:34:50,622 INFO Progress: 18440/51354 (64.5/s) — ETA 510s
2026-06-03 21:34:50,624 INFO POST http://localhost:9200/_search/scroll [status:200 duration:0.002s]
2026-06-03 21:34:50,782 INFO HTTP Request: POST https://open.bigmodel.cn/api/paas/v4/embeddings "HTTP/1.1 200 OK"
2026-06-03 21:34:50,867 INFO PUT http://localhost:9200/_bulk?refresh=false [status:200 duration:0.029s]
2026-06-03 21:34:50,867 INFO Progress: 18460/51354 (64.5/s) — ETA 510s
2026-06-03 21:34:50,869 INFO POST http://localhost:9200/_search/scroll [status:200 duration:0.002s]
2026-06-03 21:34:51,043 INFO HTTP Request: POST https://open.bigmodel.cn/api/paas/v4/embeddings "HTTP/1.1 200 OK"
2026-06-03 21:34:51,120 INFO PUT http://localhost:9200/_bulk?refresh=false [status:200 duration:0.026s]
2026-06-03 21:34:51,120 INFO Progress: 18480/51354 (64.6/s) — ETA 509s
2026-06-03 21:34:51,122 INFO POST http://localhost:9200/_search/scroll [status:200 duration:0.002s]
2026-06-03 21:34:51,315 INFO HTTP Request: POST https://open.bigmodel.cn/api/paas/v4/embeddings "HTTP/1.1 200 OK"
2026-06-03 21:34:51,405 INFO PUT http://localhost:9200/_bulk?refresh=false [status:200 duration:0.027s]
2026-06-03 21:34:51,405 INFO Progress: 18500/51354 (64.6/s) — ETA 509s
2026-06-03 21:34:51,407 INFO POST http://localhost:9200/_search/scroll [status:200 duration:0.002s]
2026-06-03 21:34:51,610 INFO HTTP Request: POST https://open.bigmodel.cn/api/paas/v4/embeddings "HTTP/1.1 200 OK"
2026-06-03 21:34:51,672 INFO PUT http://localhost:9200/_bulk?refresh=false [status:200 duration:0.028s]
2026-06-03 21:34:51,672 INFO Progress: 18520/51354 (64.6/s) — ETA 508s
2026-06-03 21:34:51,675 INFO POST http://localhost:9200/_search/scroll [status:200 duration:0.002s]
2026-06-03 21:34:51,869 INFO HTTP Request: POST https://open.bigmodel.cn/api/paas/v4/embeddings "HTTP/1.1 200 OK"
2026-06-03 21:34:51,955 INFO PUT http://localhost:9200/_bulk?refresh=false [status:200 duration:0.028s]
2026-06-03 21:34:51,955 INFO Progress: 18540/51354 (64.6/s) — ETA 508s
2026-06-03 21:34:51,958 INFO POST http://localhost:9200/_search/scroll [status:200 duration:0.002s]
2026-06-03 21:34:52,154 INFO HTTP Request: POST https://open.bigmodel.cn/api/paas/v4/embeddings "HTTP/1.1 200 OK"
2026-06-03 21:34:52,209 INFO PUT http://localhost:9200/_bulk?refresh=false [status:200 duration:0.026s]
2026-06-03 21:34:52,210 INFO Progress: 18560/51354 (64.6/s) — ETA 508s
2026-06-03 21:34:52,212 INFO POST http://localhost:9200/_search/scroll [status:200 duration:0.002s]
2026-06-03 21:34:52,423 INFO HTTP Request: POST https://open.bigmodel.cn/api/paas/v4/embeddings "HTTP/1.1 200 OK"
2026-06-03 21:34:52,501 INFO PUT http://localhost:9200/_bulk?refresh=false [status:200 duration:0.028s]
2026-06-03 21:34:52,501 INFO Progress: 18580/51354 (64.6/s) — ETA 507s
2026-06-03 21:34:52,503 INFO POST http://localhost:9200/_search/scroll [status:200 duration:0.002s]
2026-06-03 21:34:52,693 INFO HTTP Request: POST https://open.bigmodel.cn/api/paas/v4/embeddings "HTTP/1.1 200 OK"
2026-06-03 21:34:52,777 INFO PUT http://localhost:9200/_bulk?refresh=false [status:200 duration:0.028s]
2026-06-03 21:34:52,777 INFO Progress: 18600/51354 (64.6/s) — ETA 507s
2026-06-03 21:34:52,779 INFO POST http://localhost:9200/_search/scroll [status:200 duration:0.002s]
2026-06-03 21:34:52,981 INFO HTTP Request: POST https://open.bigmodel.cn/api/paas/v4/embeddings "HTTP/1.1 200 OK"
2026-06-03 21:34:53,072 INFO PUT http://localhost:9200/_bulk?refresh=false [status:200 duration:0.030s]
2026-06-03 21:34:53,073 INFO Progress: 18620/51354 (64.6/s) — ETA 507s
2026-06-03 21:34:53,075 INFO POST http://localhost:9200/_search/scroll [status:200 duration:0.002s]
2026-06-03 21:34:53,288 INFO HTTP Request: POST https://open.bigmodel.cn/api/paas/v4/embeddings "HTTP/1.1 200 OK"
2026-06-03 21:34:53,372 INFO PUT http://localhost:9200/_bulk?refresh=false [status:200 duration:0.030s]
2026-06-03 21:34:53,372 INFO Progress: 18640/51354 (64.6/s) — ETA 506s
2026-06-03 21:34:53,374 INFO POST http://localhost:9200/_search/scroll [status:200 duration:0.002s]
2026-06-03 21:34:53,575 INFO HTTP Request: POST https://open.bigmodel.cn/api/paas/v4/embeddings "HTTP/1.1 200 OK"
2026-06-03 21:34:53,645 INFO PUT http://localhost:9200/_bulk?refresh=false [status:200 duration:0.028s]
2026-06-03 21:34:53,645 INFO Progress: 18660/51354 (64.6/s) — ETA 506s
2026-06-03 21:34:53,647 INFO POST http://localhost:9200/_search/scroll [status:200 duration:0.002s]
2026-06-03 21:34:53,892 INFO HTTP Request: POST https://open.bigmodel.cn/api/paas/v4/embeddings "HTTP/1.1 200 OK"
2026-06-03 21:34:53,968 INFO PUT http://localhost:9200/_bulk?refresh=false [status:200 duration:0.029s]
2026-06-03 21:34:53,968 INFO Progress: 18680/51354 (64.6/s) — ETA 506s
2026-06-03 21:34:53,971 INFO POST http://localhost:9200/_search/scroll [status:200 duration:0.003s]
2026-06-03 21:34:54,177 INFO HTTP Request: POST https://open.bigmodel.cn/api/paas/v4/embeddings "HTTP/1.1 200 OK"
2026-06-03 21:34:54,261 INFO PUT http://localhost:9200/_bulk?refresh=false [status:200 duration:0.028s]
2026-06-03 21:34:54,262 INFO Progress: 18700/51354 (64.6/s) — ETA 505s
2026-06-03 21:34:54,264 INFO POST http://localhost:9200/_search/scroll [status:200 duration:0.002s]
2026-06-03 21:34:54,441 INFO HTTP Request: POST https://open.bigmodel.cn/api/paas/v4/embeddings "HTTP/1.1 200 OK"
2026-06-03 21:34:54,527 INFO PUT http://localhost:9200/_bulk?refresh=false [status:200 duration:0.027s]
2026-06-03 21:34:54,527 INFO Progress: 18720/51354 (64.6/s) — ETA 505s
2026-06-03 21:34:54,530 INFO POST http://localhost:9200/_search/scroll [status:200 duration:0.002s]
2026-06-03 21:34:54,708 INFO HTTP Request: POST https://open.bigmodel.cn/api/paas/v4/embeddings "HTTP/1.1 200 OK"
2026-06-03 21:34:54,792 INFO PUT http://localhost:9200/_bulk?refresh=false [status:200 duration:0.027s]
2026-06-03 21:34:54,792 INFO Progress: 18740/51354 (64.6/s) — ETA 505s
2026-06-03 21:34:54,795 INFO POST http://localhost:9200/_search/scroll [status:200 duration:0.002s]
2026-06-03 21:34:55,021 INFO HTTP Request: POST https://open.bigmodel.cn/api/paas/v4/embeddings "HTTP/1.1 200 OK"
2026-06-03 21:34:55,086 INFO PUT http://localhost:9200/_bulk?refresh=false [status:200 duration:0.029s]
2026-06-03 21:34:55,086 INFO Progress: 18760/51354 (64.6/s) — ETA 504s
2026-06-03 21:34:55,088 INFO POST http://localhost:9200/_search/scroll [status:200 duration:0.002s]
2026-06-03 21:34:55,304 INFO HTTP Request: POST https://open.bigmodel.cn/api/paas/v4/embeddings "HTTP/1.1 200 OK"
2026-06-03 21:34:55,370 INFO PUT http://localhost:9200/_bulk?refresh=false [status:200 duration:0.028s]
2026-06-03 21:34:55,370 INFO Progress: 18780/51354 (64.6/s) — ETA 504s
2026-06-03 21:34:55,373 INFO POST http://localhost:9200/_search/scroll [status:200 duration:0.002s]
2026-06-03 21:34:55,546 INFO HTTP Request: POST https://open.bigmodel.cn/api/paas/v4/embeddings "HTTP/1.1 200 OK"
2026-06-03 21:34:55,622 INFO PUT http://localhost:9200/_bulk?refresh=false [status:200 duration:0.026s]
2026-06-03 21:34:55,622 INFO Progress: 18800/51354 (64.7/s) — ETA 503s
2026-06-03 21:34:55,624 INFO POST http://localhost:9200/_search/scroll [status:200 duration:0.002s]
2026-06-03 21:34:55,817 INFO HTTP Request: POST https://open.bigmodel.cn/api/paas/v4/embeddings "HTTP/1.1 200 OK"
2026-06-03 21:34:55,903 INFO PUT http://localhost:9200/_bulk?refresh=false [status:200 duration:0.028s]
2026-06-03 21:34:55,904 INFO Progress: 18820/51354 (64.7/s) — ETA 503s
2026-06-03 21:34:55,906 INFO POST http://localhost:9200/_search/scroll [status:200 duration:0.002s]
2026-06-03 21:34:56,097 INFO HTTP Request: POST https://open.bigmodel.cn/api/paas/v4/embeddings "HTTP/1.1 200 OK"
2026-06-03 21:34:56,184 INFO PUT http://localhost:9200/_bulk?refresh=false [status:200 duration:0.032s]
2026-06-03 21:34:56,184 INFO Progress: 18840/51354 (64.7/s) — ETA 503s
2026-06-03 21:34:56,187 INFO POST http://localhost:9200/_search/scroll [status:200 duration:0.002s]
2026-06-03 21:34:56,372 INFO HTTP Request: POST https://open.bigmodel.cn/api/paas/v4/embeddings "HTTP/1.1 200 OK"
2026-06-03 21:34:56,461 INFO PUT http://localhost:9200/_bulk?refresh=false [status:200 duration:0.027s]
2026-06-03 21:34:56,461 INFO Progress: 18860/51354 (64.7/s) — ETA 502s
2026-06-03 21:34:56,464 INFO POST http://localhost:9200/_search/scroll [status:200 duration:0.002s]
2026-06-03 21:34:56,639 INFO HTTP Request: POST https://open.bigmodel.cn/api/paas/v4/embeddings "HTTP/1.1 200 OK"
2026-06-03 21:34:56,728 INFO PUT http://localhost:9200/_bulk?refresh=false [status:200 duration:0.029s]
2026-06-03 21:34:56,728 INFO Progress: 18880/51354 (64.7/s) — ETA 502s
2026-06-03 21:34:56,730 INFO POST http://localhost:9200/_search/scroll [status:200 duration:0.002s]
2026-06-03 21:34:56,917 INFO HTTP Request: POST https://open.bigmodel.cn/api/paas/v4/embeddings "HTTP/1.1 200 OK"
2026-06-03 21:34:56,971 INFO PUT http://localhost:9200/_bulk?refresh=false [status:200 duration:0.026s]
2026-06-03 21:34:56,971 INFO Progress: 18900/51354 (64.7/s) — ETA 502s
2026-06-03 21:34:56,974 INFO POST http://localhost:9200/_search/scroll [status:200 duration:0.002s]
2026-06-03 21:34:57,203 INFO HTTP Request: POST https://open.bigmodel.cn/api/paas/v4/embeddings "HTTP/1.1 200 OK"
2026-06-03 21:34:57,273 INFO PUT http://localhost:9200/_bulk?refresh=false [status:200 duration:0.033s]
2026-06-03 21:34:57,273 INFO Progress: 18920/51354 (64.7/s) — ETA 501s
2026-06-03 21:34:57,278 INFO POST http://localhost:9200/_search/scroll [status:200 duration:0.005s]
2026-06-03 21:34:57,449 INFO HTTP Request: POST https://open.bigmodel.cn/api/paas/v4/embeddings "HTTP/1.1 200 OK"
2026-06-03 21:34:57,533 INFO PUT http://localhost:9200/_bulk?refresh=false [status:200 duration:0.032s]
2026-06-03 21:34:57,533 INFO Progress: 18940/51354 (64.7/s) — ETA 501s
2026-06-03 21:34:57,537 INFO POST http://localhost:9200/_search/scroll [status:200 duration:0.004s]
2026-06-03 21:34:58,450 INFO HTTP Request: POST https://open.bigmodel.cn/api/paas/v4/embeddings "HTTP/1.1 200 OK"
2026-06-03 21:34:58,522 INFO PUT http://localhost:9200/_bulk?refresh=false [status:200 duration:0.028s]
2026-06-03 21:34:58,522 INFO Progress: 18960/51354 (64.6/s) — ETA 502s
2026-06-03 21:34:58,524 INFO POST http://localhost:9200/_search/scroll [status:200 duration:0.002s]
2026-06-03 21:34:58,719 INFO HTTP Request: POST https://open.bigmodel.cn/api/paas/v4/embeddings "HTTP/1.1 200 OK"
2026-06-03 21:34:58,807 INFO PUT http://localhost:9200/_bulk?refresh=false [status:200 duration:0.029s]
2026-06-03 21:34:58,807 INFO Progress: 18980/51354 (64.6/s) — ETA 501s
2026-06-03 21:34:58,810 INFO POST http://localhost:9200/_search/scroll [status:200 duration:0.002s]
2026-06-03 21:34:58,971 INFO HTTP Request: POST https://open.bigmodel.cn/api/paas/v4/embeddings "HTTP/1.1 200 OK"
2026-06-03 21:34:59,042 INFO PUT http://localhost:9200/_bulk?refresh=false [status:200 duration:0.027s]
2026-06-03 21:34:59,042 INFO Progress: 19000/51354 (64.6/s) — ETA 501s
2026-06-03 21:34:59,044 INFO POST http://localhost:9200/_search/scroll [status:200 duration:0.002s]
2026-06-03 21:34:59,243 INFO HTTP Request: POST https://open.bigmodel.cn/api/paas/v4/embeddings "HTTP/1.1 200 OK"
2026-06-03 21:34:59,307 INFO PUT http://localhost:9200/_bulk?refresh=false [status:200 duration:0.027s]
2026-06-03 21:34:59,307 INFO Progress: 19020/51354 (64.6/s) — ETA 501s
2026-06-03 21:34:59,310 INFO POST http://localhost:9200/_search/scroll [status:200 duration:0.002s]
2026-06-03 21:34:59,490 INFO HTTP Request: POST https://open.bigmodel.cn/api/paas/v4/embeddings "HTTP/1.1 200 OK"
2026-06-03 21:34:59,573 INFO PUT http://localhost:9200/_bulk?refresh=false [status:200 duration:0.030s]
2026-06-03 21:34:59,573 INFO Progress: 19040/51354 (64.6/s) — ETA 500s
2026-06-03 21:34:59,575 INFO POST http://localhost:9200/_search/scroll [status:200 duration:0.002s]
2026-06-03 21:34:59,751 INFO HTTP Request: POST https://open.bigmodel.cn/api/paas/v4/embeddings "HTTP/1.1 200 OK"
2026-06-03 21:34:59,820 INFO PUT http://localhost:9200/_bulk?refresh=false [status:200 duration:0.031s]
2026-06-03 21:34:59,820 INFO Progress: 19060/51354 (64.6/s) — ETA 500s
2026-06-03 21:34:59,823 INFO POST http://localhost:9200/_search/scroll [status:200 duration:0.003s]
2026-06-03 21:35:00,011 INFO HTTP Request: POST https://open.bigmodel.cn/api/paas/v4/embeddings "HTTP/1.1 200 OK"
2026-06-03 21:35:00,093 INFO PUT http://localhost:9200/_bulk?refresh=false [status:200 duration:0.028s]
2026-06-03 21:35:00,093 INFO Progress: 19080/51354 (64.6/s) — ETA 499s
2026-06-03 21:35:00,095 INFO POST http://localhost:9200/_search/scroll [status:200 duration:0.002s]
2026-06-03 21:35:00,287 INFO HTTP Request: POST https://open.bigmodel.cn/api/paas/v4/embeddings "HTTP/1.1 200 OK"
2026-06-03 21:35:00,373 INFO PUT http://localhost:9200/_bulk?refresh=false [status:200 duration:0.029s]
2026-06-03 21:35:00,373 INFO Progress: 19100/51354 (64.6/s) — ETA 499s
2026-06-03 21:35:00,375 INFO POST http://localhost:9200/_search/scroll [status:200 duration:0.002s]
2026-06-03 21:35:00,594 INFO HTTP Request: POST https://open.bigmodel.cn/api/paas/v4/embeddings "HTTP/1.1 200 OK"
2026-06-03 21:35:00,675 INFO PUT http://localhost:9200/_bulk?refresh=false [status:200 duration:0.027s]
2026-06-03 21:35:00,675 INFO Progress: 19120/51354 (64.6/s) — ETA 499s
2026-06-03 21:35:00,677 INFO POST http://localhost:9200/_search/scroll [status:200 duration:0.002s]
2026-06-03 21:35:00,857 INFO HTTP Request: POST https://open.bigmodel.cn/api/paas/v4/embeddings "HTTP/1.1 200 OK"
2026-06-03 21:35:00,938 INFO PUT http://localhost:9200/_bulk?refresh=false [status:200 duration:0.029s]
2026-06-03 21:35:00,938 INFO Progress: 19140/51354 (64.6/s) — ETA 498s
2026-06-03 21:35:00,941 INFO POST http://localhost:9200/_search/scroll [status:200 duration:0.002s]
2026-06-03 21:35:01,125 INFO HTTP Request: POST https://open.bigmodel.cn/api/paas/v4/embeddings "HTTP/1.1 200 OK"
2026-06-03 21:35:01,213 INFO PUT http://localhost:9200/_bulk?refresh=false [status:200 duration:0.029s]
2026-06-03 21:35:01,213 INFO Progress: 19160/51354 (64.7/s) — ETA 498s
2026-06-03 21:35:01,216 INFO POST http://localhost:9200/_search/scroll [status:200 duration:0.002s]
2026-06-03 21:35:01,394 INFO HTTP Request: POST https://open.bigmodel.cn/api/paas/v4/embeddings "HTTP/1.1 200 OK"
2026-06-03 21:35:01,483 INFO PUT http://localhost:9200/_bulk?refresh=false [status:200 duration:0.029s]
2026-06-03 21:35:01,483 INFO Progress: 19180/51354 (64.7/s) — ETA 498s
2026-06-03 21:35:01,485 INFO POST http://localhost:9200/_search/scroll [status:200 duration:0.002s]
2026-06-03 21:35:01,683 INFO HTTP Request: POST https://open.bigmodel.cn/api/paas/v4/embeddings "HTTP/1.1 200 OK"
2026-06-03 21:35:01,771 INFO PUT http://localhost:9200/_bulk?refresh=false [status:200 duration:0.029s]
2026-06-03 21:35:01,772 INFO Progress: 19200/51354 (64.7/s) — ETA 497s
2026-06-03 21:35:01,774 INFO POST http://localhost:9200/_search/scroll [status:200 duration:0.002s]
2026-06-03 21:35:01,958 INFO HTTP Request: POST https://open.bigmodel.cn/api/paas/v4/embeddings "HTTP/1.1 200 OK"
2026-06-03 21:35:02,033 INFO PUT http://localhost:9200/_bulk?refresh=false [status:200 duration:0.031s]
2026-06-03 21:35:02,033 INFO Progress: 19220/51354 (64.7/s) — ETA 497s
2026-06-03 21:35:02,036 INFO POST http://localhost:9200/_search/scroll [status:200 duration:0.002s]
2026-06-03 21:35:02,280 INFO HTTP Request: POST https://open.bigmodel.cn/api/paas/v4/embeddings "HTTP/1.1 200 OK"
2026-06-03 21:35:02,373 INFO PUT http://localhost:9200/_bulk?refresh=false [status:200 duration:0.033s]
2026-06-03 21:35:02,374 INFO Progress: 19240/51354 (64.7/s) — ETA 497s
2026-06-03 21:35:02,376 INFO POST http://localhost:9200/_search/scroll [status:200 duration:0.002s]
2026-06-03 21:35:02,562 INFO HTTP Request: POST https://open.bigmodel.cn/api/paas/v4/embeddings "HTTP/1.1 200 OK"
2026-06-03 21:35:02,652 INFO PUT http://localhost:9200/_bulk?refresh=false [status:200 duration:0.028s]
2026-06-03 21:35:02,653 INFO Progress: 19260/51354 (64.7/s) — ETA 496s
2026-06-03 21:35:02,655 INFO POST http://localhost:9200/_search/scroll [status:200 duration:0.002s]
2026-06-03 21:35:02,839 INFO HTTP Request: POST https://open.bigmodel.cn/api/paas/v4/embeddings "HTTP/1.1 200 OK"
2026-06-03 21:35:02,929 INFO PUT http://localhost:9200/_bulk?refresh=false [status:200 duration:0.031s]
2026-06-03 21:35:02,929 INFO Progress: 19280/51354 (64.7/s) — ETA 496s
2026-06-03 21:35:02,932 INFO POST http://localhost:9200/_search/scroll [status:200 duration:0.002s]
2026-06-03 21:35:03,153 INFO HTTP Request: POST https://open.bigmodel.cn/api/paas/v4/embeddings "HTTP/1.1 200 OK"
2026-06-03 21:35:03,220 INFO PUT http://localhost:9200/_bulk?refresh=false [status:200 duration:0.033s]
2026-06-03 21:35:03,220 INFO Progress: 19300/51354 (64.7/s) — ETA 496s
2026-06-03 21:35:03,222 INFO POST http://localhost:9200/_search/scroll [status:200 duration:0.002s]
2026-06-03 21:35:03,458 INFO HTTP Request: POST https://open.bigmodel.cn/api/paas/v4/embeddings "HTTP/1.1 200 OK"
2026-06-03 21:35:03,524 INFO PUT http://localhost:9200/_bulk?refresh=false [status:200 duration:0.027s]
2026-06-03 21:35:03,524 INFO Progress: 19320/51354 (64.7/s) — ETA 495s
2026-06-03 21:35:03,526 INFO POST http://localhost:9200/_search/scroll [status:200 duration:0.002s]
2026-06-03 21:35:03,678 INFO HTTP Request: POST https://open.bigmodel.cn/api/paas/v4/embeddings "HTTP/1.1 200 OK"
2026-06-03 21:35:03,760 INFO PUT http://localhost:9200/_bulk?refresh=false [status:200 duration:0.032s]
2026-06-03 21:35:03,761 INFO Progress: 19340/51354 (64.7/s) — ETA 495s
2026-06-03 21:35:03,763 INFO POST http://localhost:9200/_search/scroll [status:200 duration:0.002s]
2026-06-03 21:35:03,928 INFO HTTP Request: POST https://open.bigmodel.cn/api/paas/v4/embeddings "HTTP/1.1 200 OK"
2026-06-03 21:35:03,985 INFO PUT http://localhost:9200/_bulk?refresh=false [status:200 duration:0.028s]
2026-06-03 21:35:03,986 INFO Progress: 19360/51354 (64.7/s) — ETA 494s
2026-06-03 21:35:03,988 INFO POST http://localhost:9200/_search/scroll [status:200 duration:0.002s]
2026-06-03 21:35:04,157 INFO HTTP Request: POST https://open.bigmodel.cn/api/paas/v4/embeddings "HTTP/1.1 200 OK"
2026-06-03 21:35:04,247 INFO PUT http://localhost:9200/_bulk?refresh=false [status:200 duration:0.032s]
2026-06-03 21:35:04,248 INFO Progress: 19380/51354 (64.7/s) — ETA 494s
2026-06-03 21:35:04,250 INFO POST http://localhost:9200/_search/scroll [status:200 duration:0.002s]
2026-06-03 21:35:04,484 INFO HTTP Request: POST https://open.bigmodel.cn/api/paas/v4/embeddings "HTTP/1.1 200 OK"
2026-06-03 21:35:04,569 INFO PUT http://localhost:9200/_bulk?refresh=false [status:200 duration:0.027s]
2026-06-03 21:35:04,569 INFO Progress: 19400/51354 (64.7/s) — ETA 494s
2026-06-03 21:35:04,571 INFO POST http://localhost:9200/_search/scroll [status:200 duration:0.002s]
2026-06-03 21:35:04,782 INFO HTTP Request: POST https://open.bigmodel.cn/api/paas/v4/embeddings "HTTP/1.1 200 OK"
2026-06-03 21:35:04,871 INFO PUT http://localhost:9200/_bulk?refresh=false [status:200 duration:0.033s]
2026-06-03 21:35:04,871 INFO Progress: 19420/51354 (64.7/s) — ETA 493s
2026-06-03 21:35:04,873 INFO POST http://localhost:9200/_search/scroll [status:200 duration:0.002s]
2026-06-03 21:35:05,067 INFO HTTP Request: POST https://open.bigmodel.cn/api/paas/v4/embeddings "HTTP/1.1 200 OK"
2026-06-03 21:35:05,155 INFO PUT http://localhost:9200/_bulk?refresh=false [status:200 duration:0.028s]
2026-06-03 21:35:05,156 INFO Progress: 19440/51354 (64.7/s) — ETA 493s
2026-06-03 21:35:05,158 INFO POST http://localhost:9200/_search/scroll [status:200 duration:0.002s]
2026-06-03 21:35:05,380 INFO HTTP Request: POST https://open.bigmodel.cn/api/paas/v4/embeddings "HTTP/1.1 200 OK"
2026-06-03 21:35:05,471 INFO PUT http://localhost:9200/_bulk?refresh=false [status:200 duration:0.029s]
2026-06-03 21:35:05,471 INFO Progress: 19460/51354 (64.7/s) — ETA 493s
2026-06-03 21:35:05,473 INFO POST http://localhost:9200/_search/scroll [status:200 duration:0.002s]
2026-06-03 21:35:05,640 INFO HTTP Request: POST https://open.bigmodel.cn/api/paas/v4/embeddings "HTTP/1.1 200 OK"
2026-06-03 21:35:05,732 INFO PUT http://localhost:9200/_bulk?refresh=false [status:200 duration:0.029s]
2026-06-03 21:35:05,733 INFO Progress: 19480/51354 (64.7/s) — ETA 492s
2026-06-03 21:35:05,735 INFO POST http://localhost:9200/_search/scroll [status:200 duration:0.002s]
2026-06-03 21:35:05,911 INFO HTTP Request: POST https://open.bigmodel.cn/api/paas/v4/embeddings "HTTP/1.1 200 OK"
2026-06-03 21:35:05,983 INFO PUT http://localhost:9200/_bulk?refresh=false [status:200 duration:0.029s]
2026-06-03 21:35:05,984 INFO Progress: 19500/51354 (64.8/s) — ETA 492s
2026-06-03 21:35:05,986 INFO POST http://localhost:9200/_search/scroll [status:200 duration:0.002s]
2026-06-03 21:35:06,171 INFO HTTP Request: POST https://open.bigmodel.cn/api/paas/v4/embeddings "HTTP/1.1 200 OK"
2026-06-03 21:35:06,259 INFO PUT http://localhost:9200/_bulk?refresh=false [status:200 duration:0.027s]
2026-06-03 21:35:06,259 INFO Progress: 19520/51354 (64.8/s) — ETA 492s
2026-06-03 21:35:06,262 INFO POST http://localhost:9200/_search/scroll [status:200 duration:0.002s]
2026-06-03 21:35:06,421 INFO HTTP Request: POST https://open.bigmodel.cn/api/paas/v4/embeddings "HTTP/1.1 200 OK"
2026-06-03 21:35:06,497 INFO PUT http://localhost:9200/_bulk?refresh=false [status:200 duration:0.032s]
2026-06-03 21:35:06,497 INFO Progress: 19540/51354 (64.8/s) — ETA 491s
2026-06-03 21:35:06,500 INFO POST http://localhost:9200/_search/scroll [status:200 duration:0.002s]
2026-06-03 21:35:06,760 INFO HTTP Request: POST https://open.bigmodel.cn/api/paas/v4/embeddings "HTTP/1.1 200 OK"
2026-06-03 21:35:06,860 INFO PUT http://localhost:9200/_bulk?refresh=false [status:200 duration:0.039s]
2026-06-03 21:35:06,860 INFO Progress: 19560/51354 (64.8/s) — ETA 491s
2026-06-03 21:35:06,862 INFO POST http://localhost:9200/_search/scroll [status:200 duration:0.002s]
2026-06-03 21:35:07,018 INFO HTTP Request: POST https://open.bigmodel.cn/api/paas/v4/embeddings "HTTP/1.1 200 OK"
2026-06-03 21:35:07,280 INFO PUT http://localhost:9200/_bulk?refresh=false [status:200 duration:0.195s]
2026-06-03 21:35:07,281 INFO Progress: 19580/51354 (64.7/s) — ETA 491s
2026-06-03 21:35:07,283 INFO POST http://localhost:9200/_search/scroll [status:200 duration:0.003s]
2026-06-03 21:35:07,740 INFO HTTP Request: POST https://open.bigmodel.cn/api/paas/v4/embeddings "HTTP/1.1 200 OK"
2026-06-03 21:35:07,818 INFO PUT http://localhost:9200/_bulk?refresh=false [status:200 duration:0.024s]
2026-06-03 21:35:07,818 INFO Progress: 19600/51354 (64.7/s) — ETA 491s
2026-06-03 21:35:07,820 INFO POST http://localhost:9200/_search/scroll [status:200 duration:0.002s]
2026-06-03 21:35:08,228 INFO HTTP Request: POST https://open.bigmodel.cn/api/paas/v4/embeddings "HTTP/1.1 200 OK"
2026-06-03 21:35:08,298 INFO PUT http://localhost:9200/_bulk?refresh=false [status:200 duration:0.023s]
2026-06-03 21:35:08,298 INFO Progress: 19620/51354 (64.7/s) — ETA 491s
2026-06-03 21:35:08,300 INFO POST http://localhost:9200/_search/scroll [status:200 duration:0.002s]
2026-06-03 21:35:08,499 INFO HTTP Request: POST https://open.bigmodel.cn/api/paas/v4/embeddings "HTTP/1.1 200 OK"
2026-06-03 21:35:08,566 INFO PUT http://localhost:9200/_bulk?refresh=false [status:200 duration:0.023s]
2026-06-03 21:35:08,566 INFO Progress: 19640/51354 (64.7/s) — ETA 490s
2026-06-03 21:35:08,568 INFO POST http://localhost:9200/_search/scroll [status:200 duration:0.002s]
2026-06-03 21:35:08,838 INFO HTTP Request: POST https://open.bigmodel.cn/api/paas/v4/embeddings "HTTP/1.1 200 OK"
2026-06-03 21:35:08,900 INFO PUT http://localhost:9200/_bulk?refresh=false [status:200 duration:0.025s]
2026-06-03 21:35:08,900 INFO Progress: 19660/51354 (64.7/s) — ETA 490s
2026-06-03 21:35:08,903 INFO POST http://localhost:9200/_search/scroll [status:200 duration:0.002s]
2026-06-03 21:35:09,148 INFO HTTP Request: POST https://open.bigmodel.cn/api/paas/v4/embeddings "HTTP/1.1 200 OK"
2026-06-03 21:35:09,226 INFO PUT http://localhost:9200/_bulk?refresh=false [status:200 duration:0.023s]
2026-06-03 21:35:09,226 INFO Progress: 19680/51354 (64.7/s) — ETA 490s
2026-06-03 21:35:09,228 INFO POST http://localhost:9200/_search/scroll [status:200 duration:0.002s]
2026-06-03 21:35:09,404 INFO HTTP Request: POST https://open.bigmodel.cn/api/paas/v4/embeddings "HTTP/1.1 200 OK"
2026-06-03 21:35:09,472 INFO PUT http://localhost:9200/_bulk?refresh=false [status:200 duration:0.026s]
2026-06-03 21:35:09,473 INFO Progress: 19700/51354 (64.7/s) — ETA 489s
2026-06-03 21:35:09,475 INFO POST http://localhost:9200/_search/scroll [status:200 duration:0.002s]
2026-06-03 21:35:09,680 INFO HTTP Request: POST https://open.bigmodel.cn/api/paas/v4/embeddings "HTTP/1.1 200 OK"
2026-06-03 21:35:09,771 INFO PUT http://localhost:9200/_bulk?refresh=false [status:200 duration:0.029s]
2026-06-03 21:35:09,771 INFO Progress: 19720/51354 (64.7/s) — ETA 489s
2026-06-03 21:35:09,774 INFO POST http://localhost:9200/_search/scroll [status:200 duration:0.003s]
2026-06-03 21:35:09,952 INFO HTTP Request: POST https://open.bigmodel.cn/api/paas/v4/embeddings "HTTP/1.1 200 OK"
2026-06-03 21:35:10,031 INFO PUT http://localhost:9200/_bulk?refresh=false [status:200 duration:0.024s]
2026-06-03 21:35:10,031 INFO Progress: 19740/51354 (64.7/s) — ETA 489s
2026-06-03 21:35:10,034 INFO POST http://localhost:9200/_search/scroll [status:200 duration:0.002s]
2026-06-03 21:35:10,229 INFO HTTP Request: POST https://open.bigmodel.cn/api/paas/v4/embeddings "HTTP/1.1 200 OK"
2026-06-03 21:35:10,313 INFO PUT http://localhost:9200/_bulk?refresh=false [status:200 duration:0.025s]
2026-06-03 21:35:10,313 INFO Progress: 19760/51354 (64.7/s) — ETA 488s
2026-06-03 21:35:10,315 INFO POST http://localhost:9200/_search/scroll [status:200 duration:0.002s]
2026-06-03 21:35:10,515 INFO HTTP Request: POST https://open.bigmodel.cn/api/paas/v4/embeddings "HTTP/1.1 200 OK"
2026-06-03 21:35:10,597 INFO PUT http://localhost:9200/_bulk?refresh=false [status:200 duration:0.024s]
2026-06-03 21:35:10,597 INFO Progress: 19780/51354 (64.7/s) — ETA 488s
2026-06-03 21:35:10,600 INFO POST http://localhost:9200/_search/scroll [status:200 duration:0.002s]
2026-06-03 21:35:10,766 INFO HTTP Request: POST https://open.bigmodel.cn/api/paas/v4/embeddings "HTTP/1.1 200 OK"
2026-06-03 21:35:10,860 INFO PUT http://localhost:9200/_bulk?refresh=false [status:200 duration:0.031s]
2026-06-03 21:35:10,860 INFO Progress: 19800/51354 (64.7/s) — ETA 488s
2026-06-03 21:35:10,865 INFO POST http://localhost:9200/_search/scroll [status:200 duration:0.004s]
2026-06-03 21:35:11,074 INFO HTTP Request: POST https://open.bigmodel.cn/api/paas/v4/embeddings "HTTP/1.1 200 OK"
2026-06-03 21:35:11,161 INFO PUT http://localhost:9200/_bulk?refresh=false [status:200 duration:0.027s]
2026-06-03 21:35:11,161 INFO Progress: 19820/51354 (64.7/s) — ETA 487s
2026-06-03 21:35:11,165 INFO POST http://localhost:9200/_search/scroll [status:200 duration:0.004s]
2026-06-03 21:35:11,394 INFO HTTP Request: POST https://open.bigmodel.cn/api/paas/v4/embeddings "HTTP/1.1 200 OK"
2026-06-03 21:35:11,480 INFO PUT http://localhost:9200/_bulk?refresh=false [status:200 duration:0.025s]
2026-06-03 21:35:11,480 INFO Progress: 19840/51354 (64.7/s) — ETA 487s
2026-06-03 21:35:11,483 INFO POST http://localhost:9200/_search/scroll [status:200 duration:0.002s]
2026-06-03 21:35:11,677 INFO HTTP Request: POST https://open.bigmodel.cn/api/paas/v4/embeddings "HTTP/1.1 200 OK"
2026-06-03 21:35:11,744 INFO PUT http://localhost:9200/_bulk?refresh=false [status:200 duration:0.024s]
2026-06-03 21:35:11,744 INFO Progress: 19860/51354 (64.7/s) — ETA 487s
2026-06-03 21:35:11,747 INFO POST http://localhost:9200/_search/scroll [status:200 duration:0.002s]
2026-06-03 21:35:11,970 INFO HTTP Request: POST https://open.bigmodel.cn/api/paas/v4/embeddings "HTTP/1.1 200 OK"
2026-06-03 21:35:12,039 INFO PUT http://localhost:9200/_bulk?refresh=false [status:200 duration:0.026s]
2026-06-03 21:35:12,039 INFO Progress: 19880/51354 (64.7/s) — ETA 486s
2026-06-03 21:35:12,041 INFO POST http://localhost:9200/_search/scroll [status:200 duration:0.002s]
2026-06-03 21:35:12,274 INFO HTTP Request: POST https://open.bigmodel.cn/api/paas/v4/embeddings "HTTP/1.1 200 OK"
2026-06-03 21:35:12,356 INFO PUT http://localhost:9200/_bulk?refresh=false [status:200 duration:0.024s]
2026-06-03 21:35:12,356 INFO Progress: 19900/51354 (64.7/s) — ETA 486s
2026-06-03 21:35:12,359 INFO POST http://localhost:9200/_search/scroll [status:200 duration:0.002s]
2026-06-03 21:35:12,528 INFO HTTP Request: POST https://open.bigmodel.cn/api/paas/v4/embeddings "HTTP/1.1 200 OK"
2026-06-03 21:35:12,607 INFO PUT http://localhost:9200/_bulk?refresh=false [status:200 duration:0.025s]
2026-06-03 21:35:12,608 INFO Progress: 19920/51354 (64.7/s) — ETA 486s
2026-06-03 21:35:12,610 INFO POST http://localhost:9200/_search/scroll [status:200 duration:0.002s]
2026-06-03 21:35:12,774 INFO HTTP Request: POST https://open.bigmodel.cn/api/paas/v4/embeddings "HTTP/1.1 200 OK"
2026-06-03 21:35:12,857 INFO PUT http://localhost:9200/_bulk?refresh=false [status:200 duration:0.026s]
2026-06-03 21:35:12,858 INFO Progress: 19940/51354 (64.7/s) — ETA 485s
2026-06-03 21:35:12,860 INFO POST http://localhost:9200/_search/scroll [status:200 duration:0.003s]
2026-06-03 21:35:13,085 INFO HTTP Request: POST https://open.bigmodel.cn/api/paas/v4/embeddings "HTTP/1.1 200 OK"
2026-06-03 21:35:13,149 INFO PUT http://localhost:9200/_bulk?refresh=false [status:200 duration:0.028s]
2026-06-03 21:35:13,150 INFO Progress: 19960/51354 (64.7/s) — ETA 485s
2026-06-03 21:35:13,153 INFO POST http://localhost:9200/_search/scroll [status:200 duration:0.003s]
2026-06-03 21:35:13,337 INFO HTTP Request: POST https://open.bigmodel.cn/api/paas/v4/embeddings "HTTP/1.1 200 OK"
2026-06-03 21:35:13,403 INFO PUT http://localhost:9200/_bulk?refresh=false [status:200 duration:0.024s]
2026-06-03 21:35:13,404 INFO Progress: 19980/51354 (64.8/s) — ETA 484s
2026-06-03 21:35:13,406 INFO POST http://localhost:9200/_search/scroll [status:200 duration:0.002s]
2026-06-03 21:35:13,593 INFO HTTP Request: POST https://open.bigmodel.cn/api/paas/v4/embeddings "HTTP/1.1 200 OK"
2026-06-03 21:35:13,676 INFO PUT http://localhost:9200/_bulk?refresh=false [status:200 duration:0.024s]
2026-06-03 21:35:13,676 INFO Progress: 20000/51354 (64.8/s) — ETA 484s
2026-06-03 21:35:13,679 INFO POST http://localhost:9200/_search/scroll [status:200 duration:0.002s]
2026-06-03 21:35:14,085 INFO HTTP Request: POST https://open.bigmodel.cn/api/paas/v4/embeddings "HTTP/1.1 200 OK"
2026-06-03 21:35:14,165 INFO PUT http://localhost:9200/_bulk?refresh=false [status:200 duration:0.024s]
2026-06-03 21:35:14,165 INFO Progress: 20020/51354 (64.7/s) — ETA 484s
2026-06-03 21:35:14,168 INFO POST http://localhost:9200/_search/scroll [status:200 duration:0.002s]
2026-06-03 21:35:14,651 INFO HTTP Request: POST https://open.bigmodel.cn/api/paas/v4/embeddings "HTTP/1.1 200 OK"
2026-06-03 21:35:14,710 INFO PUT http://localhost:9200/_bulk?refresh=false [status:200 duration:0.025s]
2026-06-03 21:35:14,711 INFO Progress: 20040/51354 (64.7/s) — ETA 484s
2026-06-03 21:35:14,713 INFO POST http://localhost:9200/_search/scroll [status:200 duration:0.002s]
2026-06-03 21:35:14,908 INFO HTTP Request: POST https://open.bigmodel.cn/api/paas/v4/embeddings "HTTP/1.1 200 OK"
2026-06-03 21:35:14,989 INFO PUT http://localhost:9200/_bulk?refresh=false [status:200 duration:0.025s]
2026-06-03 21:35:14,990 INFO Progress: 20060/51354 (64.7/s) — ETA 484s
2026-06-03 21:35:14,992 INFO POST http://localhost:9200/_search/scroll [status:200 duration:0.002s]
2026-06-03 21:35:15,197 INFO HTTP Request: POST https://open.bigmodel.cn/api/paas/v4/embeddings "HTTP/1.1 200 OK"
2026-06-03 21:35:15,271 INFO PUT http://localhost:9200/_bulk?refresh=false [status:200 duration:0.024s]
2026-06-03 21:35:15,271 INFO Progress: 20080/51354 (64.7/s) — ETA 483s
2026-06-03 21:35:15,274 INFO POST http://localhost:9200/_search/scroll [status:200 duration:0.002s]
2026-06-03 21:35:15,456 INFO HTTP Request: POST https://open.bigmodel.cn/api/paas/v4/embeddings "HTTP/1.1 200 OK"
2026-06-03 21:35:15,522 INFO PUT http://localhost:9200/_bulk?refresh=false [status:200 duration:0.028s]
2026-06-03 21:35:15,522 INFO Progress: 20100/51354 (64.7/s) — ETA 483s
2026-06-03 21:35:15,524 INFO POST http://localhost:9200/_search/scroll [status:200 duration:0.002s]
2026-06-03 21:35:15,750 INFO HTTP Request: POST https://open.bigmodel.cn/api/paas/v4/embeddings "HTTP/1.1 200 OK"
2026-06-03 21:35:15,838 INFO PUT http://localhost:9200/_bulk?refresh=false [status:200 duration:0.025s]
2026-06-03 21:35:15,838 INFO Progress: 20120/51354 (64.7/s) — ETA 483s
2026-06-03 21:35:15,840 INFO POST http://localhost:9200/_search/scroll [status:200 duration:0.002s]
2026-06-03 21:35:16,031 INFO HTTP Request: POST https://open.bigmodel.cn/api/paas/v4/embeddings "HTTP/1.1 200 OK"
2026-06-03 21:35:16,102 INFO PUT http://localhost:9200/_bulk?refresh=false [status:200 duration:0.025s]
2026-06-03 21:35:16,103 INFO Progress: 20140/51354 (64.7/s) — ETA 482s
2026-06-03 21:35:16,105 INFO POST http://localhost:9200/_search/scroll [status:200 duration:0.002s]
2026-06-03 21:35:16,276 INFO HTTP Request: POST https://open.bigmodel.cn/api/paas/v4/embeddings "HTTP/1.1 200 OK"
2026-06-03 21:35:16,362 INFO PUT http://localhost:9200/_bulk?refresh=false [status:200 duration:0.027s]
2026-06-03 21:35:16,362 INFO Progress: 20160/51354 (64.7/s) — ETA 482s
2026-06-03 21:35:16,364 INFO POST http://localhost:9200/_search/scroll [status:200 duration:0.002s]
2026-06-03 21:35:16,558 INFO HTTP Request: POST https://open.bigmodel.cn/api/paas/v4/embeddings "HTTP/1.1 200 OK"
2026-06-03 21:35:16,642 INFO PUT http://localhost:9200/_bulk?refresh=false [status:200 duration:0.027s]
2026-06-03 21:35:16,643 INFO Progress: 20180/51354 (64.7/s) — ETA 482s
2026-06-03 21:35:16,645 INFO POST http://localhost:9200/_search/scroll [status:200 duration:0.002s]
2026-06-03 21:35:16,845 INFO HTTP Request: POST https://open.bigmodel.cn/api/paas/v4/embeddings "HTTP/1.1 200 OK"
2026-06-03 21:35:16,927 INFO PUT http://localhost:9200/_bulk?refresh=false [status:200 duration:0.025s]
2026-06-03 21:35:16,927 INFO Progress: 20200/51354 (64.7/s) — ETA 481s
2026-06-03 21:35:16,929 INFO POST http://localhost:9200/_search/scroll [status:200 duration:0.002s]
2026-06-03 21:35:17,108 INFO HTTP Request: POST https://open.bigmodel.cn/api/paas/v4/embeddings "HTTP/1.1 200 OK"
2026-06-03 21:35:17,179 INFO PUT http://localhost:9200/_bulk?refresh=false [status:200 duration:0.025s]
2026-06-03 21:35:17,180 INFO Progress: 20220/51354 (64.7/s) — ETA 481s
2026-06-03 21:35:17,182 INFO POST http://localhost:9200/_search/scroll [status:200 duration:0.002s]
2026-06-03 21:35:17,596 INFO HTTP Request: POST https://open.bigmodel.cn/api/paas/v4/embeddings "HTTP/1.1 200 OK"
2026-06-03 21:35:17,662 INFO PUT http://localhost:9200/_bulk?refresh=false [status:200 duration:0.024s]
2026-06-03 21:35:17,662 INFO Progress: 20240/51354 (64.7/s) — ETA 481s
2026-06-03 21:35:17,664 INFO POST http://localhost:9200/_search/scroll [status:200 duration:0.002s]
2026-06-03 21:35:18,062 INFO HTTP Request: POST https://open.bigmodel.cn/api/paas/v4/embeddings "HTTP/1.1 200 OK"
2026-06-03 21:35:18,140 INFO PUT http://localhost:9200/_bulk?refresh=false [status:200 duration:0.025s]
2026-06-03 21:35:18,141 INFO Progress: 20260/51354 (64.7/s) — ETA 481s
2026-06-03 21:35:18,143 INFO POST http://localhost:9200/_search/scroll [status:200 duration:0.002s]
2026-06-03 21:35:18,333 INFO HTTP Request: POST https://open.bigmodel.cn/api/paas/v4/embeddings "HTTP/1.1 200 OK"
2026-06-03 21:35:18,415 INFO PUT http://localhost:9200/_bulk?refresh=false [status:200 duration:0.026s]
2026-06-03 21:35:18,415 INFO Progress: 20280/51354 (64.7/s) — ETA 480s
2026-06-03 21:35:18,417 INFO POST http://localhost:9200/_search/scroll [status:200 duration:0.002s]
2026-06-03 21:35:18,648 INFO HTTP Request: POST https://open.bigmodel.cn/api/paas/v4/embeddings "HTTP/1.1 200 OK"
2026-06-03 21:35:18,729 INFO PUT http://localhost:9200/_bulk?refresh=false [status:200 duration:0.027s]
2026-06-03 21:35:18,730 INFO Progress: 20300/51354 (64.7/s) — ETA 480s
2026-06-03 21:35:18,732 INFO POST http://localhost:9200/_search/scroll [status:200 duration:0.002s]
2026-06-03 21:35:18,935 INFO HTTP Request: POST https://open.bigmodel.cn/api/paas/v4/embeddings "HTTP/1.1 200 OK"
2026-06-03 21:35:19,024 INFO PUT http://localhost:9200/_bulk?refresh=false [status:200 duration:0.025s]
2026-06-03 21:35:19,024 INFO Progress: 20320/51354 (64.7/s) — ETA 480s
2026-06-03 21:35:19,026 INFO POST http://localhost:9200/_search/scroll [status:200 duration:0.002s]
2026-06-03 21:35:19,241 INFO HTTP Request: POST https://open.bigmodel.cn/api/paas/v4/embeddings "HTTP/1.1 200 OK"
2026-06-03 21:35:19,318 INFO PUT http://localhost:9200/_bulk?refresh=false [status:200 duration:0.026s]
2026-06-03 21:35:19,319 INFO Progress: 20340/51354 (64.7/s) — ETA 479s
2026-06-03 21:35:19,321 INFO POST http://localhost:9200/_search/scroll [status:200 duration:0.002s]
2026-06-03 21:35:19,523 INFO HTTP Request: POST https://open.bigmodel.cn/api/paas/v4/embeddings "HTTP/1.1 200 OK"
2026-06-03 21:35:19,610 INFO PUT http://localhost:9200/_bulk?refresh=false [status:200 duration:0.027s]
2026-06-03 21:35:19,610 INFO Progress: 20360/51354 (64.7/s) — ETA 479s
2026-06-03 21:35:19,612 INFO POST http://localhost:9200/_search/scroll [status:200 duration:0.002s]
2026-06-03 21:35:19,823 INFO HTTP Request: POST https://open.bigmodel.cn/api/paas/v4/embeddings "HTTP/1.1 200 OK"
2026-06-03 21:35:19,904 INFO PUT http://localhost:9200/_bulk?refresh=false [status:200 duration:0.025s]
2026-06-03 21:35:19,904 INFO Progress: 20380/51354 (64.7/s) — ETA 479s
2026-06-03 21:35:19,906 INFO POST http://localhost:9200/_search/scroll [status:200 duration:0.002s]
2026-06-03 21:35:20,117 INFO HTTP Request: POST https://open.bigmodel.cn/api/paas/v4/embeddings "HTTP/1.1 200 OK"
2026-06-03 21:35:20,181 INFO PUT http://localhost:9200/_bulk?refresh=false [status:200 duration:0.026s]
2026-06-03 21:35:20,182 INFO Progress: 20400/51354 (64.7/s) — ETA 478s
2026-06-03 21:35:20,187 INFO POST http://localhost:9200/_search/scroll [status:200 duration:0.005s]
2026-06-03 21:35:20,387 INFO HTTP Request: POST https://open.bigmodel.cn/api/paas/v4/embeddings "HTTP/1.1 200 OK"
2026-06-03 21:35:20,460 INFO PUT http://localhost:9200/_bulk?refresh=false [status:200 duration:0.026s]
2026-06-03 21:35:20,460 INFO Progress: 20420/51354 (64.7/s) — ETA 478s
2026-06-03 21:35:20,463 INFO POST http://localhost:9200/_search/scroll [status:200 duration:0.002s]
2026-06-03 21:35:20,654 INFO HTTP Request: POST https://open.bigmodel.cn/api/paas/v4/embeddings "HTTP/1.1 200 OK"
2026-06-03 21:35:20,737 INFO PUT http://localhost:9200/_bulk?refresh=false [status:200 duration:0.026s]
2026-06-03 21:35:20,738 INFO Progress: 20440/51354 (64.7/s) — ETA 478s
2026-06-03 21:35:20,740 INFO POST http://localhost:9200/_search/scroll [status:200 duration:0.002s]
2026-06-03 21:35:20,960 INFO HTTP Request: POST https://open.bigmodel.cn/api/paas/v4/embeddings "HTTP/1.1 200 OK"
2026-06-03 21:35:21,041 INFO PUT http://localhost:9200/_bulk?refresh=false [status:200 duration:0.026s]
2026-06-03 21:35:21,041 INFO Progress: 20460/51354 (64.7/s) — ETA 477s
2026-06-03 21:35:21,044 INFO POST http://localhost:9200/_search/scroll [status:200 duration:0.002s]
2026-06-03 21:35:21,278 INFO HTTP Request: POST https://open.bigmodel.cn/api/paas/v4/embeddings "HTTP/1.1 200 OK"
2026-06-03 21:35:21,338 INFO PUT http://localhost:9200/_bulk?refresh=false [status:200 duration:0.025s]
2026-06-03 21:35:21,338 INFO Progress: 20480/51354 (64.7/s) — ETA 477s
2026-06-03 21:35:21,340 INFO POST http://localhost:9200/_search/scroll [status:200 duration:0.002s]
2026-06-03 21:35:21,502 INFO HTTP Request: POST https://open.bigmodel.cn/api/paas/v4/embeddings "HTTP/1.1 200 OK"
2026-06-03 21:35:21,587 INFO PUT http://localhost:9200/_bulk?refresh=false [status:200 duration:0.026s]
2026-06-03 21:35:21,587 INFO Progress: 20500/51354 (64.7/s) — ETA 477s
2026-06-03 21:35:21,590 INFO POST http://localhost:9200/_search/scroll [status:200 duration:0.002s]
2026-06-03 21:35:21,817 INFO HTTP Request: POST https://open.bigmodel.cn/api/paas/v4/embeddings "HTTP/1.1 200 OK"
2026-06-03 21:35:21,894 INFO PUT http://localhost:9200/_bulk?refresh=false [status:200 duration:0.026s]
2026-06-03 21:35:21,894 INFO Progress: 20520/51354 (64.7/s) — ETA 476s
2026-06-03 21:35:21,897 INFO POST http://localhost:9200/_search/scroll [status:200 duration:0.002s]
2026-06-03 21:35:22,125 INFO HTTP Request: POST https://open.bigmodel.cn/api/paas/v4/embeddings "HTTP/1.1 200 OK"
2026-06-03 21:35:22,210 INFO PUT http://localhost:9200/_bulk?refresh=false [status:200 duration:0.025s]
2026-06-03 21:35:22,210 INFO Progress: 20540/51354 (64.7/s) — ETA 476s
2026-06-03 21:35:22,212 INFO POST http://localhost:9200/_search/scroll [status:200 duration:0.002s]
2026-06-03 21:35:22,408 INFO HTTP Request: POST https://open.bigmodel.cn/api/paas/v4/embeddings "HTTP/1.1 200 OK"
2026-06-03 21:35:22,494 INFO PUT http://localhost:9200/_bulk?refresh=false [status:200 duration:0.030s]
2026-06-03 21:35:22,494 INFO Progress: 20560/51354 (64.7/s) — ETA 476s
2026-06-03 21:35:22,503 INFO POST http://localhost:9200/_search/scroll [status:200 duration:0.009s]
2026-06-03 21:35:22,726 INFO HTTP Request: POST https://open.bigmodel.cn/api/paas/v4/embeddings "HTTP/1.1 200 OK"
2026-06-03 21:35:22,792 INFO PUT http://localhost:9200/_bulk?refresh=false [status:200 duration:0.030s]
2026-06-03 21:35:22,792 INFO Progress: 20580/51354 (64.7/s) — ETA 475s
2026-06-03 21:35:22,796 INFO POST http://localhost:9200/_search/scroll [status:200 duration:0.004s]
2026-06-03 21:35:23,019 INFO HTTP Request: POST https://open.bigmodel.cn/api/paas/v4/embeddings "HTTP/1.1 200 OK"
2026-06-03 21:35:23,100 INFO PUT http://localhost:9200/_bulk?refresh=false [status:200 duration:0.025s]
2026-06-03 21:35:23,101 INFO Progress: 20600/51354 (64.7/s) — ETA 475s
2026-06-03 21:35:23,103 INFO POST http://localhost:9200/_search/scroll [status:200 duration:0.002s]
2026-06-03 21:35:23,327 INFO HTTP Request: POST https://open.bigmodel.cn/api/paas/v4/embeddings "HTTP/1.1 200 OK"
2026-06-03 21:35:23,406 INFO PUT http://localhost:9200/_bulk?refresh=false [status:200 duration:0.028s]
2026-06-03 21:35:23,406 INFO Progress: 20620/51354 (64.7/s) — ETA 475s
2026-06-03 21:35:23,409 INFO POST http://localhost:9200/_search/scroll [status:200 duration:0.002s]
2026-06-03 21:35:23,678 INFO HTTP Request: POST https://open.bigmodel.cn/api/paas/v4/embeddings "HTTP/1.1 200 OK"
2026-06-03 21:35:23,776 INFO PUT http://localhost:9200/_bulk?refresh=false [status:200 duration:0.034s]
2026-06-03 21:35:23,777 INFO Progress: 20640/51354 (64.7/s) — ETA 475s
2026-06-03 21:35:23,780 INFO POST http://localhost:9200/_search/scroll [status:200 duration:0.003s]
2026-06-03 21:35:24,021 INFO HTTP Request: POST https://open.bigmodel.cn/api/paas/v4/embeddings "HTTP/1.1 200 OK"
2026-06-03 21:35:24,104 INFO PUT http://localhost:9200/_bulk?refresh=false [status:200 duration:0.025s]
2026-06-03 21:35:24,105 INFO Progress: 20660/51354 (64.7/s) — ETA 474s
2026-06-03 21:35:24,107 INFO POST http://localhost:9200/_search/scroll [status:200 duration:0.002s]
2026-06-03 21:35:24,308 INFO HTTP Request: POST https://open.bigmodel.cn/api/paas/v4/embeddings "HTTP/1.1 200 OK"
2026-06-03 21:35:24,378 INFO PUT http://localhost:9200/_bulk?refresh=false [status:200 duration:0.040s]
2026-06-03 21:35:24,378 INFO Progress: 20680/51354 (64.7/s) — ETA 474s
2026-06-03 21:35:24,382 INFO POST http://localhost:9200/_search/scroll [status:200 duration:0.003s]
2026-06-03 21:35:24,576 INFO HTTP Request: POST https://open.bigmodel.cn/api/paas/v4/embeddings "HTTP/1.1 200 OK"
2026-06-03 21:35:24,673 INFO PUT http://localhost:9200/_bulk?refresh=false [status:200 duration:0.033s]
2026-06-03 21:35:24,673 INFO Progress: 20700/51354 (64.7/s) — ETA 474s
2026-06-03 21:35:24,676 INFO POST http://localhost:9200/_search/scroll [status:200 duration:0.003s]
2026-06-03 21:35:24,891 INFO HTTP Request: POST https://open.bigmodel.cn/api/paas/v4/embeddings "HTTP/1.1 200 OK"
2026-06-03 21:35:24,961 INFO PUT http://localhost:9200/_bulk?refresh=false [status:200 duration:0.028s]
2026-06-03 21:35:24,962 INFO Progress: 20720/51354 (64.7/s) — ETA 473s
2026-06-03 21:35:24,964 INFO POST http://localhost:9200/_search/scroll [status:200 duration:0.002s]
2026-06-03 21:35:25,153 INFO HTTP Request: POST https://open.bigmodel.cn/api/paas/v4/embeddings "HTTP/1.1 200 OK"
2026-06-03 21:35:25,233 INFO PUT http://localhost:9200/_bulk?refresh=false [status:200 duration:0.029s]
2026-06-03 21:35:25,233 INFO Progress: 20740/51354 (64.7/s) — ETA 473s
2026-06-03 21:35:25,236 INFO POST http://localhost:9200/_search/scroll [status:200 duration:0.002s]
2026-06-03 21:35:25,422 INFO HTTP Request: POST https://open.bigmodel.cn/api/paas/v4/embeddings "HTTP/1.1 200 OK"
2026-06-03 21:35:25,485 INFO PUT http://localhost:9200/_bulk?refresh=false [status:200 duration:0.025s]
2026-06-03 21:35:25,485 INFO Progress: 20760/51354 (64.7/s) — ETA 472s
2026-06-03 21:35:25,488 INFO POST http://localhost:9200/_search/scroll [status:200 duration:0.002s]
2026-06-03 21:35:25,704 INFO HTTP Request: POST https://open.bigmodel.cn/api/paas/v4/embeddings "HTTP/1.1 200 OK"
2026-06-03 21:35:25,792 INFO PUT http://localhost:9200/_bulk?refresh=false [status:200 duration:0.027s]
2026-06-03 21:35:25,792 INFO Progress: 20780/51354 (64.7/s) — ETA 472s
2026-06-03 21:35:25,794 INFO POST http://localhost:9200/_search/scroll [status:200 duration:0.002s]
2026-06-03 21:35:26,017 INFO HTTP Request: POST https://open.bigmodel.cn/api/paas/v4/embeddings "HTTP/1.1 200 OK"
2026-06-03 21:35:26,081 INFO PUT http://localhost:9200/_bulk?refresh=false [status:200 duration:0.028s]
2026-06-03 21:35:26,081 INFO Progress: 20800/51354 (64.8/s) — ETA 472s
2026-06-03 21:35:26,084 INFO POST http://localhost:9200/_search/scroll [status:200 duration:0.003s]
2026-06-03 21:35:26,293 INFO HTTP Request: POST https://open.bigmodel.cn/api/paas/v4/embeddings "HTTP/1.1 200 OK"
2026-06-03 21:35:26,362 INFO PUT http://localhost:9200/_bulk?refresh=false [status:200 duration:0.026s]
2026-06-03 21:35:26,363 INFO Progress: 20820/51354 (64.8/s) — ETA 471s
2026-06-03 21:35:26,365 INFO POST http://localhost:9200/_search/scroll [status:200 duration:0.002s]
2026-06-03 21:35:26,569 INFO HTTP Request: POST https://open.bigmodel.cn/api/paas/v4/embeddings "HTTP/1.1 200 OK"
2026-06-03 21:35:26,652 INFO PUT http://localhost:9200/_bulk?refresh=false [status:200 duration:0.026s]
2026-06-03 21:35:26,652 INFO Progress: 20840/51354 (64.8/s) — ETA 471s
2026-06-03 21:35:26,655 INFO POST http://localhost:9200/_search/scroll [status:200 duration:0.002s]
2026-06-03 21:35:26,855 INFO HTTP Request: POST https://open.bigmodel.cn/api/paas/v4/embeddings "HTTP/1.1 200 OK"
2026-06-03 21:35:26,923 INFO PUT http://localhost:9200/_bulk?refresh=false [status:200 duration:0.028s]
2026-06-03 21:35:26,923 INFO Progress: 20860/51354 (64.8/s) — ETA 471s
2026-06-03 21:35:26,926 INFO POST http://localhost:9200/_search/scroll [status:200 duration:0.002s]
2026-06-03 21:35:27,100 INFO HTTP Request: POST https://open.bigmodel.cn/api/paas/v4/embeddings "HTTP/1.1 200 OK"
2026-06-03 21:35:27,177 INFO PUT http://localhost:9200/_bulk?refresh=false [status:200 duration:0.027s]
2026-06-03 21:35:27,178 INFO Progress: 20880/51354 (64.8/s) — ETA 470s
2026-06-03 21:35:27,180 INFO POST http://localhost:9200/_search/scroll [status:200 duration:0.002s]
2026-06-03 21:35:27,370 INFO HTTP Request: POST https://open.bigmodel.cn/api/paas/v4/embeddings "HTTP/1.1 200 OK"
2026-06-03 21:35:27,442 INFO PUT http://localhost:9200/_bulk?refresh=false [status:200 duration:0.026s]
2026-06-03 21:35:27,442 INFO Progress: 20900/51354 (64.8/s) — ETA 470s
2026-06-03 21:35:27,444 INFO POST http://localhost:9200/_search/scroll [status:200 duration:0.002s]
2026-06-03 21:35:27,671 INFO HTTP Request: POST https://open.bigmodel.cn/api/paas/v4/embeddings "HTTP/1.1 200 OK"
2026-06-03 21:35:27,750 INFO PUT http://localhost:9200/_bulk?refresh=false [status:200 duration:0.028s]
2026-06-03 21:35:27,751 INFO Progress: 20920/51354 (64.8/s) — ETA 470s
2026-06-03 21:35:27,753 INFO POST http://localhost:9200/_search/scroll [status:200 duration:0.002s]
2026-06-03 21:35:27,947 INFO HTTP Request: POST https://open.bigmodel.cn/api/paas/v4/embeddings "HTTP/1.1 200 OK"
2026-06-03 21:35:28,024 INFO PUT http://localhost:9200/_bulk?refresh=false [status:200 duration:0.026s]
2026-06-03 21:35:28,024 INFO Progress: 20940/51354 (64.8/s) — ETA 469s
2026-06-03 21:35:28,026 INFO POST http://localhost:9200/_search/scroll [status:200 duration:0.002s]
2026-06-03 21:35:28,225 INFO HTTP Request: POST https://open.bigmodel.cn/api/paas/v4/embeddings "HTTP/1.1 200 OK"
2026-06-03 21:35:28,314 INFO PUT http://localhost:9200/_bulk?refresh=false [status:200 duration:0.028s]
2026-06-03 21:35:28,314 INFO Progress: 20960/51354 (64.8/s) — ETA 469s
2026-06-03 21:35:28,317 INFO POST http://localhost:9200/_search/scroll [status:200 duration:0.002s]
2026-06-03 21:35:29,863 INFO HTTP Request: POST https://open.bigmodel.cn/api/paas/v4/embeddings "HTTP/1.1 200 OK"
2026-06-03 21:35:29,937 INFO PUT http://localhost:9200/_bulk?refresh=false [status:200 duration:0.031s]
2026-06-03 21:35:29,937 INFO Progress: 20980/51354 (64.5/s) — ETA 471s
2026-06-03 21:35:29,940 INFO POST http://localhost:9200/_search/scroll [status:200 duration:0.002s]
2026-06-03 21:35:30,124 INFO HTTP Request: POST https://open.bigmodel.cn/api/paas/v4/embeddings "HTTP/1.1 200 OK"
2026-06-03 21:35:30,205 INFO PUT http://localhost:9200/_bulk?refresh=false [status:200 duration:0.026s]
2026-06-03 21:35:30,206 INFO Progress: 21000/51354 (64.5/s) — ETA 470s
2026-06-03 21:35:30,208 INFO POST http://localhost:9200/_search/scroll [status:200 duration:0.002s]
2026-06-03 21:35:30,396 INFO HTTP Request: POST https://open.bigmodel.cn/api/paas/v4/embeddings "HTTP/1.1 200 OK"
2026-06-03 21:35:30,458 INFO PUT http://localhost:9200/_bulk?refresh=false [status:200 duration:0.026s]
2026-06-03 21:35:30,459 INFO Progress: 21020/51354 (64.6/s) — ETA 470s
2026-06-03 21:35:30,461 INFO POST http://localhost:9200/_search/scroll [status:200 duration:0.002s]
2026-06-03 21:35:30,641 INFO HTTP Request: POST https://open.bigmodel.cn/api/paas/v4/embeddings "HTTP/1.1 200 OK"
2026-06-03 21:35:30,706 INFO PUT http://localhost:9200/_bulk?refresh=false [status:200 duration:0.026s]
2026-06-03 21:35:30,706 INFO Progress: 21040/51354 (64.6/s) — ETA 469s
2026-06-03 21:35:30,709 INFO POST http://localhost:9200/_search/scroll [status:200 duration:0.002s]
2026-06-03 21:35:30,999 INFO HTTP Request: POST https://open.bigmodel.cn/api/paas/v4/embeddings "HTTP/1.1 200 OK"
2026-06-03 21:35:31,075 INFO PUT http://localhost:9200/_bulk?refresh=false [status:200 duration:0.043s]
2026-06-03 21:35:31,076 INFO Progress: 21060/51354 (64.6/s) — ETA 469s
2026-06-03 21:35:31,079 INFO POST http://localhost:9200/_search/scroll [status:200 duration:0.003s]
2026-06-03 21:35:31,273 INFO HTTP Request: POST https://open.bigmodel.cn/api/paas/v4/embeddings "HTTP/1.1 200 OK"
2026-06-03 21:35:31,350 INFO PUT http://localhost:9200/_bulk?refresh=false [status:200 duration:0.026s]
2026-06-03 21:35:31,350 INFO Progress: 21080/51354 (64.6/s) — ETA 469s
2026-06-03 21:35:31,353 INFO POST http://localhost:9200/_search/scroll [status:200 duration:0.002s]
2026-06-03 21:35:31,626 INFO HTTP Request: POST https://open.bigmodel.cn/api/paas/v4/embeddings "HTTP/1.1 200 OK"
2026-06-03 21:35:31,709 INFO PUT http://localhost:9200/_bulk?refresh=false [status:200 duration:0.026s]
2026-06-03 21:35:31,709 INFO Progress: 21100/51354 (64.6/s) — ETA 469s
2026-06-03 21:35:31,712 INFO POST http://localhost:9200/_search/scroll [status:200 duration:0.003s]
2026-06-03 21:35:31,886 INFO HTTP Request: POST https://open.bigmodel.cn/api/paas/v4/embeddings "HTTP/1.1 200 OK"
2026-06-03 21:35:31,970 INFO PUT http://localhost:9200/_bulk?refresh=false [status:200 duration:0.027s]
2026-06-03 21:35:31,970 INFO Progress: 21120/51354 (64.6/s) — ETA 468s
2026-06-03 21:35:31,974 INFO POST http://localhost:9200/_search/scroll [status:200 duration:0.003s]
2026-06-03 21:35:32,255 INFO HTTP Request: POST https://open.bigmodel.cn/api/paas/v4/embeddings "HTTP/1.1 200 OK"
2026-06-03 21:35:32,346 INFO PUT http://localhost:9200/_bulk?refresh=false [status:200 duration:0.029s]
2026-06-03 21:35:32,346 INFO Progress: 21140/51354 (64.6/s) — ETA 468s
2026-06-03 21:35:32,349 INFO POST http://localhost:9200/_search/scroll [status:200 duration:0.003s]
2026-06-03 21:35:32,549 INFO HTTP Request: POST https://open.bigmodel.cn/api/paas/v4/embeddings "HTTP/1.1 200 OK"
2026-06-03 21:35:32,612 INFO PUT http://localhost:9200/_bulk?refresh=false [status:200 duration:0.028s]
2026-06-03 21:35:32,613 INFO Progress: 21160/51354 (64.6/s) — ETA 468s
2026-06-03 21:35:32,615 INFO POST http://localhost:9200/_search/scroll [status:200 duration:0.003s]
2026-06-03 21:35:32,806 INFO HTTP Request: POST https://open.bigmodel.cn/api/paas/v4/embeddings "HTTP/1.1 200 OK"
2026-06-03 21:35:32,893 INFO PUT http://localhost:9200/_bulk?refresh=false [status:200 duration:0.027s]
2026-06-03 21:35:32,893 INFO Progress: 21180/51354 (64.6/s) — ETA 467s
2026-06-03 21:35:32,896 INFO POST http://localhost:9200/_search/scroll [status:200 duration:0.002s]
2026-06-03 21:35:33,115 INFO HTTP Request: POST https://open.bigmodel.cn/api/paas/v4/embeddings "HTTP/1.1 200 OK"
2026-06-03 21:35:33,206 INFO PUT http://localhost:9200/_bulk?refresh=false [status:200 duration:0.027s]
2026-06-03 21:35:33,207 INFO Progress: 21200/51354 (64.6/s) — ETA 467s
2026-06-03 21:35:33,209 INFO POST http://localhost:9200/_search/scroll [status:200 duration:0.002s]
2026-06-03 21:35:33,450 INFO HTTP Request: POST https://open.bigmodel.cn/api/paas/v4/embeddings "HTTP/1.1 200 OK"
2026-06-03 21:35:33,537 INFO PUT http://localhost:9200/_bulk?refresh=false [status:200 duration:0.051s]
2026-06-03 21:35:33,537 INFO Progress: 21220/51354 (64.6/s) — ETA 467s
2026-06-03 21:35:33,543 INFO POST http://localhost:9200/_search/scroll [status:200 duration:0.006s]
2026-06-03 21:35:33,763 INFO HTTP Request: POST https://open.bigmodel.cn/api/paas/v4/embeddings "HTTP/1.1 200 OK"
2026-06-03 21:35:33,830 INFO PUT http://localhost:9200/_bulk?refresh=false [status:200 duration:0.032s]
2026-06-03 21:35:33,830 INFO Progress: 21240/51354 (64.6/s) — ETA 466s
2026-06-03 21:35:33,834 INFO POST http://localhost:9200/_search/scroll [status:200 duration:0.004s]
2026-06-03 21:35:34,072 INFO HTTP Request: POST https://open.bigmodel.cn/api/paas/v4/embeddings "HTTP/1.1 200 OK"
2026-06-03 21:35:34,166 INFO PUT http://localhost:9200/_bulk?refresh=false [status:200 duration:0.029s]
2026-06-03 21:35:34,167 INFO Progress: 21260/51354 (64.6/s) — ETA 466s
2026-06-03 21:35:34,169 INFO POST http://localhost:9200/_search/scroll [status:200 duration:0.002s]
2026-06-03 21:35:34,352 INFO HTTP Request: POST https://open.bigmodel.cn/api/paas/v4/embeddings "HTTP/1.1 200 OK"
2026-06-03 21:35:34,436 INFO PUT http://localhost:9200/_bulk?refresh=false [status:200 duration:0.028s]
2026-06-03 21:35:34,437 INFO Progress: 21280/51354 (64.6/s) — ETA 466s
2026-06-03 21:35:34,440 INFO POST http://localhost:9200/_search/scroll [status:200 duration:0.003s]
2026-06-03 21:35:34,620 INFO HTTP Request: POST https://open.bigmodel.cn/api/paas/v4/embeddings "HTTP/1.1 200 OK"
2026-06-03 21:35:34,684 INFO PUT http://localhost:9200/_bulk?refresh=false [status:200 duration:0.028s]
2026-06-03 21:35:34,685 INFO Progress: 21300/51354 (64.6/s) — ETA 465s
2026-06-03 21:35:34,687 INFO POST http://localhost:9200/_search/scroll [status:200 duration:0.003s]
2026-06-03 21:35:34,924 INFO HTTP Request: POST https://open.bigmodel.cn/api/paas/v4/embeddings "HTTP/1.1 200 OK"
2026-06-03 21:35:35,020 INFO PUT http://localhost:9200/_bulk?refresh=false [status:200 duration:0.033s]
2026-06-03 21:35:35,020 INFO Progress: 21320/51354 (64.6/s) — ETA 465s
2026-06-03 21:35:35,023 INFO POST http://localhost:9200/_search/scroll [status:200 duration:0.003s]
2026-06-03 21:35:35,220 INFO HTTP Request: POST https://open.bigmodel.cn/api/paas/v4/embeddings "HTTP/1.1 200 OK"
2026-06-03 21:35:35,306 INFO PUT http://localhost:9200/_bulk?refresh=false [status:200 duration:0.030s]
2026-06-03 21:35:35,306 INFO Progress: 21340/51354 (64.6/s) — ETA 465s
2026-06-03 21:35:35,309 INFO POST http://localhost:9200/_search/scroll [status:200 duration:0.002s]
2026-06-03 21:35:35,497 INFO HTTP Request: POST https://open.bigmodel.cn/api/paas/v4/embeddings "HTTP/1.1 200 OK"
2026-06-03 21:35:35,576 INFO PUT http://localhost:9200/_bulk?refresh=false [status:200 duration:0.029s]
2026-06-03 21:35:35,576 INFO Progress: 21360/51354 (64.6/s) — ETA 464s
2026-06-03 21:35:35,579 INFO POST http://localhost:9200/_search/scroll [status:200 duration:0.003s]
2026-06-03 21:35:35,782 INFO HTTP Request: POST https://open.bigmodel.cn/api/paas/v4/embeddings "HTTP/1.1 200 OK"
2026-06-03 21:35:35,858 INFO PUT http://localhost:9200/_bulk?refresh=false [status:200 duration:0.029s]
2026-06-03 21:35:35,858 INFO Progress: 21380/51354 (64.6/s) — ETA 464s
2026-06-03 21:35:35,861 INFO POST http://localhost:9200/_search/scroll [status:200 duration:0.003s]
2026-06-03 21:35:36,037 INFO HTTP Request: POST https://open.bigmodel.cn/api/paas/v4/embeddings "HTTP/1.1 200 OK"
2026-06-03 21:35:36,120 INFO PUT http://localhost:9200/_bulk?refresh=false [status:200 duration:0.043s]
2026-06-03 21:35:36,120 INFO Progress: 21400/51354 (64.6/s) — ETA 464s
2026-06-03 21:35:36,122 INFO POST http://localhost:9200/_search/scroll [status:200 duration:0.002s]
2026-06-03 21:35:36,297 INFO HTTP Request: POST https://open.bigmodel.cn/api/paas/v4/embeddings "HTTP/1.1 200 OK"
2026-06-03 21:35:36,353 INFO PUT http://localhost:9200/_bulk?refresh=false [status:200 duration:0.026s]
2026-06-03 21:35:36,353 INFO Progress: 21420/51354 (64.6/s) — ETA 463s
2026-06-03 21:35:36,355 INFO POST http://localhost:9200/_search/scroll [status:200 duration:0.002s]
2026-06-03 21:35:36,549 INFO HTTP Request: POST https://open.bigmodel.cn/api/paas/v4/embeddings "HTTP/1.1 200 OK"
2026-06-03 21:35:36,632 INFO PUT http://localhost:9200/_bulk?refresh=false [status:200 duration:0.030s]
2026-06-03 21:35:36,633 INFO Progress: 21440/51354 (64.6/s) — ETA 463s
2026-06-03 21:35:36,635 INFO POST http://localhost:9200/_search/scroll [status:200 duration:0.002s]
2026-06-03 21:35:37,085 INFO HTTP Request: POST https://open.bigmodel.cn/api/paas/v4/embeddings "HTTP/1.1 200 OK"
2026-06-03 21:35:37,171 INFO PUT http://localhost:9200/_bulk?refresh=false [status:200 duration:0.027s]
2026-06-03 21:35:37,172 INFO Progress: 21460/51354 (64.6/s) — ETA 463s
2026-06-03 21:35:37,174 INFO POST http://localhost:9200/_search/scroll [status:200 duration:0.002s]
2026-06-03 21:35:37,396 INFO HTTP Request: POST https://open.bigmodel.cn/api/paas/v4/embeddings "HTTP/1.1 200 OK"
2026-06-03 21:35:37,475 INFO PUT http://localhost:9200/_bulk?refresh=false [status:200 duration:0.029s]
2026-06-03 21:35:37,475 INFO Progress: 21480/51354 (64.6/s) — ETA 463s
2026-06-03 21:35:37,477 INFO POST http://localhost:9200/_search/scroll [status:200 duration:0.002s]
2026-06-03 21:35:37,895 INFO HTTP Request: POST https://open.bigmodel.cn/api/paas/v4/embeddings "HTTP/1.1 200 OK"
2026-06-03 21:35:37,977 INFO PUT http://localhost:9200/_bulk?refresh=false [status:200 duration:0.028s]
2026-06-03 21:35:37,977 INFO Progress: 21500/51354 (64.5/s) — ETA 463s
2026-06-03 21:35:37,979 INFO POST http://localhost:9200/_search/scroll [status:200 duration:0.002s]
2026-06-03 21:35:38,436 INFO HTTP Request: POST https://open.bigmodel.cn/api/paas/v4/embeddings "HTTP/1.1 200 OK"
2026-06-03 21:35:38,513 INFO PUT http://localhost:9200/_bulk?refresh=false [status:200 duration:0.029s]
2026-06-03 21:35:38,514 INFO Progress: 21520/51354 (64.5/s) — ETA 463s
2026-06-03 21:35:38,516 INFO POST http://localhost:9200/_search/scroll [status:200 duration:0.002s]
2026-06-03 21:35:38,717 INFO HTTP Request: POST https://open.bigmodel.cn/api/paas/v4/embeddings "HTTP/1.1 200 OK"
2026-06-03 21:35:38,792 INFO PUT http://localhost:9200/_bulk?refresh=false [status:200 duration:0.029s]
2026-06-03 21:35:38,793 INFO Progress: 21540/51354 (64.5/s) — ETA 462s
2026-06-03 21:35:38,795 INFO POST http://localhost:9200/_search/scroll [status:200 duration:0.002s]
2026-06-03 21:35:38,973 INFO HTTP Request: POST https://open.bigmodel.cn/api/paas/v4/embeddings "HTTP/1.1 200 OK"
2026-06-03 21:35:39,042 INFO PUT http://localhost:9200/_bulk?refresh=false [status:200 duration:0.026s]
2026-06-03 21:35:39,042 INFO Progress: 21560/51354 (64.5/s) — ETA 462s
2026-06-03 21:35:39,044 INFO POST http://localhost:9200/_search/scroll [status:200 duration:0.002s]
2026-06-03 21:35:39,275 INFO HTTP Request: POST https://open.bigmodel.cn/api/paas/v4/embeddings "HTTP/1.1 200 OK"
2026-06-03 21:35:39,354 INFO PUT http://localhost:9200/_bulk?refresh=false [status:200 duration:0.026s]
2026-06-03 21:35:39,355 INFO Progress: 21580/51354 (64.5/s) — ETA 461s
2026-06-03 21:35:39,357 INFO POST http://localhost:9200/_search/scroll [status:200 duration:0.002s]
2026-06-03 21:35:39,553 INFO HTTP Request: POST https://open.bigmodel.cn/api/paas/v4/embeddings "HTTP/1.1 200 OK"
2026-06-03 21:35:39,636 INFO PUT http://localhost:9200/_bulk?refresh=false [status:200 duration:0.028s]
2026-06-03 21:35:39,636 INFO Progress: 21600/51354 (64.5/s) — ETA 461s
2026-06-03 21:35:39,639 INFO POST http://localhost:9200/_search/scroll [status:200 duration:0.002s]
2026-06-03 21:35:39,861 INFO HTTP Request: POST https://open.bigmodel.cn/api/paas/v4/embeddings "HTTP/1.1 200 OK"
2026-06-03 21:35:39,935 INFO PUT http://localhost:9200/_bulk?refresh=false [status:200 duration:0.028s]
2026-06-03 21:35:39,935 INFO Progress: 21620/51354 (64.5/s) — ETA 461s
2026-06-03 21:35:39,938 INFO POST http://localhost:9200/_search/scroll [status:200 duration:0.002s]
2026-06-03 21:35:40,168 INFO HTTP Request: POST https://open.bigmodel.cn/api/paas/v4/embeddings "HTTP/1.1 200 OK"
2026-06-03 21:35:40,238 INFO PUT http://localhost:9200/_bulk?refresh=false [status:200 duration:0.028s]
2026-06-03 21:35:40,239 INFO Progress: 21640/51354 (64.5/s) — ETA 461s
2026-06-03 21:35:40,241 INFO POST http://localhost:9200/_search/scroll [status:200 duration:0.002s]
2026-06-03 21:35:40,418 INFO HTTP Request: POST https://open.bigmodel.cn/api/paas/v4/embeddings "HTTP/1.1 200 OK"
2026-06-03 21:35:40,474 INFO PUT http://localhost:9200/_bulk?refresh=false [status:200 duration:0.028s]
2026-06-03 21:35:40,474 INFO Progress: 21660/51354 (64.5/s) — ETA 460s
2026-06-03 21:35:40,477 INFO POST http://localhost:9200/_search/scroll [status:200 duration:0.002s]
2026-06-03 21:35:40,678 INFO HTTP Request: POST https://open.bigmodel.cn/api/paas/v4/embeddings "HTTP/1.1 200 OK"
2026-06-03 21:35:40,742 INFO PUT http://localhost:9200/_bulk?refresh=false [status:200 duration:0.028s]
2026-06-03 21:35:40,742 INFO Progress: 21680/51354 (64.5/s) — ETA 460s
2026-06-03 21:35:40,744 INFO POST http://localhost:9200/_search/scroll [status:200 duration:0.002s]
2026-06-03 21:35:40,952 INFO HTTP Request: POST https://open.bigmodel.cn/api/paas/v4/embeddings "HTTP/1.1 200 OK"
2026-06-03 21:35:41,039 INFO PUT http://localhost:9200/_bulk?refresh=false [status:200 duration:0.027s]
2026-06-03 21:35:41,039 INFO Progress: 21700/51354 (64.5/s) — ETA 459s
2026-06-03 21:35:41,042 INFO POST http://localhost:9200/_search/scroll [status:200 duration:0.003s]
2026-06-03 21:35:41,224 INFO HTTP Request: POST https://open.bigmodel.cn/api/paas/v4/embeddings "HTTP/1.1 200 OK"
2026-06-03 21:35:41,305 INFO PUT http://localhost:9200/_bulk?refresh=false [status:200 duration:0.026s]
2026-06-03 21:35:41,305 INFO Progress: 21720/51354 (64.6/s) — ETA 459s
2026-06-03 21:35:41,307 INFO POST http://localhost:9200/_search/scroll [status:200 duration:0.002s]
2026-06-03 21:35:41,522 INFO HTTP Request: POST https://open.bigmodel.cn/api/paas/v4/embeddings "HTTP/1.1 200 OK"
2026-06-03 21:35:41,606 INFO PUT http://localhost:9200/_bulk?refresh=false [status:200 duration:0.027s]
2026-06-03 21:35:41,606 INFO Progress: 21740/51354 (64.6/s) — ETA 459s
2026-06-03 21:35:41,609 INFO POST http://localhost:9200/_search/scroll [status:200 duration:0.002s]
2026-06-03 21:35:41,795 INFO HTTP Request: POST https://open.bigmodel.cn/api/paas/v4/embeddings "HTTP/1.1 200 OK"
2026-06-03 21:35:41,859 INFO PUT http://localhost:9200/_bulk?refresh=false [status:200 duration:0.026s]
2026-06-03 21:35:41,859 INFO Progress: 21760/51354 (64.6/s) — ETA 458s
2026-06-03 21:35:41,861 INFO POST http://localhost:9200/_search/scroll [status:200 duration:0.002s]
2026-06-03 21:35:42,046 INFO HTTP Request: POST https://open.bigmodel.cn/api/paas/v4/embeddings "HTTP/1.1 200 OK"
2026-06-03 21:35:42,133 INFO PUT http://localhost:9200/_bulk?refresh=false [status:200 duration:0.029s]
2026-06-03 21:35:42,133 INFO Progress: 21780/51354 (64.6/s) — ETA 458s
2026-06-03 21:35:42,136 INFO POST http://localhost:9200/_search/scroll [status:200 duration:0.002s]
2026-06-03 21:35:42,330 INFO HTTP Request: POST https://open.bigmodel.cn/api/paas/v4/embeddings "HTTP/1.1 200 OK"
2026-06-03 21:35:42,421 INFO PUT http://localhost:9200/_bulk?refresh=false [status:200 duration:0.033s]
2026-06-03 21:35:42,421 INFO Progress: 21800/51354 (64.6/s) — ETA 458s
2026-06-03 21:35:42,424 INFO POST http://localhost:9200/_search/scroll [status:200 duration:0.002s]
2026-06-03 21:35:42,592 INFO HTTP Request: POST https://open.bigmodel.cn/api/paas/v4/embeddings "HTTP/1.1 200 OK"
2026-06-03 21:35:42,681 INFO PUT http://localhost:9200/_bulk?refresh=false [status:200 duration:0.027s]
2026-06-03 21:35:42,681 INFO Progress: 21820/51354 (64.6/s) — ETA 457s
2026-06-03 21:35:42,684 INFO POST http://localhost:9200/_search/scroll [status:200 duration:0.002s]
2026-06-03 21:35:42,892 INFO HTTP Request: POST https://open.bigmodel.cn/api/paas/v4/embeddings "HTTP/1.1 200 OK"
2026-06-03 21:35:42,966 INFO PUT http://localhost:9200/_bulk?refresh=false [status:200 duration:0.030s]
2026-06-03 21:35:42,966 INFO Progress: 21840/51354 (64.6/s) — ETA 457s
2026-06-03 21:35:42,968 INFO POST http://localhost:9200/_search/scroll [status:200 duration:0.002s]
2026-06-03 21:35:43,127 INFO HTTP Request: POST https://open.bigmodel.cn/api/paas/v4/embeddings "HTTP/1.1 200 OK"
2026-06-03 21:35:43,211 INFO PUT http://localhost:9200/_bulk?refresh=false [status:200 duration:0.029s]
2026-06-03 21:35:43,211 INFO Progress: 21860/51354 (64.6/s) — ETA 457s
2026-06-03 21:35:43,214 INFO POST http://localhost:9200/_search/scroll [status:200 duration:0.002s]
2026-06-03 21:35:43,399 INFO HTTP Request: POST https://open.bigmodel.cn/api/paas/v4/embeddings "HTTP/1.1 200 OK"
2026-06-03 21:35:43,480 INFO PUT http://localhost:9200/_bulk?refresh=false [status:200 duration:0.026s]
2026-06-03 21:35:43,480 INFO Progress: 21880/51354 (64.6/s) — ETA 456s
2026-06-03 21:35:43,482 INFO POST http://localhost:9200/_search/scroll [status:200 duration:0.002s]
2026-06-03 21:35:43,645 INFO HTTP Request: POST https://open.bigmodel.cn/api/paas/v4/embeddings "HTTP/1.1 200 OK"
2026-06-03 21:35:43,722 INFO PUT http://localhost:9200/_bulk?refresh=false [status:200 duration:0.026s]
2026-06-03 21:35:43,722 INFO Progress: 21900/51354 (64.6/s) — ETA 456s
2026-06-03 21:35:43,725 INFO POST http://localhost:9200/_search/scroll [status:200 duration:0.002s]
2026-06-03 21:35:43,961 INFO HTTP Request: POST https://open.bigmodel.cn/api/paas/v4/embeddings "HTTP/1.1 200 OK"
2026-06-03 21:35:44,038 INFO PUT http://localhost:9200/_bulk?refresh=false [status:200 duration:0.027s]
2026-06-03 21:35:44,038 INFO Progress: 21920/51354 (64.6/s) — ETA 455s
2026-06-03 21:35:44,040 INFO POST http://localhost:9200/_search/scroll [status:200 duration:0.002s]
2026-06-03 21:35:44,247 INFO HTTP Request: POST https://open.bigmodel.cn/api/paas/v4/embeddings "HTTP/1.1 200 OK"
2026-06-03 21:35:44,338 INFO PUT http://localhost:9200/_bulk?refresh=false [status:200 duration:0.028s]
2026-06-03 21:35:44,339 INFO Progress: 21940/51354 (64.6/s) — ETA 455s
2026-06-03 21:35:44,341 INFO POST http://localhost:9200/_search/scroll [status:200 duration:0.002s]
2026-06-03 21:35:44,516 INFO HTTP Request: POST https://open.bigmodel.cn/api/paas/v4/embeddings "HTTP/1.1 200 OK"
2026-06-03 21:35:44,606 INFO PUT http://localhost:9200/_bulk?refresh=false [status:200 duration:0.026s]
2026-06-03 21:35:44,606 INFO Progress: 21960/51354 (64.6/s) — ETA 455s
2026-06-03 21:35:44,608 INFO POST http://localhost:9200/_search/scroll [status:200 duration:0.002s]
2026-06-03 21:35:44,808 INFO HTTP Request: POST https://open.bigmodel.cn/api/paas/v4/embeddings "HTTP/1.1 200 OK"
2026-06-03 21:35:44,897 INFO PUT http://localhost:9200/_bulk?refresh=false [status:200 duration:0.031s]
2026-06-03 21:35:44,897 INFO Progress: 21980/51354 (64.6/s) — ETA 454s
2026-06-03 21:35:44,899 INFO POST http://localhost:9200/_search/scroll [status:200 duration:0.002s]
2026-06-03 21:35:45,065 INFO HTTP Request: POST https://open.bigmodel.cn/api/paas/v4/embeddings "HTTP/1.1 200 OK"
2026-06-03 21:35:45,146 INFO PUT http://localhost:9200/_bulk?refresh=false [status:200 duration:0.029s]
2026-06-03 21:35:45,146 INFO Progress: 22000/51354 (64.7/s) — ETA 454s
2026-06-03 21:35:45,149 INFO POST http://localhost:9200/_search/scroll [status:200 duration:0.002s]
2026-06-03 21:35:45,368 INFO HTTP Request: POST https://open.bigmodel.cn/api/paas/v4/embeddings "HTTP/1.1 200 OK"
2026-06-03 21:35:45,459 INFO PUT http://localhost:9200/_bulk?refresh=false [status:200 duration:0.028s]
2026-06-03 21:35:45,460 INFO Progress: 22020/51354 (64.7/s) — ETA 454s
2026-06-03 21:35:45,462 INFO POST http://localhost:9200/_search/scroll [status:200 duration:0.002s]
2026-06-03 21:35:45,651 INFO HTTP Request: POST https://open.bigmodel.cn/api/paas/v4/embeddings "HTTP/1.1 200 OK"
2026-06-03 21:35:45,744 INFO PUT http://localhost:9200/_bulk?refresh=false [status:200 duration:0.029s]
2026-06-03 21:35:45,744 INFO Progress: 22040/51354 (64.7/s) — ETA 453s
2026-06-03 21:35:45,746 INFO POST http://localhost:9200/_search/scroll [status:200 duration:0.002s]
2026-06-03 21:35:45,937 INFO HTTP Request: POST https://open.bigmodel.cn/api/paas/v4/embeddings "HTTP/1.1 200 OK"
2026-06-03 21:35:46,023 INFO PUT http://localhost:9200/_bulk?refresh=false [status:200 duration:0.026s]
2026-06-03 21:35:46,023 INFO Progress: 22060/51354 (64.7/s) — ETA 453s
2026-06-03 21:35:46,026 INFO POST http://localhost:9200/_search/scroll [status:200 duration:0.002s]
2026-06-03 21:35:46,201 INFO HTTP Request: POST https://open.bigmodel.cn/api/paas/v4/embeddings "HTTP/1.1 200 OK"
2026-06-03 21:35:46,283 INFO PUT http://localhost:9200/_bulk?refresh=false [status:200 duration:0.029s]
2026-06-03 21:35:46,283 INFO Progress: 22080/51354 (64.7/s) — ETA 453s
2026-06-03 21:35:46,286 INFO POST http://localhost:9200/_search/scroll [status:200 duration:0.002s]
2026-06-03 21:35:46,495 INFO HTTP Request: POST https://open.bigmodel.cn/api/paas/v4/embeddings "HTTP/1.1 200 OK"
2026-06-03 21:35:46,568 INFO PUT http://localhost:9200/_bulk?refresh=false [status:200 duration:0.029s]
2026-06-03 21:35:46,568 INFO Progress: 22100/51354 (64.7/s) — ETA 452s
2026-06-03 21:35:46,570 INFO POST http://localhost:9200/_search/scroll [status:200 duration:0.002s]
2026-06-03 21:35:46,808 INFO HTTP Request: POST https://open.bigmodel.cn/api/paas/v4/embeddings "HTTP/1.1 200 OK"
2026-06-03 21:35:46,897 INFO PUT http://localhost:9200/_bulk?refresh=false [status:200 duration:0.036s]
2026-06-03 21:35:46,897 INFO Progress: 22120/51354 (64.7/s) — ETA 452s
2026-06-03 21:35:46,902 INFO POST http://localhost:9200/_search/scroll [status:200 duration:0.005s]
2026-06-03 21:35:47,080 INFO HTTP Request: POST https://open.bigmodel.cn/api/paas/v4/embeddings "HTTP/1.1 200 OK"
2026-06-03 21:35:47,156 INFO PUT http://localhost:9200/_bulk?refresh=false [status:200 duration:0.031s]
2026-06-03 21:35:47,156 INFO Progress: 22140/51354 (64.7/s) — ETA 452s
2026-06-03 21:35:47,160 INFO POST http://localhost:9200/_search/scroll [status:200 duration:0.004s]
2026-06-03 21:35:47,383 INFO HTTP Request: POST https://open.bigmodel.cn/api/paas/v4/embeddings "HTTP/1.1 200 OK"
2026-06-03 21:35:47,470 INFO PUT http://localhost:9200/_bulk?refresh=false [status:200 duration:0.026s]
2026-06-03 21:35:47,470 INFO Progress: 22160/51354 (64.7/s) — ETA 451s
2026-06-03 21:35:47,472 INFO POST http://localhost:9200/_search/scroll [status:200 duration:0.002s]
2026-06-03 21:35:47,682 INFO HTTP Request: POST https://open.bigmodel.cn/api/paas/v4/embeddings "HTTP/1.1 200 OK"
2026-06-03 21:35:47,762 INFO PUT http://localhost:9200/_bulk?refresh=false [status:200 duration:0.027s]
2026-06-03 21:35:47,763 INFO Progress: 22180/51354 (64.7/s) — ETA 451s
2026-06-03 21:35:47,765 INFO POST http://localhost:9200/_search/scroll [status:200 duration:0.002s]
2026-06-03 21:35:47,983 INFO HTTP Request: POST https://open.bigmodel.cn/api/paas/v4/embeddings "HTTP/1.1 200 OK"
2026-06-03 21:35:48,074 INFO PUT http://localhost:9200/_bulk?refresh=false [status:200 duration:0.029s]
2026-06-03 21:35:48,074 INFO Progress: 22200/51354 (64.7/s) — ETA 451s
2026-06-03 21:35:48,076 INFO POST http://localhost:9200/_search/scroll [status:200 duration:0.002s]
2026-06-03 21:35:48,258 INFO HTTP Request: POST https://open.bigmodel.cn/api/paas/v4/embeddings "HTTP/1.1 200 OK"
2026-06-03 21:35:48,343 INFO PUT http://localhost:9200/_bulk?refresh=false [status:200 duration:0.027s]
2026-06-03 21:35:48,344 INFO Progress: 22220/51354 (64.7/s) — ETA 450s
2026-06-03 21:35:48,346 INFO POST http://localhost:9200/_search/scroll [status:200 duration:0.002s]
2026-06-03 21:35:48,533 INFO HTTP Request: POST https://open.bigmodel.cn/api/paas/v4/embeddings "HTTP/1.1 200 OK"
2026-06-03 21:35:48,622 INFO PUT http://localhost:9200/_bulk?refresh=false [status:200 duration:0.026s]
2026-06-03 21:35:48,622 INFO Progress: 22240/51354 (64.7/s) — ETA 450s
2026-06-03 21:35:48,624 INFO POST http://localhost:9200/_search/scroll [status:200 duration:0.002s]
2026-06-03 21:35:48,790 INFO HTTP Request: POST https://open.bigmodel.cn/api/paas/v4/embeddings "HTTP/1.1 200 OK"
2026-06-03 21:35:48,875 INFO PUT http://localhost:9200/_bulk?refresh=false [status:200 duration:0.027s]
2026-06-03 21:35:48,875 INFO Progress: 22260/51354 (64.7/s) — ETA 450s
2026-06-03 21:35:48,878 INFO POST http://localhost:9200/_search/scroll [status:200 duration:0.002s]
2026-06-03 21:35:49,130 INFO HTTP Request: POST https://open.bigmodel.cn/api/paas/v4/embeddings "HTTP/1.1 200 OK"
2026-06-03 21:35:49,218 INFO PUT http://localhost:9200/_bulk?refresh=false [status:200 duration:0.029s]
2026-06-03 21:35:49,218 INFO Progress: 22280/51354 (64.7/s) — ETA 449s
2026-06-03 21:35:49,221 INFO POST http://localhost:9200/_search/scroll [status:200 duration:0.003s]
2026-06-03 21:35:49,422 INFO HTTP Request: POST https://open.bigmodel.cn/api/paas/v4/embeddings "HTTP/1.1 200 OK"
2026-06-03 21:35:49,507 INFO PUT http://localhost:9200/_bulk?refresh=false [status:200 duration:0.028s]
2026-06-03 21:35:49,507 INFO Progress: 22300/51354 (64.7/s) — ETA 449s
2026-06-03 21:35:49,510 INFO POST http://localhost:9200/_search/scroll [status:200 duration:0.002s]
2026-06-03 21:35:49,702 INFO HTTP Request: POST https://open.bigmodel.cn/api/paas/v4/embeddings "HTTP/1.1 200 OK"
2026-06-03 21:35:49,788 INFO PUT http://localhost:9200/_bulk?refresh=false [status:200 duration:0.028s]
2026-06-03 21:35:49,788 INFO Progress: 22320/51354 (64.7/s) — ETA 449s
2026-06-03 21:35:49,791 INFO POST http://localhost:9200/_search/scroll [status:200 duration:0.002s]
2026-06-03 21:35:50,015 INFO HTTP Request: POST https://open.bigmodel.cn/api/paas/v4/embeddings "HTTP/1.1 200 OK"
2026-06-03 21:35:50,084 INFO PUT http://localhost:9200/_bulk?refresh=false [status:200 duration:0.031s]
2026-06-03 21:35:50,084 INFO Progress: 22340/51354 (64.7/s) — ETA 448s
2026-06-03 21:35:50,087 INFO POST http://localhost:9200/_search/scroll [status:200 duration:0.002s]
2026-06-03 21:35:50,276 INFO HTTP Request: POST https://open.bigmodel.cn/api/paas/v4/embeddings "HTTP/1.1 200 OK"
2026-06-03 21:35:50,355 INFO PUT http://localhost:9200/_bulk?refresh=false [status:200 duration:0.028s]
2026-06-03 21:35:50,356 INFO Progress: 22360/51354 (64.7/s) — ETA 448s
2026-06-03 21:35:50,358 INFO POST http://localhost:9200/_search/scroll [status:200 duration:0.002s]
2026-06-03 21:35:50,531 INFO HTTP Request: POST https://open.bigmodel.cn/api/paas/v4/embeddings "HTTP/1.1 200 OK"
2026-06-03 21:35:50,619 INFO PUT http://localhost:9200/_bulk?refresh=false [status:200 duration:0.029s]
2026-06-03 21:35:50,619 INFO Progress: 22380/51354 (64.7/s) — ETA 448s
2026-06-03 21:35:50,621 INFO POST http://localhost:9200/_search/scroll [status:200 duration:0.002s]
2026-06-03 21:35:50,803 INFO HTTP Request: POST https://open.bigmodel.cn/api/paas/v4/embeddings "HTTP/1.1 200 OK"
2026-06-03 21:35:50,887 INFO PUT http://localhost:9200/_bulk?refresh=false [status:200 duration:0.029s]
2026-06-03 21:35:50,887 INFO Progress: 22400/51354 (64.7/s) — ETA 447s
2026-06-03 21:35:50,890 INFO POST http://localhost:9200/_search/scroll [status:200 duration:0.003s]
2026-06-03 21:35:51,065 INFO HTTP Request: POST https://open.bigmodel.cn/api/paas/v4/embeddings "HTTP/1.1 200 OK"
2026-06-03 21:35:51,148 INFO PUT http://localhost:9200/_bulk?refresh=false [status:200 duration:0.026s]
2026-06-03 21:35:51,148 INFO Progress: 22420/51354 (64.7/s) — ETA 447s
2026-06-03 21:35:51,151 INFO POST http://localhost:9200/_search/scroll [status:200 duration:0.002s]
2026-06-03 21:35:51,346 INFO HTTP Request: POST https://open.bigmodel.cn/api/paas/v4/embeddings "HTTP/1.1 200 OK"
2026-06-03 21:35:51,426 INFO PUT http://localhost:9200/_bulk?refresh=false [status:200 duration:0.027s]
2026-06-03 21:35:51,426 INFO Progress: 22440/51354 (64.8/s) — ETA 447s
2026-06-03 21:35:51,429 INFO POST http://localhost:9200/_search/scroll [status:200 duration:0.003s]
2026-06-03 21:35:51,600 INFO HTTP Request: POST https://open.bigmodel.cn/api/paas/v4/embeddings "HTTP/1.1 200 OK"
2026-06-03 21:35:51,690 INFO PUT http://localhost:9200/_bulk?refresh=false [status:200 duration:0.030s]
2026-06-03 21:35:51,690 INFO Progress: 22460/51354 (64.8/s) — ETA 446s
2026-06-03 21:35:51,693 INFO POST http://localhost:9200/_search/scroll [status:200 duration:0.002s]
2026-06-03 21:35:51,884 INFO HTTP Request: POST https://open.bigmodel.cn/api/paas/v4/embeddings "HTTP/1.1 200 OK"
2026-06-03 21:35:51,972 INFO PUT http://localhost:9200/_bulk?refresh=false [status:200 duration:0.027s]
2026-06-03 21:35:51,972 INFO Progress: 22480/51354 (64.8/s) — ETA 446s
2026-06-03 21:35:51,975 INFO POST http://localhost:9200/_search/scroll [status:200 duration:0.002s]
2026-06-03 21:35:52,181 INFO HTTP Request: POST https://open.bigmodel.cn/api/paas/v4/embeddings "HTTP/1.1 200 OK"
2026-06-03 21:35:52,243 INFO PUT http://localhost:9200/_bulk?refresh=false [status:200 duration:0.029s]
2026-06-03 21:35:52,244 INFO Progress: 22500/51354 (64.8/s) — ETA 445s
2026-06-03 21:35:52,246 INFO POST http://localhost:9200/_search/scroll [status:200 duration:0.002s]
2026-06-03 21:35:52,464 INFO HTTP Request: POST https://open.bigmodel.cn/api/paas/v4/embeddings "HTTP/1.1 200 OK"
2026-06-03 21:35:52,528 INFO PUT http://localhost:9200/_bulk?refresh=false [status:200 duration:0.026s]
2026-06-03 21:35:52,528 INFO Progress: 22520/51354 (64.8/s) — ETA 445s
2026-06-03 21:35:52,530 INFO POST http://localhost:9200/_search/scroll [status:200 duration:0.002s]
2026-06-03 21:35:53,394 INFO HTTP Request: POST https://open.bigmodel.cn/api/paas/v4/embeddings "HTTP/1.1 200 OK"
2026-06-03 21:35:53,481 INFO PUT http://localhost:9200/_bulk?refresh=false [status:200 duration:0.027s]
2026-06-03 21:35:53,481 INFO Progress: 22540/51354 (64.7/s) — ETA 446s
2026-06-03 21:35:53,483 INFO POST http://localhost:9200/_search/scroll [status:200 duration:0.002s]
2026-06-03 21:35:53,680 INFO HTTP Request: POST https://open.bigmodel.cn/api/paas/v4/embeddings "HTTP/1.1 200 OK"
2026-06-03 21:35:53,762 INFO PUT http://localhost:9200/_bulk?refresh=false [status:200 duration:0.026s]
2026-06-03 21:35:53,762 INFO Progress: 22560/51354 (64.7/s) — ETA 445s
2026-06-03 21:35:53,765 INFO POST http://localhost:9200/_search/scroll [status:200 duration:0.002s]
2026-06-03 21:35:53,950 INFO HTTP Request: POST https://open.bigmodel.cn/api/paas/v4/embeddings "HTTP/1.1 200 OK"
2026-06-03 21:35:54,010 INFO PUT http://localhost:9200/_bulk?refresh=false [status:200 duration:0.030s]
2026-06-03 21:35:54,010 INFO Progress: 22580/51354 (64.7/s) — ETA 445s
2026-06-03 21:35:54,013 INFO POST http://localhost:9200/_search/scroll [status:200 duration:0.002s]
2026-06-03 21:35:54,227 INFO HTTP Request: POST https://open.bigmodel.cn/api/paas/v4/embeddings "HTTP/1.1 200 OK"
2026-06-03 21:35:54,315 INFO PUT http://localhost:9200/_bulk?refresh=false [status:200 duration:0.027s]
2026-06-03 21:35:54,316 INFO Progress: 22600/51354 (64.7/s) — ETA 445s
2026-06-03 21:35:54,318 INFO POST http://localhost:9200/_search/scroll [status:200 duration:0.002s]
2026-06-03 21:35:54,502 INFO HTTP Request: POST https://open.bigmodel.cn/api/paas/v4/embeddings "HTTP/1.1 200 OK"
2026-06-03 21:35:54,576 INFO PUT http://localhost:9200/_bulk?refresh=false [status:200 duration:0.027s]
2026-06-03 21:35:54,576 INFO Progress: 22620/51354 (64.7/s) — ETA 444s
2026-06-03 21:35:54,579 INFO POST http://localhost:9200/_search/scroll [status:200 duration:0.002s]
2026-06-03 21:35:54,773 INFO HTTP Request: POST https://open.bigmodel.cn/api/paas/v4/embeddings "HTTP/1.1 200 OK"
2026-06-03 21:35:54,858 INFO PUT http://localhost:9200/_bulk?refresh=false [status:200 duration:0.026s]
2026-06-03 21:35:54,858 INFO Progress: 22640/51354 (64.7/s) — ETA 444s
2026-06-03 21:35:54,861 INFO POST http://localhost:9200/_search/scroll [status:200 duration:0.002s]
2026-06-03 21:35:55,034 INFO HTTP Request: POST https://open.bigmodel.cn/api/paas/v4/embeddings "HTTP/1.1 200 OK"
2026-06-03 21:35:55,109 INFO PUT http://localhost:9200/_bulk?refresh=false [status:200 duration:0.027s]
2026-06-03 21:35:55,109 INFO Progress: 22660/51354 (64.7/s) — ETA 444s
2026-06-03 21:35:55,111 INFO POST http://localhost:9200/_search/scroll [status:200 duration:0.002s]
2026-06-03 21:35:55,293 INFO HTTP Request: POST https://open.bigmodel.cn/api/paas/v4/embeddings "HTTP/1.1 200 OK"
2026-06-03 21:35:55,384 INFO PUT http://localhost:9200/_bulk?refresh=false [status:200 duration:0.029s]
2026-06-03 21:35:55,384 INFO Progress: 22680/51354 (64.7/s) — ETA 443s
2026-06-03 21:35:55,387 INFO POST http://localhost:9200/_search/scroll [status:200 duration:0.002s]
2026-06-03 21:35:55,574 INFO HTTP Request: POST https://open.bigmodel.cn/api/paas/v4/embeddings "HTTP/1.1 200 OK"
2026-06-03 21:35:55,659 INFO PUT http://localhost:9200/_bulk?refresh=false [status:200 duration:0.025s]
2026-06-03 21:35:55,659 INFO Progress: 22700/51354 (64.7/s) — ETA 443s
2026-06-03 21:35:55,661 INFO POST http://localhost:9200/_search/scroll [status:200 duration:0.002s]
2026-06-03 21:35:55,863 INFO HTTP Request: POST https://open.bigmodel.cn/api/paas/v4/embeddings "HTTP/1.1 200 OK"
2026-06-03 21:35:55,949 INFO PUT http://localhost:9200/_bulk?refresh=false [status:200 duration:0.029s]
2026-06-03 21:35:55,950 INFO Progress: 22720/51354 (64.7/s) — ETA 442s
2026-06-03 21:35:55,952 INFO POST http://localhost:9200/_search/scroll [status:200 duration:0.002s]
2026-06-03 21:35:56,176 INFO HTTP Request: POST https://open.bigmodel.cn/api/paas/v4/embeddings "HTTP/1.1 200 OK"
2026-06-03 21:35:56,261 INFO PUT http://localhost:9200/_bulk?refresh=false [status:200 duration:0.027s]
2026-06-03 21:35:56,261 INFO Progress: 22740/51354 (64.7/s) — ETA 442s
2026-06-03 21:35:56,264 INFO POST http://localhost:9200/_search/scroll [status:200 duration:0.002s]
2026-06-03 21:35:56,451 INFO HTTP Request: POST https://open.bigmodel.cn/api/paas/v4/embeddings "HTTP/1.1 200 OK"
2026-06-03 21:35:56,536 INFO PUT http://localhost:9200/_bulk?refresh=false [status:200 duration:0.026s]
2026-06-03 21:35:56,536 INFO Progress: 22760/51354 (64.7/s) — ETA 442s
2026-06-03 21:35:56,538 INFO POST http://localhost:9200/_search/scroll [status:200 duration:0.002s]
2026-06-03 21:35:56,789 INFO HTTP Request: POST https://open.bigmodel.cn/api/paas/v4/embeddings "HTTP/1.1 200 OK"
2026-06-03 21:35:56,878 INFO PUT http://localhost:9200/_bulk?refresh=false [status:200 duration:0.030s]
2026-06-03 21:35:56,878 INFO Progress: 22780/51354 (64.7/s) — ETA 442s
2026-06-03 21:35:56,881 INFO POST http://localhost:9200/_search/scroll [status:200 duration:0.002s]
2026-06-03 21:35:57,102 INFO HTTP Request: POST https://open.bigmodel.cn/api/paas/v4/embeddings "HTTP/1.1 200 OK"
2026-06-03 21:35:57,188 INFO PUT http://localhost:9200/_bulk?refresh=false [status:200 duration:0.027s]
2026-06-03 21:35:57,188 INFO Progress: 22800/51354 (64.7/s) — ETA 441s
2026-06-03 21:35:57,191 INFO POST http://localhost:9200/_search/scroll [status:200 duration:0.002s]
2026-06-03 21:35:57,418 INFO HTTP Request: POST https://open.bigmodel.cn/api/paas/v4/embeddings "HTTP/1.1 200 OK"
2026-06-03 21:35:57,481 INFO PUT http://localhost:9200/_bulk?refresh=false [status:200 duration:0.026s]
2026-06-03 21:35:57,481 INFO Progress: 22820/51354 (64.7/s) — ETA 441s
2026-06-03 21:35:57,484 INFO POST http://localhost:9200/_search/scroll [status:200 duration:0.002s]
2026-06-03 21:35:57,676 INFO HTTP Request: POST https://open.bigmodel.cn/api/paas/v4/embeddings "HTTP/1.1 200 OK"
2026-06-03 21:35:57,760 INFO PUT http://localhost:9200/_bulk?refresh=false [status:200 duration:0.028s]
2026-06-03 21:35:57,760 INFO Progress: 22840/51354 (64.7/s) — ETA 441s
2026-06-03 21:35:57,762 INFO POST http://localhost:9200/_search/scroll [status:200 duration:0.002s]
2026-06-03 21:35:57,947 INFO HTTP Request: POST https://open.bigmodel.cn/api/paas/v4/embeddings "HTTP/1.1 200 OK"
2026-06-03 21:35:58,033 INFO PUT http://localhost:9200/_bulk?refresh=false [status:200 duration:0.027s]
2026-06-03 21:35:58,033 INFO Progress: 22860/51354 (64.7/s) — ETA 440s
2026-06-03 21:35:58,035 INFO POST http://localhost:9200/_search/scroll [status:200 duration:0.002s]
2026-06-03 21:35:58,241 INFO HTTP Request: POST https://open.bigmodel.cn/api/paas/v4/embeddings "HTTP/1.1 200 OK"
2026-06-03 21:35:58,330 INFO PUT http://localhost:9200/_bulk?refresh=false [status:200 duration:0.027s]
2026-06-03 21:35:58,330 INFO Progress: 22880/51354 (64.7/s) — ETA 440s
2026-06-03 21:35:58,332 INFO POST http://localhost:9200/_search/scroll [status:200 duration:0.002s]
2026-06-03 21:35:58,534 INFO HTTP Request: POST https://open.bigmodel.cn/api/paas/v4/embeddings "HTTP/1.1 200 OK"
2026-06-03 21:35:58,609 INFO PUT http://localhost:9200/_bulk?refresh=false [status:200 duration:0.028s]
2026-06-03 21:35:58,609 INFO Progress: 22900/51354 (64.7/s) — ETA 440s
2026-06-03 21:35:58,611 INFO POST http://localhost:9200/_search/scroll [status:200 duration:0.002s]
2026-06-03 21:35:59,007 INFO HTTP Request: POST https://open.bigmodel.cn/api/paas/v4/embeddings "HTTP/1.1 200 OK"
2026-06-03 21:35:59,092 INFO PUT http://localhost:9200/_bulk?refresh=false [status:200 duration:0.029s]
2026-06-03 21:35:59,092 INFO Progress: 22920/51354 (64.7/s) — ETA 439s
2026-06-03 21:35:59,095 INFO POST http://localhost:9200/_search/scroll [status:200 duration:0.002s]
2026-06-03 21:35:59,288 INFO HTTP Request: POST https://open.bigmodel.cn/api/paas/v4/embeddings "HTTP/1.1 200 OK"
2026-06-03 21:35:59,373 INFO PUT http://localhost:9200/_bulk?refresh=false [status:200 duration:0.030s]
2026-06-03 21:35:59,374 INFO Progress: 22940/51354 (64.7/s) — ETA 439s
2026-06-03 21:35:59,376 INFO POST http://localhost:9200/_search/scroll [status:200 duration:0.002s]
2026-06-03 21:35:59,552 INFO HTTP Request: POST https://open.bigmodel.cn/api/paas/v4/embeddings "HTTP/1.1 200 OK"
2026-06-03 21:35:59,616 INFO PUT http://localhost:9200/_bulk?refresh=false [status:200 duration:0.028s]
2026-06-03 21:35:59,616 INFO Progress: 22960/51354 (64.7/s) — ETA 439s
2026-06-03 21:35:59,619 INFO POST http://localhost:9200/_search/scroll [status:200 duration:0.002s]
2026-06-03 21:35:59,836 INFO HTTP Request: POST https://open.bigmodel.cn/api/paas/v4/embeddings "HTTP/1.1 200 OK"
2026-06-03 21:35:59,910 INFO PUT http://localhost:9200/_bulk?refresh=false [status:200 duration:0.027s]
2026-06-03 21:35:59,910 INFO Progress: 22980/51354 (64.7/s) — ETA 438s
2026-06-03 21:35:59,912 INFO POST http://localhost:9200/_search/scroll [status:200 duration:0.002s]
2026-06-03 21:36:00,121 INFO HTTP Request: POST https://open.bigmodel.cn/api/paas/v4/embeddings "HTTP/1.1 200 OK"
2026-06-03 21:36:00,186 INFO PUT http://localhost:9200/_bulk?refresh=false [status:200 duration:0.027s]
2026-06-03 21:36:00,186 INFO Progress: 23000/51354 (64.7/s) — ETA 438s
2026-06-03 21:36:00,188 INFO POST http://localhost:9200/_search/scroll [status:200 duration:0.002s]
2026-06-03 21:36:00,394 INFO HTTP Request: POST https://open.bigmodel.cn/api/paas/v4/embeddings "HTTP/1.1 200 OK"
2026-06-03 21:36:00,487 INFO PUT http://localhost:9200/_bulk?refresh=false [status:200 duration:0.029s]
2026-06-03 21:36:00,487 INFO Progress: 23020/51354 (64.7/s) — ETA 438s
2026-06-03 21:36:00,489 INFO POST http://localhost:9200/_search/scroll [status:200 duration:0.002s]
2026-06-03 21:36:00,719 INFO HTTP Request: POST https://open.bigmodel.cn/api/paas/v4/embeddings "HTTP/1.1 200 OK"
2026-06-03 21:36:00,790 INFO PUT http://localhost:9200/_bulk?refresh=false [status:200 duration:0.027s]
2026-06-03 21:36:00,790 INFO Progress: 23040/51354 (64.7/s) — ETA 437s
2026-06-03 21:36:00,792 INFO POST http://localhost:9200/_search/scroll [status:200 duration:0.002s]
2026-06-03 21:36:00,979 INFO HTTP Request: POST https://open.bigmodel.cn/api/paas/v4/embeddings "HTTP/1.1 200 OK"
2026-06-03 21:36:01,060 INFO PUT http://localhost:9200/_bulk?refresh=false [status:200 duration:0.027s]
2026-06-03 21:36:01,060 INFO Progress: 23060/51354 (64.7/s) — ETA 437s
2026-06-03 21:36:01,063 INFO POST http://localhost:9200/_search/scroll [status:200 duration:0.002s]
2026-06-03 21:36:01,293 INFO HTTP Request: POST https://open.bigmodel.cn/api/paas/v4/embeddings "HTTP/1.1 200 OK"
2026-06-03 21:36:01,377 INFO PUT http://localhost:9200/_bulk?refresh=false [status:200 duration:0.029s]
2026-06-03 21:36:01,378 INFO Progress: 23080/51354 (64.7/s) — ETA 437s
2026-06-03 21:36:01,380 INFO POST http://localhost:9200/_search/scroll [status:200 duration:0.002s]
2026-06-03 21:36:01,586 INFO HTTP Request: POST https://open.bigmodel.cn/api/paas/v4/embeddings "HTTP/1.1 200 OK"
2026-06-03 21:36:01,670 INFO PUT http://localhost:9200/_bulk?refresh=false [status:200 duration:0.039s]
2026-06-03 21:36:01,670 INFO Progress: 23100/51354 (64.7/s) — ETA 436s
2026-06-03 21:36:01,674 INFO POST http://localhost:9200/_search/scroll [status:200 duration:0.004s]
2026-06-03 21:36:01,876 INFO HTTP Request: POST https://open.bigmodel.cn/api/paas/v4/embeddings "HTTP/1.1 200 OK"
2026-06-03 21:36:01,963 INFO PUT http://localhost:9200/_bulk?refresh=false [status:200 duration:0.031s]
2026-06-03 21:36:01,964 INFO Progress: 23120/51354 (64.7/s) — ETA 436s
2026-06-03 21:36:01,967 INFO POST http://localhost:9200/_search/scroll [status:200 duration:0.004s]
2026-06-03 21:36:02,186 INFO HTTP Request: POST https://open.bigmodel.cn/api/paas/v4/embeddings "HTTP/1.1 200 OK"
2026-06-03 21:36:02,271 INFO PUT http://localhost:9200/_bulk?refresh=false [status:200 duration:0.028s]
2026-06-03 21:36:02,272 INFO Progress: 23140/51354 (64.7/s) — ETA 436s
2026-06-03 21:36:02,274 INFO POST http://localhost:9200/_search/scroll [status:200 duration:0.002s]
2026-06-03 21:36:02,446 INFO HTTP Request: POST https://open.bigmodel.cn/api/paas/v4/embeddings "HTTP/1.1 200 OK"
2026-06-03 21:36:02,523 INFO PUT http://localhost:9200/_bulk?refresh=false [status:200 duration:0.029s]
2026-06-03 21:36:02,523 INFO Progress: 23160/51354 (64.8/s) — ETA 435s
2026-06-03 21:36:02,525 INFO POST http://localhost:9200/_search/scroll [status:200 duration:0.002s]
2026-06-03 21:36:02,733 INFO HTTP Request: POST https://open.bigmodel.cn/api/paas/v4/embeddings "HTTP/1.1 200 OK"
2026-06-03 21:36:02,820 INFO PUT http://localhost:9200/_bulk?refresh=false [status:200 duration:0.029s]
2026-06-03 21:36:02,820 INFO Progress: 23180/51354 (64.8/s) — ETA 435s
2026-06-03 21:36:02,823 INFO POST http://localhost:9200/_search/scroll [status:200 duration:0.002s]
2026-06-03 21:36:03,035 INFO HTTP Request: POST https://open.bigmodel.cn/api/paas/v4/embeddings "HTTP/1.1 200 OK"
2026-06-03 21:36:03,118 INFO PUT http://localhost:9200/_bulk?refresh=false [status:200 duration:0.030s]
2026-06-03 21:36:03,119 INFO Progress: 23200/51354 (64.8/s) — ETA 435s
2026-06-03 21:36:03,121 INFO POST http://localhost:9200/_search/scroll [status:200 duration:0.002s]
2026-06-03 21:36:03,316 INFO HTTP Request: POST https://open.bigmodel.cn/api/paas/v4/embeddings "HTTP/1.1 200 OK"
2026-06-03 21:36:03,405 INFO PUT http://localhost:9200/_bulk?refresh=false [status:200 duration:0.029s]
2026-06-03 21:36:03,405 INFO Progress: 23220/51354 (64.8/s) — ETA 434s
2026-06-03 21:36:03,408 INFO POST http://localhost:9200/_search/scroll [status:200 duration:0.003s]
2026-06-03 21:36:03,643 INFO HTTP Request: POST https://open.bigmodel.cn/api/paas/v4/embeddings "HTTP/1.1 200 OK"
2026-06-03 21:36:03,732 INFO PUT http://localhost:9200/_bulk?refresh=false [status:200 duration:0.029s]
2026-06-03 21:36:03,733 INFO Progress: 23240/51354 (64.8/s) — ETA 434s
2026-06-03 21:36:03,735 INFO POST http://localhost:9200/_search/scroll [status:200 duration:0.002s]
2026-06-03 21:36:03,951 INFO HTTP Request: POST https://open.bigmodel.cn/api/paas/v4/embeddings "HTTP/1.1 200 OK"
2026-06-03 21:36:04,038 INFO PUT http://localhost:9200/_bulk?refresh=false [status:200 duration:0.028s]
2026-06-03 21:36:04,038 INFO Progress: 23260/51354 (64.8/s) — ETA 434s
2026-06-03 21:36:04,040 INFO POST http://localhost:9200/_search/scroll [status:200 duration:0.002s]
2026-06-03 21:36:04,216 INFO HTTP Request: POST https://open.bigmodel.cn/api/paas/v4/embeddings "HTTP/1.1 200 OK"
2026-06-03 21:36:04,307 INFO PUT http://localhost:9200/_bulk?refresh=false [status:200 duration:0.030s]
2026-06-03 21:36:04,307 INFO Progress: 23280/51354 (64.8/s) — ETA 433s
2026-06-03 21:36:04,310 INFO POST http://localhost:9200/_search/scroll [status:200 duration:0.002s]
2026-06-03 21:36:04,520 INFO HTTP Request: POST https://open.bigmodel.cn/api/paas/v4/embeddings "HTTP/1.1 200 OK"
2026-06-03 21:36:04,605 INFO PUT http://localhost:9200/_bulk?refresh=false [status:200 duration:0.027s]
2026-06-03 21:36:04,605 INFO Progress: 23300/51354 (64.8/s) — ETA 433s
2026-06-03 21:36:04,607 INFO POST http://localhost:9200/_search/scroll [status:200 duration:0.002s]
2026-06-03 21:36:04,819 INFO HTTP Request: POST https://open.bigmodel.cn/api/paas/v4/embeddings "HTTP/1.1 200 OK"
2026-06-03 21:36:04,903 INFO PUT http://localhost:9200/_bulk?refresh=false [status:200 duration:0.030s]
2026-06-03 21:36:04,904 INFO Progress: 23320/51354 (64.8/s) — ETA 433s
2026-06-03 21:36:04,906 INFO POST http://localhost:9200/_search/scroll [status:200 duration:0.002s]
2026-06-03 21:36:05,135 INFO HTTP Request: POST https://open.bigmodel.cn/api/paas/v4/embeddings "HTTP/1.1 200 OK"
2026-06-03 21:36:05,220 INFO PUT http://localhost:9200/_bulk?refresh=false [status:200 duration:0.027s]
2026-06-03 21:36:05,220 INFO Progress: 23340/51354 (64.8/s) — ETA 433s
2026-06-03 21:36:05,222 INFO POST http://localhost:9200/_search/scroll [status:200 duration:0.002s]
2026-06-03 21:36:05,417 INFO HTTP Request: POST https://open.bigmodel.cn/api/paas/v4/embeddings "HTTP/1.1 200 OK"
2026-06-03 21:36:05,497 INFO PUT http://localhost:9200/_bulk?refresh=false [status:200 duration:0.028s]
2026-06-03 21:36:05,497 INFO Progress: 23360/51354 (64.8/s) — ETA 432s
2026-06-03 21:36:05,499 INFO POST http://localhost:9200/_search/scroll [status:200 duration:0.002s]
2026-06-03 21:36:05,740 INFO HTTP Request: POST https://open.bigmodel.cn/api/paas/v4/embeddings "HTTP/1.1 200 OK"
2026-06-03 21:36:05,817 INFO PUT http://localhost:9200/_bulk?refresh=false [status:200 duration:0.029s]
2026-06-03 21:36:05,818 INFO Progress: 23380/51354 (64.8/s) — ETA 432s
2026-06-03 21:36:05,820 INFO POST http://localhost:9200/_search/scroll [status:200 duration:0.002s]
2026-06-03 21:36:06,123 INFO HTTP Request: POST https://open.bigmodel.cn/api/paas/v4/embeddings "HTTP/1.1 200 OK"
2026-06-03 21:36:06,212 INFO PUT http://localhost:9200/_bulk?refresh=false [status:200 duration:0.028s]
2026-06-03 21:36:06,212 INFO Progress: 23400/51354 (64.8/s) — ETA 432s
2026-06-03 21:36:06,214 INFO POST http://localhost:9200/_search/scroll [status:200 duration:0.002s]
2026-06-03 21:36:06,427 INFO HTTP Request: POST https://open.bigmodel.cn/api/paas/v4/embeddings "HTTP/1.1 200 OK"
2026-06-03 21:36:06,493 INFO PUT http://localhost:9200/_bulk?refresh=false [status:200 duration:0.032s]
2026-06-03 21:36:06,493 INFO Progress: 23420/51354 (64.8/s) — ETA 431s
2026-06-03 21:36:06,496 INFO POST http://localhost:9200/_search/scroll [status:200 duration:0.002s]
2026-06-03 21:36:06,693 INFO HTTP Request: POST https://open.bigmodel.cn/api/paas/v4/embeddings "HTTP/1.1 200 OK"
2026-06-03 21:36:06,772 INFO PUT http://localhost:9200/_bulk?refresh=false [status:200 duration:0.028s]
2026-06-03 21:36:06,772 INFO Progress: 23440/51354 (64.8/s) — ETA 431s
2026-06-03 21:36:06,774 INFO POST http://localhost:9200/_search/scroll [status:200 duration:0.002s]
2026-06-03 21:36:07,008 INFO HTTP Request: POST https://open.bigmodel.cn/api/paas/v4/embeddings "HTTP/1.1 200 OK"
2026-06-03 21:36:07,089 INFO PUT http://localhost:9200/_bulk?refresh=false [status:200 duration:0.026s]
2026-06-03 21:36:07,089 INFO Progress: 23460/51354 (64.8/s) — ETA 431s
2026-06-03 21:36:07,092 INFO POST http://localhost:9200/_search/scroll [status:200 duration:0.002s]
2026-06-03 21:36:07,302 INFO HTTP Request: POST https://open.bigmodel.cn/api/paas/v4/embeddings "HTTP/1.1 200 OK"
2026-06-03 21:36:07,510 INFO PUT http://localhost:9200/_bulk?refresh=false [status:200 duration:0.168s]
2026-06-03 21:36:07,510 INFO Progress: 23480/51354 (64.7/s) — ETA 431s
2026-06-03 21:36:07,513 INFO POST http://localhost:9200/_search/scroll [status:200 duration:0.003s]
2026-06-03 21:36:07,786 INFO HTTP Request: POST https://open.bigmodel.cn/api/paas/v4/embeddings "HTTP/1.1 200 OK"
2026-06-03 21:36:08,277 INFO PUT http://localhost:9200/_bulk?refresh=false [status:200 duration:0.430s]
2026-06-03 21:36:08,277 INFO Progress: 23500/51354 (64.7/s) — ETA 431s
2026-06-03 21:36:08,280 INFO POST http://localhost:9200/_search/scroll [status:200 duration:0.003s]
2026-06-03 21:36:08,478 INFO HTTP Request: POST https://open.bigmodel.cn/api/paas/v4/embeddings "HTTP/1.1 200 OK"
2026-06-03 21:36:08,741 INFO PUT http://localhost:9200/_bulk?refresh=false [status:200 duration:0.205s]
2026-06-03 21:36:08,741 INFO Progress: 23520/51354 (64.6/s) — ETA 431s
2026-06-03 21:36:08,744 INFO POST http://localhost:9200/_search/scroll [status:200 duration:0.003s]
2026-06-03 21:36:08,930 INFO HTTP Request: POST https://open.bigmodel.cn/api/paas/v4/embeddings "HTTP/1.1 200 OK"
2026-06-03 21:36:09,022 INFO PUT http://localhost:9200/_bulk?refresh=false [status:200 duration:0.035s]
2026-06-03 21:36:09,022 INFO Progress: 23540/51354 (64.6/s) — ETA 430s
2026-06-03 21:36:09,024 INFO POST http://localhost:9200/_search/scroll [status:200 duration:0.002s]
2026-06-03 21:36:09,227 INFO HTTP Request: POST https://open.bigmodel.cn/api/paas/v4/embeddings "HTTP/1.1 200 OK"
2026-06-03 21:36:09,284 INFO PUT http://localhost:9200/_bulk?refresh=false [status:200 duration:0.021s]
2026-06-03 21:36:09,284 INFO Progress: 23560/51354 (64.7/s) — ETA 430s
2026-06-03 21:36:09,286 INFO POST http://localhost:9200/_search/scroll [status:200 duration:0.002s]
2026-06-03 21:36:09,549 INFO HTTP Request: POST https://open.bigmodel.cn/api/paas/v4/embeddings "HTTP/1.1 200 OK"
2026-06-03 21:36:09,616 INFO PUT http://localhost:9200/_bulk?refresh=false [status:200 duration:0.025s]
2026-06-03 21:36:09,616 INFO Progress: 23580/51354 (64.6/s) — ETA 430s
2026-06-03 21:36:09,619 INFO POST http://localhost:9200/_search/scroll [status:200 duration:0.002s]
2026-06-03 21:36:09,792 INFO HTTP Request: POST https://open.bigmodel.cn/api/paas/v4/embeddings "HTTP/1.1 200 OK"
2026-06-03 21:36:09,866 INFO PUT http://localhost:9200/_bulk?refresh=false [status:200 duration:0.023s]
2026-06-03 21:36:09,866 INFO Progress: 23600/51354 (64.7/s) — ETA 429s
2026-06-03 21:36:09,868 INFO POST http://localhost:9200/_search/scroll [status:200 duration:0.002s]
2026-06-03 21:36:10,065 INFO HTTP Request: POST https://open.bigmodel.cn/api/paas/v4/embeddings "HTTP/1.1 200 OK"
2026-06-03 21:36:10,144 INFO PUT http://localhost:9200/_bulk?refresh=false [status:200 duration:0.024s]
2026-06-03 21:36:10,145 INFO Progress: 23620/51354 (64.7/s) — ETA 429s
2026-06-03 21:36:10,147 INFO POST http://localhost:9200/_search/scroll [status:200 duration:0.002s]
2026-06-03 21:36:10,360 INFO HTTP Request: POST https://open.bigmodel.cn/api/paas/v4/embeddings "HTTP/1.1 200 OK"
2026-06-03 21:36:10,447 INFO PUT http://localhost:9200/_bulk?refresh=false [status:200 duration:0.025s]
2026-06-03 21:36:10,447 INFO Progress: 23640/51354 (64.7/s) — ETA 429s
2026-06-03 21:36:10,450 INFO POST http://localhost:9200/_search/scroll [status:200 duration:0.003s]
2026-06-03 21:36:10,655 INFO HTTP Request: POST https://open.bigmodel.cn/api/paas/v4/embeddings "HTTP/1.1 200 OK"
2026-06-03 21:36:10,736 INFO PUT http://localhost:9200/_bulk?refresh=false [status:200 duration:0.023s]
2026-06-03 21:36:10,736 INFO Progress: 23660/51354 (64.7/s) — ETA 428s
2026-06-03 21:36:10,739 INFO POST http://localhost:9200/_search/scroll [status:200 duration:0.002s]
2026-06-03 21:36:10,957 INFO HTTP Request: POST https://open.bigmodel.cn/api/paas/v4/embeddings "HTTP/1.1 200 OK"
2026-06-03 21:36:11,042 INFO PUT http://localhost:9200/_bulk?refresh=false [status:200 duration:0.024s]
2026-06-03 21:36:11,042 INFO Progress: 23680/51354 (64.7/s) — ETA 428s
2026-06-03 21:36:11,044 INFO POST http://localhost:9200/_search/scroll [status:200 duration:0.002s]
2026-06-03 21:36:11,240 INFO HTTP Request: POST https://open.bigmodel.cn/api/paas/v4/embeddings "HTTP/1.1 200 OK"
2026-06-03 21:36:11,309 INFO PUT http://localhost:9200/_bulk?refresh=false [status:200 duration:0.026s]
2026-06-03 21:36:11,309 INFO Progress: 23700/51354 (64.7/s) — ETA 428s
2026-06-03 21:36:11,312 INFO POST http://localhost:9200/_search/scroll [status:200 duration:0.002s]
2026-06-03 21:36:11,517 INFO HTTP Request: POST https://open.bigmodel.cn/api/paas/v4/embeddings "HTTP/1.1 200 OK"
2026-06-03 21:36:11,601 INFO PUT http://localhost:9200/_bulk?refresh=false [status:200 duration:0.023s]
2026-06-03 21:36:11,601 INFO Progress: 23720/51354 (64.7/s) — ETA 427s
2026-06-03 21:36:11,604 INFO POST http://localhost:9200/_search/scroll [status:200 duration:0.002s]
2026-06-03 21:36:11,810 INFO HTTP Request: POST https://open.bigmodel.cn/api/paas/v4/embeddings "HTTP/1.1 200 OK"
2026-06-03 21:36:11,871 INFO PUT http://localhost:9200/_bulk?refresh=false [status:200 duration:0.023s]
2026-06-03 21:36:11,871 INFO Progress: 23740/51354 (64.7/s) — ETA 427s
2026-06-03 21:36:11,874 INFO POST http://localhost:9200/_search/scroll [status:200 duration:0.002s]
2026-06-03 21:36:12,059 INFO HTTP Request: POST https://open.bigmodel.cn/api/paas/v4/embeddings "HTTP/1.1 200 OK"
2026-06-03 21:36:12,145 INFO PUT http://localhost:9200/_bulk?refresh=false [status:200 duration:0.025s]
2026-06-03 21:36:12,145 INFO Progress: 23760/51354 (64.7/s) — ETA 427s
2026-06-03 21:36:12,148 INFO POST http://localhost:9200/_search/scroll [status:200 duration:0.002s]
2026-06-03 21:36:12,311 INFO HTTP Request: POST https://open.bigmodel.cn/api/paas/v4/embeddings "HTTP/1.1 200 OK"
2026-06-03 21:36:12,379 INFO PUT http://localhost:9200/_bulk?refresh=false [status:200 duration:0.023s]
2026-06-03 21:36:12,379 INFO Progress: 23780/51354 (64.7/s) — ETA 426s
2026-06-03 21:36:12,382 INFO POST http://localhost:9200/_search/scroll [status:200 duration:0.002s]
2026-06-03 21:36:12,552 INFO HTTP Request: POST https://open.bigmodel.cn/api/paas/v4/embeddings "HTTP/1.1 200 OK"
2026-06-03 21:36:12,622 INFO PUT http://localhost:9200/_bulk?refresh=false [status:200 duration:0.026s]
2026-06-03 21:36:12,622 INFO Progress: 23800/51354 (64.7/s) — ETA 426s
2026-06-03 21:36:12,624 INFO POST http://localhost:9200/_search/scroll [status:200 duration:0.002s]
2026-06-03 21:36:12,836 INFO HTTP Request: POST https://open.bigmodel.cn/api/paas/v4/embeddings "HTTP/1.1 200 OK"
2026-06-03 21:36:12,904 INFO PUT http://localhost:9200/_bulk?refresh=false [status:200 duration:0.024s]
2026-06-03 21:36:12,905 INFO Progress: 23820/51354 (64.7/s) — ETA 425s
2026-06-03 21:36:12,907 INFO POST http://localhost:9200/_search/scroll [status:200 duration:0.002s]
2026-06-03 21:36:13,123 INFO HTTP Request: POST https://open.bigmodel.cn/api/paas/v4/embeddings "HTTP/1.1 200 OK"
2026-06-03 21:36:13,199 INFO PUT http://localhost:9200/_bulk?refresh=false [status:200 duration:0.024s]
2026-06-03 21:36:13,200 INFO Progress: 23840/51354 (64.7/s) — ETA 425s
2026-06-03 21:36:13,202 INFO POST http://localhost:9200/_search/scroll [status:200 duration:0.003s]
2026-06-03 21:36:13,366 INFO HTTP Request: POST https://open.bigmodel.cn/api/paas/v4/embeddings "HTTP/1.1 200 OK"
2026-06-03 21:36:13,449 INFO PUT http://localhost:9200/_bulk?refresh=false [status:200 duration:0.024s]
2026-06-03 21:36:13,449 INFO Progress: 23860/51354 (64.7/s) — ETA 425s
2026-06-03 21:36:13,452 INFO POST http://localhost:9200/_search/scroll [status:200 duration:0.002s]
2026-06-03 21:36:13,654 INFO HTTP Request: POST https://open.bigmodel.cn/api/paas/v4/embeddings "HTTP/1.1 200 OK"
2026-06-03 21:36:13,734 INFO PUT http://localhost:9200/_bulk?refresh=false [status:200 duration:0.025s]
2026-06-03 21:36:13,734 INFO Progress: 23880/51354 (64.7/s) — ETA 424s
2026-06-03 21:36:13,736 INFO POST http://localhost:9200/_search/scroll [status:200 duration:0.002s]
2026-06-03 21:36:13,909 INFO HTTP Request: POST https://open.bigmodel.cn/api/paas/v4/embeddings "HTTP/1.1 200 OK"
2026-06-03 21:36:13,987 INFO PUT http://localhost:9200/_bulk?refresh=false [status:200 duration:0.024s]
2026-06-03 21:36:13,987 INFO Progress: 23900/51354 (64.7/s) — ETA 424s
2026-06-03 21:36:13,989 INFO POST http://localhost:9200/_search/scroll [status:200 duration:0.002s]
2026-06-03 21:36:14,168 INFO HTTP Request: POST https://open.bigmodel.cn/api/paas/v4/embeddings "HTTP/1.1 200 OK"
2026-06-03 21:36:14,251 INFO PUT http://localhost:9200/_bulk?refresh=false [status:200 duration:0.025s]
2026-06-03 21:36:14,251 INFO Progress: 23920/51354 (64.8/s) — ETA 424s
2026-06-03 21:36:14,253 INFO POST http://localhost:9200/_search/scroll [status:200 duration:0.002s]
2026-06-03 21:36:14,430 INFO HTTP Request: POST https://open.bigmodel.cn/api/paas/v4/embeddings "HTTP/1.1 200 OK"
2026-06-03 21:36:14,496 INFO PUT http://localhost:9200/_bulk?refresh=false [status:200 duration:0.025s]
2026-06-03 21:36:14,496 INFO Progress: 23940/51354 (64.8/s) — ETA 423s
2026-06-03 21:36:14,498 INFO POST http://localhost:9200/_search/scroll [status:200 duration:0.002s]
2026-06-03 21:36:14,780 INFO HTTP Request: POST https://open.bigmodel.cn/api/paas/v4/embeddings "HTTP/1.1 200 OK"
2026-06-03 21:36:14,858 INFO PUT http://localhost:9200/_bulk?refresh=false [status:200 duration:0.025s]
2026-06-03 21:36:14,858 INFO Progress: 23960/51354 (64.8/s) — ETA 423s
2026-06-03 21:36:14,860 INFO POST http://localhost:9200/_search/scroll [status:200 duration:0.002s]
2026-06-03 21:36:15,055 INFO HTTP Request: POST https://open.bigmodel.cn/api/paas/v4/embeddings "HTTP/1.1 200 OK"
2026-06-03 21:36:15,139 INFO PUT http://localhost:9200/_bulk?refresh=false [status:200 duration:0.025s]
2026-06-03 21:36:15,139 INFO Progress: 23980/51354 (64.8/s) — ETA 423s
2026-06-03 21:36:15,141 INFO POST http://localhost:9200/_search/scroll [status:200 duration:0.002s]
2026-06-03 21:36:15,320 INFO HTTP Request: POST https://open.bigmodel.cn/api/paas/v4/embeddings "HTTP/1.1 200 OK"
2026-06-03 21:36:15,380 INFO PUT http://localhost:9200/_bulk?refresh=false [status:200 duration:0.023s]
2026-06-03 21:36:15,380 INFO Progress: 24000/51354 (64.8/s) — ETA 422s
2026-06-03 21:36:15,383 INFO POST http://localhost:9200/_search/scroll [status:200 duration:0.002s]
2026-06-03 21:36:15,580 INFO HTTP Request: POST https://open.bigmodel.cn/api/paas/v4/embeddings "HTTP/1.1 200 OK"
2026-06-03 21:36:15,647 INFO PUT http://localhost:9200/_bulk?refresh=false [status:200 duration:0.030s]
2026-06-03 21:36:15,648 INFO Progress: 24020/51354 (64.8/s) — ETA 422s
2026-06-03 21:36:15,652 INFO POST http://localhost:9200/_search/scroll [status:200 duration:0.004s]
2026-06-03 21:36:15,866 INFO HTTP Request: POST https://open.bigmodel.cn/api/paas/v4/embeddings "HTTP/1.1 200 OK"
2026-06-03 21:36:15,942 INFO PUT http://localhost:9200/_bulk?refresh=false [status:200 duration:0.028s]
2026-06-03 21:36:15,942 INFO Progress: 24040/51354 (64.8/s) — ETA 422s
2026-06-03 21:36:15,946 INFO POST http://localhost:9200/_search/scroll [status:200 duration:0.004s]
2026-06-03 21:36:16,121 INFO HTTP Request: POST https://open.bigmodel.cn/api/paas/v4/embeddings "HTTP/1.1 200 OK"
2026-06-03 21:36:16,182 INFO PUT http://localhost:9200/_bulk?refresh=false [status:200 duration:0.024s]
2026-06-03 21:36:16,182 INFO Progress: 24060/51354 (64.8/s) — ETA 421s
2026-06-03 21:36:16,184 INFO POST http://localhost:9200/_search/scroll [status:200 duration:0.002s]
2026-06-03 21:36:16,378 INFO HTTP Request: POST https://open.bigmodel.cn/api/paas/v4/embeddings "HTTP/1.1 200 OK"
2026-06-03 21:36:16,450 INFO PUT http://localhost:9200/_bulk?refresh=false [status:200 duration:0.024s]
2026-06-03 21:36:16,450 INFO Progress: 24080/51354 (64.8/s) — ETA 421s
2026-06-03 21:36:16,452 INFO POST http://localhost:9200/_search/scroll [status:200 duration:0.002s]
2026-06-03 21:36:16,636 INFO HTTP Request: POST https://open.bigmodel.cn/api/paas/v4/embeddings "HTTP/1.1 200 OK"
2026-06-03 21:36:16,721 INFO PUT http://localhost:9200/_bulk?refresh=false [status:200 duration:0.027s]
2026-06-03 21:36:16,722 INFO Progress: 24100/51354 (64.8/s) — ETA 421s
2026-06-03 21:36:16,724 INFO POST http://localhost:9200/_search/scroll [status:200 duration:0.002s]
2026-06-03 21:36:16,957 INFO HTTP Request: POST https://open.bigmodel.cn/api/paas/v4/embeddings "HTTP/1.1 200 OK"
2026-06-03 21:36:17,038 INFO PUT http://localhost:9200/_bulk?refresh=false [status:200 duration:0.025s]
2026-06-03 21:36:17,039 INFO Progress: 24120/51354 (64.8/s) — ETA 420s
2026-06-03 21:36:17,041 INFO POST http://localhost:9200/_search/scroll [status:200 duration:0.002s]
2026-06-03 21:36:17,219 INFO HTTP Request: POST https://open.bigmodel.cn/api/paas/v4/embeddings "HTTP/1.1 200 OK"
2026-06-03 21:36:17,303 INFO PUT http://localhost:9200/_bulk?refresh=false [status:200 duration:0.024s]
2026-06-03 21:36:17,303 INFO Progress: 24140/51354 (64.8/s) — ETA 420s
2026-06-03 21:36:17,306 INFO POST http://localhost:9200/_search/scroll [status:200 duration:0.002s]
2026-06-03 21:36:17,491 INFO HTTP Request: POST https://open.bigmodel.cn/api/paas/v4/embeddings "HTTP/1.1 200 OK"
2026-06-03 21:36:17,577 INFO PUT http://localhost:9200/_bulk?refresh=false [status:200 duration:0.027s]
2026-06-03 21:36:17,577 INFO Progress: 24160/51354 (64.8/s) — ETA 420s
2026-06-03 21:36:17,580 INFO POST http://localhost:9200/_search/scroll [status:200 duration:0.002s]
2026-06-03 21:36:17,797 INFO HTTP Request: POST https://open.bigmodel.cn/api/paas/v4/embeddings "HTTP/1.1 200 OK"
2026-06-03 21:36:17,878 INFO PUT http://localhost:9200/_bulk?refresh=false [status:200 duration:0.024s]
2026-06-03 21:36:17,878 INFO Progress: 24180/51354 (64.8/s) — ETA 419s
2026-06-03 21:36:17,880 INFO POST http://localhost:9200/_search/scroll [status:200 duration:0.002s]
2026-06-03 21:36:18,100 INFO HTTP Request: POST https://open.bigmodel.cn/api/paas/v4/embeddings "HTTP/1.1 200 OK"
2026-06-03 21:36:18,160 INFO PUT http://localhost:9200/_bulk?refresh=false [status:200 duration:0.029s]
2026-06-03 21:36:18,161 INFO Progress: 24200/51354 (64.8/s) — ETA 419s
2026-06-03 21:36:18,163 INFO POST http://localhost:9200/_search/scroll [status:200 duration:0.002s]
2026-06-03 21:36:18,371 INFO HTTP Request: POST https://open.bigmodel.cn/api/paas/v4/embeddings "HTTP/1.1 200 OK"
2026-06-03 21:36:18,446 INFO PUT http://localhost:9200/_bulk?refresh=false [status:200 duration:0.025s]
2026-06-03 21:36:18,447 INFO Progress: 24220/51354 (64.8/s) — ETA 419s
2026-06-03 21:36:18,449 INFO POST http://localhost:9200/_search/scroll [status:200 duration:0.002s]
2026-06-03 21:36:18,649 INFO HTTP Request: POST https://open.bigmodel.cn/api/paas/v4/embeddings "HTTP/1.1 200 OK"
2026-06-03 21:36:18,729 INFO PUT http://localhost:9200/_bulk?refresh=false [status:200 duration:0.025s]
2026-06-03 21:36:18,730 INFO Progress: 24240/51354 (64.8/s) — ETA 418s
2026-06-03 21:36:18,732 INFO POST http://localhost:9200/_search/scroll [status:200 duration:0.002s]
2026-06-03 21:36:18,927 INFO HTTP Request: POST https://open.bigmodel.cn/api/paas/v4/embeddings "HTTP/1.1 200 OK"
2026-06-03 21:36:19,013 INFO PUT http://localhost:9200/_bulk?refresh=false [status:200 duration:0.026s]
2026-06-03 21:36:19,013 INFO Progress: 24260/51354 (64.8/s) — ETA 418s
2026-06-03 21:36:19,016 INFO POST http://localhost:9200/_search/scroll [status:200 duration:0.002s]
2026-06-03 21:36:19,218 INFO HTTP Request: POST https://open.bigmodel.cn/api/paas/v4/embeddings "HTTP/1.1 200 OK"
2026-06-03 21:36:19,302 INFO PUT http://localhost:9200/_bulk?refresh=false [status:200 duration:0.026s]
2026-06-03 21:36:19,302 INFO Progress: 24280/51354 (64.8/s) — ETA 418s
2026-06-03 21:36:19,305 INFO POST http://localhost:9200/_search/scroll [status:200 duration:0.002s]
2026-06-03 21:36:19,511 INFO HTTP Request: POST https://open.bigmodel.cn/api/paas/v4/embeddings "HTTP/1.1 200 OK"
2026-06-03 21:36:19,583 INFO PUT http://localhost:9200/_bulk?refresh=false [status:200 duration:0.026s]
2026-06-03 21:36:19,584 INFO Progress: 24300/51354 (64.8/s) — ETA 417s
2026-06-03 21:36:19,586 INFO POST http://localhost:9200/_search/scroll [status:200 duration:0.002s]
2026-06-03 21:36:19,832 INFO HTTP Request: POST https://open.bigmodel.cn/api/paas/v4/embeddings "HTTP/1.1 200 OK"
2026-06-03 21:36:19,908 INFO PUT http://localhost:9200/_bulk?refresh=false [status:200 duration:0.027s]
2026-06-03 21:36:19,908 INFO Progress: 24320/51354 (64.8/s) — ETA 417s
2026-06-03 21:36:19,910 INFO POST http://localhost:9200/_search/scroll [status:200 duration:0.002s]
2026-06-03 21:36:20,107 INFO HTTP Request: POST https://open.bigmodel.cn/api/paas/v4/embeddings "HTTP/1.1 200 OK"
2026-06-03 21:36:20,190 INFO PUT http://localhost:9200/_bulk?refresh=false [status:200 duration:0.028s]
2026-06-03 21:36:20,190 INFO Progress: 24340/51354 (64.9/s) — ETA 417s
2026-06-03 21:36:20,192 INFO POST http://localhost:9200/_search/scroll [status:200 duration:0.002s]
2026-06-03 21:36:20,392 INFO HTTP Request: POST https://open.bigmodel.cn/api/paas/v4/embeddings "HTTP/1.1 200 OK"
2026-06-03 21:36:20,471 INFO PUT http://localhost:9200/_bulk?refresh=false [status:200 duration:0.026s]
2026-06-03 21:36:20,472 INFO Progress: 24360/51354 (64.9/s) — ETA 416s
2026-06-03 21:36:20,474 INFO POST http://localhost:9200/_search/scroll [status:200 duration:0.002s]
2026-06-03 21:36:20,642 INFO HTTP Request: POST https://open.bigmodel.cn/api/paas/v4/embeddings "HTTP/1.1 200 OK"
2026-06-03 21:36:20,723 INFO PUT http://localhost:9200/_bulk?refresh=false [status:200 duration:0.025s]
2026-06-03 21:36:20,723 INFO Progress: 24380/51354 (64.9/s) — ETA 416s
2026-06-03 21:36:20,725 INFO POST http://localhost:9200/_search/scroll [status:200 duration:0.002s]
2026-06-03 21:36:20,897 INFO HTTP Request: POST https://open.bigmodel.cn/api/paas/v4/embeddings "HTTP/1.1 200 OK"
2026-06-03 21:36:20,974 INFO PUT http://localhost:9200/_bulk?refresh=false [status:200 duration:0.024s]
2026-06-03 21:36:20,974 INFO Progress: 24400/51354 (64.9/s) — ETA 415s
2026-06-03 21:36:20,976 INFO POST http://localhost:9200/_search/scroll [status:200 duration:0.002s]
2026-06-03 21:36:21,148 INFO HTTP Request: POST https://open.bigmodel.cn/api/paas/v4/embeddings "HTTP/1.1 200 OK"
2026-06-03 21:36:21,215 INFO PUT http://localhost:9200/_bulk?refresh=false [status:200 duration:0.030s]
2026-06-03 21:36:21,215 INFO Progress: 24420/51354 (64.9/s) — ETA 415s
2026-06-03 21:36:21,218 INFO POST http://localhost:9200/_search/scroll [status:200 duration:0.003s]
2026-06-03 21:36:21,405 INFO HTTP Request: POST https://open.bigmodel.cn/api/paas/v4/embeddings "HTTP/1.1 200 OK"
2026-06-03 21:36:21,490 INFO PUT http://localhost:9200/_bulk?refresh=false [status:200 duration:0.028s]
2026-06-03 21:36:21,490 INFO Progress: 24440/51354 (64.9/s) — ETA 415s
2026-06-03 21:36:21,493 INFO POST http://localhost:9200/_search/scroll [status:200 duration:0.002s]
2026-06-03 21:36:21,725 INFO HTTP Request: POST https://open.bigmodel.cn/api/paas/v4/embeddings "HTTP/1.1 200 OK"
2026-06-03 21:36:21,806 INFO PUT http://localhost:9200/_bulk?refresh=false [status:200 duration:0.026s]
2026-06-03 21:36:21,806 INFO Progress: 24460/51354 (64.9/s) — ETA 414s
2026-06-03 21:36:21,809 INFO POST http://localhost:9200/_search/scroll [status:200 duration:0.002s]
2026-06-03 21:36:22,003 INFO HTTP Request: POST https://open.bigmodel.cn/api/paas/v4/embeddings "HTTP/1.1 200 OK"
2026-06-03 21:36:22,089 INFO PUT http://localhost:9200/_bulk?refresh=false [status:200 duration:0.027s]
2026-06-03 21:36:22,090 INFO Progress: 24480/51354 (64.9/s) — ETA 414s
2026-06-03 21:36:22,092 INFO POST http://localhost:9200/_search/scroll [status:200 duration:0.002s]
2026-06-03 21:36:22,291 INFO HTTP Request: POST https://open.bigmodel.cn/api/paas/v4/embeddings "HTTP/1.1 200 OK"
2026-06-03 21:36:22,382 INFO PUT http://localhost:9200/_bulk?refresh=false [status:200 duration:0.026s]
2026-06-03 21:36:22,382 INFO Progress: 24500/51354 (64.9/s) — ETA 414s
2026-06-03 21:36:22,384 INFO POST http://localhost:9200/_search/scroll [status:200 duration:0.002s]
2026-06-03 21:36:22,588 INFO HTTP Request: POST https://open.bigmodel.cn/api/paas/v4/embeddings "HTTP/1.1 200 OK"
2026-06-03 21:36:22,666 INFO PUT http://localhost:9200/_bulk?refresh=false [status:200 duration:0.026s]
2026-06-03 21:36:22,667 INFO Progress: 24520/51354 (64.9/s) — ETA 413s
2026-06-03 21:36:22,669 INFO POST http://localhost:9200/_search/scroll [status:200 duration:0.002s]
2026-06-03 21:36:22,853 INFO HTTP Request: POST https://open.bigmodel.cn/api/paas/v4/embeddings "HTTP/1.1 200 OK"
2026-06-03 21:36:22,921 INFO PUT http://localhost:9200/_bulk?refresh=false [status:200 duration:0.025s]
2026-06-03 21:36:22,921 INFO Progress: 24540/51354 (64.9/s) — ETA 413s
2026-06-03 21:36:22,923 INFO POST http://localhost:9200/_search/scroll [status:200 duration:0.002s]
2026-06-03 21:36:23,098 INFO HTTP Request: POST https://open.bigmodel.cn/api/paas/v4/embeddings "HTTP/1.1 200 OK"
2026-06-03 21:36:23,161 INFO PUT http://localhost:9200/_bulk?refresh=false [status:200 duration:0.027s]
2026-06-03 21:36:23,161 INFO Progress: 24560/51354 (64.9/s) — ETA 413s
2026-06-03 21:36:23,164 INFO POST http://localhost:9200/_search/scroll [status:200 duration:0.002s]
2026-06-03 21:36:23,346 INFO HTTP Request: POST https://open.bigmodel.cn/api/paas/v4/embeddings "HTTP/1.1 200 OK"
2026-06-03 21:36:23,424 INFO PUT http://localhost:9200/_bulk?refresh=false [status:200 duration:0.028s]
2026-06-03 21:36:23,424 INFO Progress: 24580/51354 (64.9/s) — ETA 412s
2026-06-03 21:36:23,427 INFO POST http://localhost:9200/_search/scroll [status:200 duration:0.002s]
2026-06-03 21:36:23,624 INFO HTTP Request: POST https://open.bigmodel.cn/api/paas/v4/embeddings "HTTP/1.1 200 OK"
2026-06-03 21:36:23,684 INFO PUT http://localhost:9200/_bulk?refresh=false [status:200 duration:0.025s]
2026-06-03 21:36:23,684 INFO Progress: 24600/51354 (64.9/s) — ETA 412s
2026-06-03 21:36:23,687 INFO POST http://localhost:9200/_search/scroll [status:200 duration:0.002s]
2026-06-03 21:36:23,898 INFO HTTP Request: POST https://open.bigmodel.cn/api/paas/v4/embeddings "HTTP/1.1 200 OK"
2026-06-03 21:36:23,985 INFO PUT http://localhost:9200/_bulk?refresh=false [status:200 duration:0.024s]
2026-06-03 21:36:23,985 INFO Progress: 24620/51354 (64.9/s) — ETA 412s
2026-06-03 21:36:23,987 INFO POST http://localhost:9200/_search/scroll [status:200 duration:0.002s]
2026-06-03 21:36:24,194 INFO HTTP Request: POST https://open.bigmodel.cn/api/paas/v4/embeddings "HTTP/1.1 200 OK"
2026-06-03 21:36:24,277 INFO PUT http://localhost:9200/_bulk?refresh=false [status:200 duration:0.029s]
2026-06-03 21:36:24,277 INFO Progress: 24640/51354 (64.9/s) — ETA 411s
2026-06-03 21:36:24,280 INFO POST http://localhost:9200/_search/scroll [status:200 duration:0.002s]
2026-06-03 21:36:24,442 INFO HTTP Request: POST https://open.bigmodel.cn/api/paas/v4/embeddings "HTTP/1.1 200 OK"
2026-06-03 21:36:24,524 INFO PUT http://localhost:9200/_bulk?refresh=false [status:200 duration:0.024s]
2026-06-03 21:36:24,525 INFO Progress: 24660/51354 (65.0/s) — ETA 411s
2026-06-03 21:36:24,527 INFO POST http://localhost:9200/_search/scroll [status:200 duration:0.002s]
2026-06-03 21:36:24,762 INFO HTTP Request: POST https://open.bigmodel.cn/api/paas/v4/embeddings "HTTP/1.1 200 OK"
2026-06-03 21:36:24,843 INFO PUT http://localhost:9200/_bulk?refresh=false [status:200 duration:0.026s]
2026-06-03 21:36:24,843 INFO Progress: 24680/51354 (65.0/s) — ETA 411s
2026-06-03 21:36:24,846 INFO POST http://localhost:9200/_search/scroll [status:200 duration:0.002s]
2026-06-03 21:36:25,015 INFO HTTP Request: POST https://open.bigmodel.cn/api/paas/v4/embeddings "HTTP/1.1 200 OK"
2026-06-03 21:36:25,105 INFO PUT http://localhost:9200/_bulk?refresh=false [status:200 duration:0.027s]
2026-06-03 21:36:25,105 INFO Progress: 24700/51354 (65.0/s) — ETA 410s
2026-06-03 21:36:25,107 INFO POST http://localhost:9200/_search/scroll [status:200 duration:0.002s]
2026-06-03 21:36:25,312 INFO HTTP Request: POST https://open.bigmodel.cn/api/paas/v4/embeddings "HTTP/1.1 200 OK"
2026-06-03 21:36:25,393 INFO PUT http://localhost:9200/_bulk?refresh=false [status:200 duration:0.027s]
2026-06-03 21:36:25,393 INFO Progress: 24720/51354 (65.0/s) — ETA 410s
2026-06-03 21:36:25,396 INFO POST http://localhost:9200/_search/scroll [status:200 duration:0.002s]
2026-06-03 21:36:25,618 INFO HTTP Request: POST https://open.bigmodel.cn/api/paas/v4/embeddings "HTTP/1.1 200 OK"
2026-06-03 21:36:25,703 INFO PUT http://localhost:9200/_bulk?refresh=false [status:200 duration:0.027s]
2026-06-03 21:36:25,704 INFO Progress: 24740/51354 (65.0/s) — ETA 410s
2026-06-03 21:36:25,706 INFO POST http://localhost:9200/_search/scroll [status:200 duration:0.002s]
2026-06-03 21:36:25,884 INFO HTTP Request: POST https://open.bigmodel.cn/api/paas/v4/embeddings "HTTP/1.1 200 OK"
2026-06-03 21:36:25,965 INFO PUT http://localhost:9200/_bulk?refresh=false [status:200 duration:0.026s]
2026-06-03 21:36:25,966 INFO Progress: 24760/51354 (65.0/s) — ETA 409s
2026-06-03 21:36:25,968 INFO POST http://localhost:9200/_search/scroll [status:200 duration:0.002s]
2026-06-03 21:36:26,169 INFO HTTP Request: POST https://open.bigmodel.cn/api/paas/v4/embeddings "HTTP/1.1 200 OK"
2026-06-03 21:36:26,239 INFO PUT http://localhost:9200/_bulk?refresh=false [status:200 duration:0.025s]
2026-06-03 21:36:26,239 INFO Progress: 24780/51354 (65.0/s) — ETA 409s
2026-06-03 21:36:26,241 INFO POST http://localhost:9200/_search/scroll [status:200 duration:0.002s]
2026-06-03 21:36:26,441 INFO HTTP Request: POST https://open.bigmodel.cn/api/paas/v4/embeddings "HTTP/1.1 200 OK"
2026-06-03 21:36:26,508 INFO PUT http://localhost:9200/_bulk?refresh=false [status:200 duration:0.025s]
2026-06-03 21:36:26,508 INFO Progress: 24800/51354 (65.0/s) — ETA 409s
2026-06-03 21:36:26,510 INFO POST http://localhost:9200/_search/scroll [status:200 duration:0.002s]
2026-06-03 21:36:26,723 INFO HTTP Request: POST https://open.bigmodel.cn/api/paas/v4/embeddings "HTTP/1.1 200 OK"
2026-06-03 21:36:26,809 INFO PUT http://localhost:9200/_bulk?refresh=false [status:200 duration:0.025s]
2026-06-03 21:36:26,809 INFO Progress: 24820/51354 (65.0/s) — ETA 408s
2026-06-03 21:36:26,811 INFO POST http://localhost:9200/_search/scroll [status:200 duration:0.002s]
2026-06-03 21:36:27,021 INFO HTTP Request: POST https://open.bigmodel.cn/api/paas/v4/embeddings "HTTP/1.1 200 OK"
2026-06-03 21:36:27,107 INFO PUT http://localhost:9200/_bulk?refresh=false [status:200 duration:0.029s]
2026-06-03 21:36:27,107 INFO Progress: 24840/51354 (65.0/s) — ETA 408s
2026-06-03 21:36:27,109 INFO POST http://localhost:9200/_search/scroll [status:200 duration:0.002s]
2026-06-03 21:36:27,301 INFO HTTP Request: POST https://open.bigmodel.cn/api/paas/v4/embeddings "HTTP/1.1 200 OK"
2026-06-03 21:36:27,385 INFO PUT http://localhost:9200/_bulk?refresh=false [status:200 duration:0.025s]
2026-06-03 21:36:27,385 INFO Progress: 24860/51354 (65.0/s) — ETA 408s
2026-06-03 21:36:27,387 INFO POST http://localhost:9200/_search/scroll [status:200 duration:0.002s]
2026-06-03 21:36:27,569 INFO HTTP Request: POST https://open.bigmodel.cn/api/paas/v4/embeddings "HTTP/1.1 200 OK"
2026-06-03 21:36:27,640 INFO PUT http://localhost:9200/_bulk?refresh=false [status:200 duration:0.025s]
2026-06-03 21:36:27,640 INFO Progress: 24880/51354 (65.0/s) — ETA 407s
2026-06-03 21:36:27,643 INFO POST http://localhost:9200/_search/scroll [status:200 duration:0.002s]
2026-06-03 21:36:27,830 INFO HTTP Request: POST https://open.bigmodel.cn/api/paas/v4/embeddings "HTTP/1.1 200 OK"
2026-06-03 21:36:27,905 INFO PUT http://localhost:9200/_bulk?refresh=false [status:200 duration:0.028s]
2026-06-03 21:36:27,905 INFO Progress: 24900/51354 (65.0/s) — ETA 407s
2026-06-03 21:36:27,908 INFO POST http://localhost:9200/_search/scroll [status:200 duration:0.002s]
2026-06-03 21:36:28,122 INFO HTTP Request: POST https://open.bigmodel.cn/api/paas/v4/embeddings "HTTP/1.1 200 OK"
2026-06-03 21:36:28,199 INFO PUT http://localhost:9200/_bulk?refresh=false [status:200 duration:0.027s]
2026-06-03 21:36:28,200 INFO Progress: 24920/51354 (65.0/s) — ETA 407s
2026-06-03 21:36:28,202 INFO POST http://localhost:9200/_search/scroll [status:200 duration:0.002s]
2026-06-03 21:36:28,426 INFO HTTP Request: POST https://open.bigmodel.cn/api/paas/v4/embeddings "HTTP/1.1 200 OK"
2026-06-03 21:36:28,513 INFO PUT http://localhost:9200/_bulk?refresh=false [status:200 duration:0.027s]
2026-06-03 21:36:28,513 INFO Progress: 24940/51354 (65.0/s) — ETA 406s
2026-06-03 21:36:28,516 INFO POST http://localhost:9200/_search/scroll [status:200 duration:0.002s]
2026-06-03 21:36:28,722 INFO HTTP Request: POST https://open.bigmodel.cn/api/paas/v4/embeddings "HTTP/1.1 200 OK"
2026-06-03 21:36:28,798 INFO PUT http://localhost:9200/_bulk?refresh=false [status:200 duration:0.035s]
2026-06-03 21:36:28,798 INFO Progress: 24960/51354 (65.0/s) — ETA 406s
2026-06-03 21:36:28,803 INFO POST http://localhost:9200/_search/scroll [status:200 duration:0.005s]
2026-06-03 21:36:28,974 INFO HTTP Request: POST https://open.bigmodel.cn/api/paas/v4/embeddings "HTTP/1.1 200 OK"
2026-06-03 21:36:29,039 INFO PUT http://localhost:9200/_bulk?refresh=false [status:200 duration:0.028s]
2026-06-03 21:36:29,039 INFO Progress: 24980/51354 (65.0/s) — ETA 406s
2026-06-03 21:36:29,043 INFO POST http://localhost:9200/_search/scroll [status:200 duration:0.004s]
2026-06-03 21:36:29,211 INFO HTTP Request: POST https://open.bigmodel.cn/api/paas/v4/embeddings "HTTP/1.1 200 OK"
2026-06-03 21:36:29,296 INFO PUT http://localhost:9200/_bulk?refresh=false [status:200 duration:0.026s]
2026-06-03 21:36:29,296 INFO Progress: 25000/51354 (65.0/s) — ETA 405s
2026-06-03 21:36:29,299 INFO POST http://localhost:9200/_search/scroll [status:200 duration:0.003s]
2026-06-03 21:36:29,515 INFO HTTP Request: POST https://open.bigmodel.cn/api/paas/v4/embeddings "HTTP/1.1 200 OK"
2026-06-03 21:36:29,600 INFO PUT http://localhost:9200/_bulk?refresh=false [status:200 duration:0.028s]
2026-06-03 21:36:29,600 INFO Progress: 25020/51354 (65.0/s) — ETA 405s
2026-06-03 21:36:29,602 INFO POST http://localhost:9200/_search/scroll [status:200 duration:0.002s]
2026-06-03 21:36:29,810 INFO HTTP Request: POST https://open.bigmodel.cn/api/paas/v4/embeddings "HTTP/1.1 200 OK"
2026-06-03 21:36:29,885 INFO PUT http://localhost:9200/_bulk?refresh=false [status:200 duration:0.027s]
2026-06-03 21:36:29,885 INFO Progress: 25040/51354 (65.0/s) — ETA 405s
2026-06-03 21:36:29,887 INFO POST http://localhost:9200/_search/scroll [status:200 duration:0.002s]
2026-06-03 21:36:30,079 INFO HTTP Request: POST https://open.bigmodel.cn/api/paas/v4/embeddings "HTTP/1.1 200 OK"
2026-06-03 21:36:30,164 INFO PUT http://localhost:9200/_bulk?refresh=false [status:200 duration:0.028s]
2026-06-03 21:36:30,164 INFO Progress: 25060/51354 (65.0/s) — ETA 404s
2026-06-03 21:36:30,166 INFO POST http://localhost:9200/_search/scroll [status:200 duration:0.002s]
2026-06-03 21:36:30,417 INFO HTTP Request: POST https://open.bigmodel.cn/api/paas/v4/embeddings "HTTP/1.1 200 OK"
2026-06-03 21:36:30,496 INFO PUT http://localhost:9200/_bulk?refresh=false [status:200 duration:0.026s]
2026-06-03 21:36:30,496 INFO Progress: 25080/51354 (65.0/s) — ETA 404s
2026-06-03 21:36:30,498 INFO POST http://localhost:9200/_search/scroll [status:200 duration:0.002s]
2026-06-03 21:36:30,666 INFO HTTP Request: POST https://open.bigmodel.cn/api/paas/v4/embeddings "HTTP/1.1 200 OK"
2026-06-03 21:36:30,745 INFO PUT http://localhost:9200/_bulk?refresh=false [status:200 duration:0.028s]
2026-06-03 21:36:30,746 INFO Progress: 25100/51354 (65.0/s) — ETA 404s
2026-06-03 21:36:30,748 INFO POST http://localhost:9200/_search/scroll [status:200 duration:0.002s]
2026-06-03 21:36:30,934 INFO HTTP Request: POST https://open.bigmodel.cn/api/paas/v4/embeddings "HTTP/1.1 200 OK"
2026-06-03 21:36:31,019 INFO PUT http://localhost:9200/_bulk?refresh=false [status:200 duration:0.026s]
2026-06-03 21:36:31,019 INFO Progress: 25120/51354 (65.1/s) — ETA 403s
2026-06-03 21:36:31,021 INFO POST http://localhost:9200/_search/scroll [status:200 duration:0.002s]
2026-06-03 21:36:31,325 INFO HTTP Request: POST https://open.bigmodel.cn/api/paas/v4/embeddings "HTTP/1.1 200 OK"
2026-06-03 21:36:31,409 INFO PUT http://localhost:9200/_bulk?refresh=false [status:200 duration:0.028s]
2026-06-03 21:36:31,409 INFO Progress: 25140/51354 (65.0/s) — ETA 403s
2026-06-03 21:36:31,411 INFO POST http://localhost:9200/_search/scroll [status:200 duration:0.002s]
2026-06-03 21:36:31,648 INFO HTTP Request: POST https://open.bigmodel.cn/api/paas/v4/embeddings "HTTP/1.1 200 OK"
2026-06-03 21:36:31,735 INFO PUT http://localhost:9200/_bulk?refresh=false [status:200 duration:0.028s]
2026-06-03 21:36:31,736 INFO Progress: 25160/51354 (65.0/s) — ETA 403s
2026-06-03 21:36:31,738 INFO POST http://localhost:9200/_search/scroll [status:200 duration:0.002s]
2026-06-03 21:36:31,935 INFO HTTP Request: POST https://open.bigmodel.cn/api/paas/v4/embeddings "HTTP/1.1 200 OK"
2026-06-03 21:36:32,022 INFO PUT http://localhost:9200/_bulk?refresh=false [status:200 duration:0.027s]
2026-06-03 21:36:32,022 INFO Progress: 25180/51354 (65.0/s) — ETA 402s
2026-06-03 21:36:32,024 INFO POST http://localhost:9200/_search/scroll [status:200 duration:0.002s]
2026-06-03 21:36:32,229 INFO HTTP Request: POST https://open.bigmodel.cn/api/paas/v4/embeddings "HTTP/1.1 200 OK"
2026-06-03 21:36:32,306 INFO PUT http://localhost:9200/_bulk?refresh=false [status:200 duration:0.027s]
2026-06-03 21:36:32,306 INFO Progress: 25200/51354 (65.0/s) — ETA 402s
2026-06-03 21:36:32,309 INFO POST http://localhost:9200/_search/scroll [status:200 duration:0.002s]
2026-06-03 21:36:32,521 INFO HTTP Request: POST https://open.bigmodel.cn/api/paas/v4/embeddings "HTTP/1.1 200 OK"
2026-06-03 21:36:32,585 INFO PUT http://localhost:9200/_bulk?refresh=false [status:200 duration:0.026s]
2026-06-03 21:36:32,586 INFO Progress: 25220/51354 (65.0/s) — ETA 402s
2026-06-03 21:36:32,588 INFO POST http://localhost:9200/_search/scroll [status:200 duration:0.002s]
2026-06-03 21:36:32,820 INFO HTTP Request: POST https://open.bigmodel.cn/api/paas/v4/embeddings "HTTP/1.1 200 OK"
2026-06-03 21:36:32,884 INFO PUT http://localhost:9200/_bulk?refresh=false [status:200 duration:0.026s]
2026-06-03 21:36:32,884 INFO Progress: 25240/51354 (65.0/s) — ETA 401s
2026-06-03 21:36:32,886 INFO POST http://localhost:9200/_search/scroll [status:200 duration:0.002s]
2026-06-03 21:36:33,516 INFO HTTP Request: POST https://open.bigmodel.cn/api/paas/v4/embeddings "HTTP/1.1 200 OK"
2026-06-03 21:36:33,588 INFO PUT http://localhost:9200/_bulk?refresh=false [status:200 duration:0.025s]
2026-06-03 21:36:33,589 INFO Progress: 25260/51354 (65.0/s) — ETA 402s
2026-06-03 21:36:33,591 INFO POST http://localhost:9200/_search/scroll [status:200 duration:0.002s]
2026-06-03 21:36:33,788 INFO HTTP Request: POST https://open.bigmodel.cn/api/paas/v4/embeddings "HTTP/1.1 200 OK"
2026-06-03 21:36:33,875 INFO PUT http://localhost:9200/_bulk?refresh=false [status:200 duration:0.029s]
2026-06-03 21:36:33,876 INFO Progress: 25280/51354 (65.0/s) — ETA 401s
2026-06-03 21:36:33,878 INFO POST http://localhost:9200/_search/scroll [status:200 duration:0.002s]
2026-06-03 21:36:34,066 INFO HTTP Request: POST https://open.bigmodel.cn/api/paas/v4/embeddings "HTTP/1.1 200 OK"
2026-06-03 21:36:34,152 INFO PUT http://localhost:9200/_bulk?refresh=false [status:200 duration:0.028s]
2026-06-03 21:36:34,152 INFO Progress: 25300/51354 (65.0/s) — ETA 401s
2026-06-03 21:36:34,155 INFO POST http://localhost:9200/_search/scroll [status:200 duration:0.002s]
2026-06-03 21:36:34,381 INFO HTTP Request: POST https://open.bigmodel.cn/api/paas/v4/embeddings "HTTP/1.1 200 OK"
2026-06-03 21:36:34,466 INFO PUT http://localhost:9200/_bulk?refresh=false [status:200 duration:0.026s]
2026-06-03 21:36:34,466 INFO Progress: 25320/51354 (65.0/s) — ETA 401s
2026-06-03 21:36:34,468 INFO POST http://localhost:9200/_search/scroll [status:200 duration:0.002s]
2026-06-03 21:36:34,651 INFO HTTP Request: POST https://open.bigmodel.cn/api/paas/v4/embeddings "HTTP/1.1 200 OK"
2026-06-03 21:36:34,736 INFO PUT http://localhost:9200/_bulk?refresh=false [status:200 duration:0.026s]
2026-06-03 21:36:34,737 INFO Progress: 25340/51354 (65.0/s) — ETA 400s
2026-06-03 21:36:34,739 INFO POST http://localhost:9200/_search/scroll [status:200 duration:0.002s]
2026-06-03 21:36:35,015 INFO HTTP Request: POST https://open.bigmodel.cn/api/paas/v4/embeddings "HTTP/1.1 200 OK"
2026-06-03 21:36:35,090 INFO PUT http://localhost:9200/_bulk?refresh=false [status:200 duration:0.026s]
2026-06-03 21:36:35,090 INFO Progress: 25360/51354 (65.0/s) — ETA 400s
2026-06-03 21:36:35,092 INFO POST http://localhost:9200/_search/scroll [status:200 duration:0.002s]
2026-06-03 21:36:35,307 INFO HTTP Request: POST https://open.bigmodel.cn/api/paas/v4/embeddings "HTTP/1.1 200 OK"
2026-06-03 21:36:35,392 INFO PUT http://localhost:9200/_bulk?refresh=false [status:200 duration:0.026s]
2026-06-03 21:36:35,392 INFO Progress: 25380/51354 (65.0/s) — ETA 400s
2026-06-03 21:36:35,395 INFO POST http://localhost:9200/_search/scroll [status:200 duration:0.002s]
2026-06-03 21:36:35,600 INFO HTTP Request: POST https://open.bigmodel.cn/api/paas/v4/embeddings "HTTP/1.1 200 OK"
2026-06-03 21:36:35,676 INFO PUT http://localhost:9200/_bulk?refresh=false [status:200 duration:0.027s]
2026-06-03 21:36:35,676 INFO Progress: 25400/51354 (65.0/s) — ETA 399s
2026-06-03 21:36:35,678 INFO POST http://localhost:9200/_search/scroll [status:200 duration:0.002s]
2026-06-03 21:36:35,897 INFO HTTP Request: POST https://open.bigmodel.cn/api/paas/v4/embeddings "HTTP/1.1 200 OK"
2026-06-03 21:36:35,974 INFO PUT http://localhost:9200/_bulk?refresh=false [status:200 duration:0.027s]
2026-06-03 21:36:35,975 INFO Progress: 25420/51354 (65.0/s) — ETA 399s
2026-06-03 21:36:35,977 INFO POST http://localhost:9200/_search/scroll [status:200 duration:0.002s]
2026-06-03 21:36:36,162 INFO HTTP Request: POST https://open.bigmodel.cn/api/paas/v4/embeddings "HTTP/1.1 200 OK"
2026-06-03 21:36:36,251 INFO PUT http://localhost:9200/_bulk?refresh=false [status:200 duration:0.026s]
2026-06-03 21:36:36,251 INFO Progress: 25440/51354 (65.0/s) — ETA 399s
2026-06-03 21:36:36,253 INFO POST http://localhost:9200/_search/scroll [status:200 duration:0.002s]
2026-06-03 21:36:36,446 INFO HTTP Request: POST https://open.bigmodel.cn/api/paas/v4/embeddings "HTTP/1.1 200 OK"
2026-06-03 21:36:36,575 INFO PUT http://localhost:9200/_bulk?refresh=false [status:200 duration:0.068s]
2026-06-03 21:36:36,575 INFO Progress: 25460/51354 (65.0/s) — ETA 398s
2026-06-03 21:36:36,577 INFO POST http://localhost:9200/_search/scroll [status:200 duration:0.002s]
2026-06-03 21:36:36,739 INFO HTTP Request: POST https://open.bigmodel.cn/api/paas/v4/embeddings "HTTP/1.1 200 OK"
2026-06-03 21:36:36,818 INFO PUT http://localhost:9200/_bulk?refresh=false [status:200 duration:0.026s]
2026-06-03 21:36:36,818 INFO Progress: 25480/51354 (65.0/s) — ETA 398s
2026-06-03 21:36:36,820 INFO POST http://localhost:9200/_search/scroll [status:200 duration:0.002s]
2026-06-03 21:36:37,034 INFO HTTP Request: POST https://open.bigmodel.cn/api/paas/v4/embeddings "HTTP/1.1 200 OK"
2026-06-03 21:36:37,107 INFO PUT http://localhost:9200/_bulk?refresh=false [status:200 duration:0.029s]
2026-06-03 21:36:37,107 INFO Progress: 25500/51354 (65.0/s) — ETA 398s
2026-06-03 21:36:37,110 INFO POST http://localhost:9200/_search/scroll [status:200 duration:0.002s]
2026-06-03 21:36:37,318 INFO HTTP Request: POST https://open.bigmodel.cn/api/paas/v4/embeddings "HTTP/1.1 200 OK"
2026-06-03 21:36:37,402 INFO PUT http://localhost:9200/_bulk?refresh=false [status:200 duration:0.027s]
2026-06-03 21:36:37,403 INFO Progress: 25520/51354 (65.0/s) — ETA 397s
2026-06-03 21:36:37,405 INFO POST http://localhost:9200/_search/scroll [status:200 duration:0.002s]
2026-06-03 21:36:37,643 INFO HTTP Request: POST https://open.bigmodel.cn/api/paas/v4/embeddings "HTTP/1.1 200 OK"
2026-06-03 21:36:37,732 INFO PUT http://localhost:9200/_bulk?refresh=false [status:200 duration:0.031s]
2026-06-03 21:36:37,732 INFO Progress: 25540/51354 (65.0/s) — ETA 397s
2026-06-03 21:36:37,735 INFO POST http://localhost:9200/_search/scroll [status:200 duration:0.002s]
2026-06-03 21:36:37,958 INFO HTTP Request: POST https://open.bigmodel.cn/api/paas/v4/embeddings "HTTP/1.1 200 OK"
2026-06-03 21:36:38,045 INFO PUT http://localhost:9200/_bulk?refresh=false [status:200 duration:0.027s]
2026-06-03 21:36:38,045 INFO Progress: 25560/51354 (65.0/s) — ETA 397s
2026-06-03 21:36:38,048 INFO POST http://localhost:9200/_search/scroll [status:200 duration:0.002s]
2026-06-03 21:36:38,237 INFO HTTP Request: POST https://open.bigmodel.cn/api/paas/v4/embeddings "HTTP/1.1 200 OK"
2026-06-03 21:36:38,313 INFO PUT http://localhost:9200/_bulk?refresh=false [status:200 duration:0.028s]
2026-06-03 21:36:38,313 INFO Progress: 25580/51354 (65.0/s) — ETA 396s
2026-06-03 21:36:38,316 INFO POST http://localhost:9200/_search/scroll [status:200 duration:0.002s]
2026-06-03 21:36:38,521 INFO HTTP Request: POST https://open.bigmodel.cn/api/paas/v4/embeddings "HTTP/1.1 200 OK"
2026-06-03 21:36:38,582 INFO PUT http://localhost:9200/_bulk?refresh=false [status:200 duration:0.028s]
2026-06-03 21:36:38,583 INFO Progress: 25600/51354 (65.0/s) — ETA 396s
2026-06-03 21:36:38,585 INFO POST http://localhost:9200/_search/scroll [status:200 duration:0.002s]
2026-06-03 21:36:38,753 INFO HTTP Request: POST https://open.bigmodel.cn/api/paas/v4/embeddings "HTTP/1.1 200 OK"
2026-06-03 21:36:38,819 INFO PUT http://localhost:9200/_bulk?refresh=false [status:200 duration:0.028s]
2026-06-03 21:36:38,820 INFO Progress: 25620/51354 (65.0/s) — ETA 396s
2026-06-03 21:36:38,822 INFO POST http://localhost:9200/_search/scroll [status:200 duration:0.002s]
2026-06-03 21:36:38,987 INFO HTTP Request: POST https://open.bigmodel.cn/api/paas/v4/embeddings "HTTP/1.1 200 OK"
2026-06-03 21:36:39,071 INFO PUT http://localhost:9200/_bulk?refresh=false [status:200 duration:0.026s]
2026-06-03 21:36:39,071 INFO Progress: 25640/51354 (65.0/s) — ETA 395s
2026-06-03 21:36:39,073 INFO POST http://localhost:9200/_search/scroll [status:200 duration:0.002s]
2026-06-03 21:36:39,258 INFO HTTP Request: POST https://open.bigmodel.cn/api/paas/v4/embeddings "HTTP/1.1 200 OK"
2026-06-03 21:36:39,322 INFO PUT http://localhost:9200/_bulk?refresh=false [status:200 duration:0.027s]
2026-06-03 21:36:39,322 INFO Progress: 25660/51354 (65.1/s) — ETA 395s
2026-06-03 21:36:39,325 INFO POST http://localhost:9200/_search/scroll [status:200 duration:0.002s]
2026-06-03 21:36:39,547 INFO HTTP Request: POST https://open.bigmodel.cn/api/paas/v4/embeddings "HTTP/1.1 200 OK"
2026-06-03 21:36:39,622 INFO PUT http://localhost:9200/_bulk?refresh=false [status:200 duration:0.027s]
2026-06-03 21:36:39,623 INFO Progress: 25680/51354 (65.1/s) — ETA 395s
2026-06-03 21:36:39,625 INFO POST http://localhost:9200/_search/scroll [status:200 duration:0.002s]
2026-06-03 21:36:39,814 INFO HTTP Request: POST https://open.bigmodel.cn/api/paas/v4/embeddings "HTTP/1.1 200 OK"
2026-06-03 21:36:39,883 INFO PUT http://localhost:9200/_bulk?refresh=false [status:200 duration:0.027s]
2026-06-03 21:36:39,883 INFO Progress: 25700/51354 (65.1/s) — ETA 394s
2026-06-03 21:36:39,886 INFO POST http://localhost:9200/_search/scroll [status:200 duration:0.002s]
2026-06-03 21:36:40,072 INFO HTTP Request: POST https://open.bigmodel.cn/api/paas/v4/embeddings "HTTP/1.1 200 OK"
2026-06-03 21:36:40,132 INFO PUT http://localhost:9200/_bulk?refresh=false [status:200 duration:0.026s]
2026-06-03 21:36:40,132 INFO Progress: 25720/51354 (65.1/s) — ETA 394s
2026-06-03 21:36:40,134 INFO POST http://localhost:9200/_search/scroll [status:200 duration:0.002s]
2026-06-03 21:36:40,344 INFO HTTP Request: POST https://open.bigmodel.cn/api/paas/v4/embeddings "HTTP/1.1 200 OK"
2026-06-03 21:36:40,411 INFO PUT http://localhost:9200/_bulk?refresh=false [status:200 duration:0.028s]
2026-06-03 21:36:40,411 INFO Progress: 25740/51354 (65.1/s) — ETA 394s
2026-06-03 21:36:40,414 INFO POST http://localhost:9200/_search/scroll [status:200 duration:0.003s]
2026-06-03 21:36:40,622 INFO HTTP Request: POST https://open.bigmodel.cn/api/paas/v4/embeddings "HTTP/1.1 200 OK"
2026-06-03 21:36:40,697 INFO PUT http://localhost:9200/_bulk?refresh=false [status:200 duration:0.026s]
2026-06-03 21:36:40,697 INFO Progress: 25760/51354 (65.1/s) — ETA 393s
2026-06-03 21:36:40,699 INFO POST http://localhost:9200/_search/scroll [status:200 duration:0.002s]
2026-06-03 21:36:40,929 INFO HTTP Request: POST https://open.bigmodel.cn/api/paas/v4/embeddings "HTTP/1.1 200 OK"
2026-06-03 21:36:41,017 INFO PUT http://localhost:9200/_bulk?refresh=false [status:200 duration:0.028s]
2026-06-03 21:36:41,017 INFO Progress: 25780/51354 (65.1/s) — ETA 393s
2026-06-03 21:36:41,020 INFO POST http://localhost:9200/_search/scroll [status:200 duration:0.002s]
2026-06-03 21:36:41,193 INFO HTTP Request: POST https://open.bigmodel.cn/api/paas/v4/embeddings "HTTP/1.1 200 OK"
2026-06-03 21:36:41,280 INFO PUT http://localhost:9200/_bulk?refresh=false [status:200 duration:0.029s]
2026-06-03 21:36:41,280 INFO Progress: 25800/51354 (65.1/s) — ETA 393s
2026-06-03 21:36:41,283 INFO POST http://localhost:9200/_search/scroll [status:200 duration:0.002s]
2026-06-03 21:36:41,546 INFO HTTP Request: POST https://open.bigmodel.cn/api/paas/v4/embeddings "HTTP/1.1 200 OK"
2026-06-03 21:36:41,618 INFO PUT http://localhost:9200/_bulk?refresh=false [status:200 duration:0.030s]
2026-06-03 21:36:41,618 INFO Progress: 25820/51354 (65.1/s) — ETA 392s
2026-06-03 21:36:41,621 INFO POST http://localhost:9200/_search/scroll [status:200 duration:0.003s]
2026-06-03 21:36:41,821 INFO HTTP Request: POST https://open.bigmodel.cn/api/paas/v4/embeddings "HTTP/1.1 200 OK"
2026-06-03 21:36:41,914 INFO PUT http://localhost:9200/_bulk?refresh=false [status:200 duration:0.028s]
2026-06-03 21:36:41,915 INFO Progress: 25840/51354 (65.1/s) — ETA 392s
2026-06-03 21:36:41,917 INFO POST http://localhost:9200/_search/scroll [status:200 duration:0.003s]
2026-06-03 21:36:42,107 INFO HTTP Request: POST https://open.bigmodel.cn/api/paas/v4/embeddings "HTTP/1.1 200 OK"
2026-06-03 21:36:42,183 INFO PUT http://localhost:9200/_bulk?refresh=false [status:200 duration:0.027s]
2026-06-03 21:36:42,183 INFO Progress: 25860/51354 (65.1/s) — ETA 392s
2026-06-03 21:36:42,186 INFO POST http://localhost:9200/_search/scroll [status:200 duration:0.002s]
2026-06-03 21:36:42,391 INFO HTTP Request: POST https://open.bigmodel.cn/api/paas/v4/embeddings "HTTP/1.1 200 OK"
2026-06-03 21:36:42,479 INFO PUT http://localhost:9200/_bulk?refresh=false [status:200 duration:0.029s]
2026-06-03 21:36:42,479 INFO Progress: 25880/51354 (65.1/s) — ETA 391s
2026-06-03 21:36:42,482 INFO POST http://localhost:9200/_search/scroll [status:200 duration:0.002s]
2026-06-03 21:36:42,673 INFO HTTP Request: POST https://open.bigmodel.cn/api/paas/v4/embeddings "HTTP/1.1 200 OK"
2026-06-03 21:36:42,738 INFO PUT http://localhost:9200/_bulk?refresh=false [status:200 duration:0.026s]
2026-06-03 21:36:42,738 INFO Progress: 25900/51354 (65.1/s) — ETA 391s
2026-06-03 21:36:42,740 INFO POST http://localhost:9200/_search/scroll [status:200 duration:0.002s]
2026-06-03 21:36:42,956 INFO HTTP Request: POST https://open.bigmodel.cn/api/paas/v4/embeddings "HTTP/1.1 200 OK"
2026-06-03 21:36:43,034 INFO PUT http://localhost:9200/_bulk?refresh=false [status:200 duration:0.029s]
2026-06-03 21:36:43,035 INFO Progress: 25920/51354 (65.1/s) — ETA 391s
2026-06-03 21:36:43,037 INFO POST http://localhost:9200/_search/scroll [status:200 duration:0.002s]
2026-06-03 21:36:43,229 INFO HTTP Request: POST https://open.bigmodel.cn/api/paas/v4/embeddings "HTTP/1.1 200 OK"
2026-06-03 21:36:43,326 INFO PUT http://localhost:9200/_bulk?refresh=false [status:200 duration:0.038s]
2026-06-03 21:36:43,326 INFO Progress: 25940/51354 (65.1/s) — ETA 390s
2026-06-03 21:36:43,331 INFO POST http://localhost:9200/_search/scroll [status:200 duration:0.005s]
2026-06-03 21:36:43,615 INFO HTTP Request: POST https://open.bigmodel.cn/api/paas/v4/embeddings "HTTP/1.1 200 OK"
2026-06-03 21:36:43,690 INFO PUT http://localhost:9200/_bulk?refresh=false [status:200 duration:0.030s]
2026-06-03 21:36:43,690 INFO Progress: 25960/51354 (65.1/s) — ETA 390s
2026-06-03 21:36:43,694 INFO POST http://localhost:9200/_search/scroll [status:200 duration:0.004s]
2026-06-03 21:36:43,863 INFO HTTP Request: POST https://open.bigmodel.cn/api/paas/v4/embeddings "HTTP/1.1 200 OK"
2026-06-03 21:36:43,949 INFO PUT http://localhost:9200/_bulk?refresh=false [status:200 duration:0.026s]
2026-06-03 21:36:43,949 INFO Progress: 25980/51354 (65.1/s) — ETA 390s
2026-06-03 21:36:43,952 INFO POST http://localhost:9200/_search/scroll [status:200 duration:0.002s]
2026-06-03 21:36:44,127 INFO HTTP Request: POST https://open.bigmodel.cn/api/paas/v4/embeddings "HTTP/1.1 200 OK"
2026-06-03 21:36:44,188 INFO PUT http://localhost:9200/_bulk?refresh=false [status:200 duration:0.027s]
2026-06-03 21:36:44,188 INFO Progress: 26000/51354 (65.1/s) — ETA 389s
2026-06-03 21:36:44,191 INFO POST http://localhost:9200/_search/scroll [status:200 duration:0.002s]
2026-06-03 21:36:44,445 INFO HTTP Request: POST https://open.bigmodel.cn/api/paas/v4/embeddings "HTTP/1.1 200 OK"
2026-06-03 21:36:44,533 INFO PUT http://localhost:9200/_bulk?refresh=false [status:200 duration:0.027s]
2026-06-03 21:36:44,533 INFO Progress: 26020/51354 (65.1/s) — ETA 389s
2026-06-03 21:36:44,536 INFO POST http://localhost:9200/_search/scroll [status:200 duration:0.002s]
2026-06-03 21:36:44,751 INFO HTTP Request: POST https://open.bigmodel.cn/api/paas/v4/embeddings "HTTP/1.1 200 OK"
2026-06-03 21:36:44,831 INFO PUT http://localhost:9200/_bulk?refresh=false [status:200 duration:0.027s]
2026-06-03 21:36:44,831 INFO Progress: 26040/51354 (65.1/s) — ETA 389s
2026-06-03 21:36:44,834 INFO POST http://localhost:9200/_search/scroll [status:200 duration:0.002s]
2026-06-03 21:36:45,025 INFO HTTP Request: POST https://open.bigmodel.cn/api/paas/v4/embeddings "HTTP/1.1 200 OK"
2026-06-03 21:36:45,108 INFO PUT http://localhost:9200/_bulk?refresh=false [status:200 duration:0.025s]
2026-06-03 21:36:45,108 INFO Progress: 26060/51354 (65.1/s) — ETA 388s
2026-06-03 21:36:45,111 INFO POST http://localhost:9200/_search/scroll [status:200 duration:0.002s]
2026-06-03 21:36:45,337 INFO HTTP Request: POST https://open.bigmodel.cn/api/paas/v4/embeddings "HTTP/1.1 200 OK"
2026-06-03 21:36:45,392 INFO PUT http://localhost:9200/_bulk?refresh=false [status:200 duration:0.027s]
2026-06-03 21:36:45,392 INFO Progress: 26080/51354 (65.1/s) — ETA 388s
2026-06-03 21:36:45,395 INFO POST http://localhost:9200/_search/scroll [status:200 duration:0.002s]
2026-06-03 21:36:45,585 INFO HTTP Request: POST https://open.bigmodel.cn/api/paas/v4/embeddings "HTTP/1.1 200 OK"
2026-06-03 21:36:45,668 INFO PUT http://localhost:9200/_bulk?refresh=false [status:200 duration:0.027s]
2026-06-03 21:36:45,668 INFO Progress: 26100/51354 (65.1/s) — ETA 388s
2026-06-03 21:36:45,671 INFO POST http://localhost:9200/_search/scroll [status:200 duration:0.002s]
2026-06-03 21:36:45,839 INFO HTTP Request: POST https://open.bigmodel.cn/api/paas/v4/embeddings "HTTP/1.1 200 OK"
2026-06-03 21:36:45,929 INFO PUT http://localhost:9200/_bulk?refresh=false [status:200 duration:0.028s]
2026-06-03 21:36:45,930 INFO Progress: 26120/51354 (65.1/s) — ETA 387s
2026-06-03 21:36:45,932 INFO POST http://localhost:9200/_search/scroll [status:200 duration:0.002s]
2026-06-03 21:36:46,109 INFO HTTP Request: POST https://open.bigmodel.cn/api/paas/v4/embeddings "HTTP/1.1 200 OK"
2026-06-03 21:36:46,172 INFO PUT http://localhost:9200/_bulk?refresh=false [status:200 duration:0.026s]
2026-06-03 21:36:46,173 INFO Progress: 26140/51354 (65.1/s) — ETA 387s
2026-06-03 21:36:46,175 INFO POST http://localhost:9200/_search/scroll [status:200 duration:0.002s]
2026-06-03 21:36:46,361 INFO HTTP Request: POST https://open.bigmodel.cn/api/paas/v4/embeddings "HTTP/1.1 200 OK"
2026-06-03 21:36:46,447 INFO PUT http://localhost:9200/_bulk?refresh=false [status:200 duration:0.028s]
2026-06-03 21:36:46,448 INFO Progress: 26160/51354 (65.1/s) — ETA 387s
2026-06-03 21:36:46,450 INFO POST http://localhost:9200/_search/scroll [status:200 duration:0.002s]
2026-06-03 21:36:46,637 INFO HTTP Request: POST https://open.bigmodel.cn/api/paas/v4/embeddings "HTTP/1.1 200 OK"
2026-06-03 21:36:46,697 INFO PUT http://localhost:9200/_bulk?refresh=false [status:200 duration:0.029s]
2026-06-03 21:36:46,697 INFO Progress: 26180/51354 (65.2/s) — ETA 386s
2026-06-03 21:36:46,699 INFO POST http://localhost:9200/_search/scroll [status:200 duration:0.002s]
2026-06-03 21:36:47,663 INFO HTTP Request: POST https://open.bigmodel.cn/api/paas/v4/embeddings "HTTP/1.1 200 OK"
2026-06-03 21:36:47,751 INFO PUT http://localhost:9200/_bulk?refresh=false [status:200 duration:0.031s]
2026-06-03 21:36:47,751 INFO Progress: 26200/51354 (65.0/s) — ETA 387s
2026-06-03 21:36:47,754 INFO POST http://localhost:9200/_search/scroll [status:200 duration:0.002s]
2026-06-03 21:36:47,941 INFO HTTP Request: POST https://open.bigmodel.cn/api/paas/v4/embeddings "HTTP/1.1 200 OK"
2026-06-03 21:36:47,999 INFO PUT http://localhost:9200/_bulk?refresh=false [status:200 duration:0.027s]
2026-06-03 21:36:47,999 INFO Progress: 26220/51354 (65.0/s) — ETA 386s
2026-06-03 21:36:48,002 INFO POST http://localhost:9200/_search/scroll [status:200 duration:0.002s]
2026-06-03 21:36:48,209 INFO HTTP Request: POST https://open.bigmodel.cn/api/paas/v4/embeddings "HTTP/1.1 200 OK"
2026-06-03 21:36:48,285 INFO PUT http://localhost:9200/_bulk?refresh=false [status:200 duration:0.026s]
2026-06-03 21:36:48,286 INFO Progress: 26240/51354 (65.0/s) — ETA 386s
2026-06-03 21:36:48,288 INFO POST http://localhost:9200/_search/scroll [status:200 duration:0.002s]
2026-06-03 21:36:48,473 INFO HTTP Request: POST https://open.bigmodel.cn/api/paas/v4/embeddings "HTTP/1.1 200 OK"
2026-06-03 21:36:48,560 INFO PUT http://localhost:9200/_bulk?refresh=false [status:200 duration:0.033s]
2026-06-03 21:36:48,560 INFO Progress: 26260/51354 (65.0/s) — ETA 386s
2026-06-03 21:36:48,563 INFO POST http://localhost:9200/_search/scroll [status:200 duration:0.002s]
2026-06-03 21:36:48,749 INFO HTTP Request: POST https://open.bigmodel.cn/api/paas/v4/embeddings "HTTP/1.1 200 OK"
2026-06-03 21:36:48,834 INFO PUT http://localhost:9200/_bulk?refresh=false [status:200 duration:0.027s]
2026-06-03 21:36:48,834 INFO Progress: 26280/51354 (65.1/s) — ETA 385s
2026-06-03 21:36:48,837 INFO POST http://localhost:9200/_search/scroll [status:200 duration:0.002s]
2026-06-03 21:36:49,009 INFO HTTP Request: POST https://open.bigmodel.cn/api/paas/v4/embeddings "HTTP/1.1 200 OK"
2026-06-03 21:36:49,086 INFO PUT http://localhost:9200/_bulk?refresh=false [status:200 duration:0.027s]
2026-06-03 21:36:49,086 INFO Progress: 26300/51354 (65.1/s) — ETA 385s
2026-06-03 21:36:49,089 INFO POST http://localhost:9200/_search/scroll [status:200 duration:0.002s]
2026-06-03 21:36:49,352 INFO HTTP Request: POST https://open.bigmodel.cn/api/paas/v4/embeddings "HTTP/1.1 200 OK"
2026-06-03 21:36:49,435 INFO PUT http://localhost:9200/_bulk?refresh=false [status:200 duration:0.030s]
2026-06-03 21:36:49,435 INFO Progress: 26320/51354 (65.1/s) — ETA 385s
2026-06-03 21:36:49,438 INFO POST http://localhost:9200/_search/scroll [status:200 duration:0.002s]
2026-06-03 21:36:49,613 INFO HTTP Request: POST https://open.bigmodel.cn/api/paas/v4/embeddings "HTTP/1.1 200 OK"
2026-06-03 21:36:49,693 INFO PUT http://localhost:9200/_bulk?refresh=false [status:200 duration:0.028s]
2026-06-03 21:36:49,693 INFO Progress: 26340/51354 (65.1/s) — ETA 384s
2026-06-03 21:36:49,695 INFO POST http://localhost:9200/_search/scroll [status:200 duration:0.002s]
2026-06-03 21:36:49,883 INFO HTTP Request: POST https://open.bigmodel.cn/api/paas/v4/embeddings "HTTP/1.1 200 OK"
2026-06-03 21:36:49,965 INFO PUT http://localhost:9200/_bulk?refresh=false [status:200 duration:0.029s]
2026-06-03 21:36:49,965 INFO Progress: 26360/51354 (65.1/s) — ETA 384s
2026-06-03 21:36:49,967 INFO POST http://localhost:9200/_search/scroll [status:200 duration:0.002s]
2026-06-03 21:36:50,191 INFO HTTP Request: POST https://open.bigmodel.cn/api/paas/v4/embeddings "HTTP/1.1 200 OK"
2026-06-03 21:36:50,254 INFO PUT http://localhost:9200/_bulk?refresh=false [status:200 duration:0.027s]
2026-06-03 21:36:50,255 INFO Progress: 26380/51354 (65.1/s) — ETA 384s
2026-06-03 21:36:50,257 INFO POST http://localhost:9200/_search/scroll [status:200 duration:0.002s]
2026-06-03 21:36:50,465 INFO HTTP Request: POST https://open.bigmodel.cn/api/paas/v4/embeddings "HTTP/1.1 200 OK"
2026-06-03 21:36:50,540 INFO PUT http://localhost:9200/_bulk?refresh=false [status:200 duration:0.027s]
2026-06-03 21:36:50,540 INFO Progress: 26400/51354 (65.1/s) — ETA 383s
2026-06-03 21:36:50,542 INFO POST http://localhost:9200/_search/scroll [status:200 duration:0.002s]
2026-06-03 21:36:50,708 INFO HTTP Request: POST https://open.bigmodel.cn/api/paas/v4/embeddings "HTTP/1.1 200 OK"
2026-06-03 21:36:50,796 INFO PUT http://localhost:9200/_bulk?refresh=false [status:200 duration:0.027s]
2026-06-03 21:36:50,796 INFO Progress: 26420/51354 (65.1/s) — ETA 383s
2026-06-03 21:36:50,798 INFO POST http://localhost:9200/_search/scroll [status:200 duration:0.002s]
2026-06-03 21:36:50,965 INFO HTTP Request: POST https://open.bigmodel.cn/api/paas/v4/embeddings "HTTP/1.1 200 OK"
2026-06-03 21:36:51,048 INFO PUT http://localhost:9200/_bulk?refresh=false [status:200 duration:0.027s]
2026-06-03 21:36:51,049 INFO Progress: 26440/51354 (65.1/s) — ETA 383s
2026-06-03 21:36:51,051 INFO POST http://localhost:9200/_search/scroll [status:200 duration:0.002s]
2026-06-03 21:36:51,312 INFO HTTP Request: POST https://open.bigmodel.cn/api/paas/v4/embeddings "HTTP/1.1 200 OK"
2026-06-03 21:36:51,398 INFO PUT http://localhost:9200/_bulk?refresh=false [status:200 duration:0.028s]
2026-06-03 21:36:51,398 INFO Progress: 26460/51354 (65.1/s) — ETA 382s
2026-06-03 21:36:51,400 INFO POST http://localhost:9200/_search/scroll [status:200 duration:0.002s]
2026-06-03 21:36:51,584 INFO HTTP Request: POST https://open.bigmodel.cn/api/paas/v4/embeddings "HTTP/1.1 200 OK"
2026-06-03 21:36:51,672 INFO PUT http://localhost:9200/_bulk?refresh=false [status:200 duration:0.028s]
2026-06-03 21:36:51,672 INFO Progress: 26480/51354 (65.1/s) — ETA 382s
2026-06-03 21:36:51,674 INFO POST http://localhost:9200/_search/scroll [status:200 duration:0.002s]
2026-06-03 21:36:51,900 INFO HTTP Request: POST https://open.bigmodel.cn/api/paas/v4/embeddings "HTTP/1.1 200 OK"
2026-06-03 21:36:51,976 INFO PUT http://localhost:9200/_bulk?refresh=false [status:200 duration:0.027s]
2026-06-03 21:36:51,976 INFO Progress: 26500/51354 (65.1/s) — ETA 382s
2026-06-03 21:36:51,978 INFO POST http://localhost:9200/_search/scroll [status:200 duration:0.002s]
2026-06-03 21:36:52,142 INFO HTTP Request: POST https://open.bigmodel.cn/api/paas/v4/embeddings "HTTP/1.1 200 OK"
2026-06-03 21:36:52,221 INFO PUT http://localhost:9200/_bulk?refresh=false [status:200 duration:0.028s]
2026-06-03 21:36:52,221 INFO Progress: 26520/51354 (65.1/s) — ETA 381s
2026-06-03 21:36:52,223 INFO POST http://localhost:9200/_search/scroll [status:200 duration:0.002s]
2026-06-03 21:36:52,448 INFO HTTP Request: POST https://open.bigmodel.cn/api/paas/v4/embeddings "HTTP/1.1 200 OK"
2026-06-03 21:36:52,536 INFO PUT http://localhost:9200/_bulk?refresh=false [status:200 duration:0.028s]
2026-06-03 21:36:52,536 INFO Progress: 26540/51354 (65.1/s) — ETA 381s
2026-06-03 21:36:52,539 INFO POST http://localhost:9200/_search/scroll [status:200 duration:0.002s]
2026-06-03 21:36:52,701 INFO HTTP Request: POST https://open.bigmodel.cn/api/paas/v4/embeddings "HTTP/1.1 200 OK"
2026-06-03 21:36:52,784 INFO PUT http://localhost:9200/_bulk?refresh=false [status:200 duration:0.027s]
2026-06-03 21:36:52,785 INFO Progress: 26560/51354 (65.1/s) — ETA 381s
2026-06-03 21:36:52,787 INFO POST http://localhost:9200/_search/scroll [status:200 duration:0.002s]
2026-06-03 21:36:53,008 INFO HTTP Request: POST https://open.bigmodel.cn/api/paas/v4/embeddings "HTTP/1.1 200 OK"
2026-06-03 21:36:53,091 INFO PUT http://localhost:9200/_bulk?refresh=false [status:200 duration:0.028s]
2026-06-03 21:36:53,092 INFO Progress: 26580/51354 (65.1/s) — ETA 380s
2026-06-03 21:36:53,094 INFO POST http://localhost:9200/_search/scroll [status:200 duration:0.003s]
2026-06-03 21:36:53,342 INFO HTTP Request: POST https://open.bigmodel.cn/api/paas/v4/embeddings "HTTP/1.1 200 OK"
2026-06-03 21:36:53,429 INFO PUT http://localhost:9200/_bulk?refresh=false [status:200 duration:0.030s]
2026-06-03 21:36:53,429 INFO Progress: 26600/51354 (65.1/s) — ETA 380s
2026-06-03 21:36:53,432 INFO POST http://localhost:9200/_search/scroll [status:200 duration:0.002s]
2026-06-03 21:36:53,597 INFO HTTP Request: POST https://open.bigmodel.cn/api/paas/v4/embeddings "HTTP/1.1 200 OK"
2026-06-03 21:36:53,676 INFO PUT http://localhost:9200/_bulk?refresh=false [status:200 duration:0.031s]
2026-06-03 21:36:53,676 INFO Progress: 26620/51354 (65.1/s) — ETA 380s
2026-06-03 21:36:53,679 INFO POST http://localhost:9200/_search/scroll [status:200 duration:0.002s]
2026-06-03 21:36:53,864 INFO HTTP Request: POST https://open.bigmodel.cn/api/paas/v4/embeddings "HTTP/1.1 200 OK"
2026-06-03 21:36:53,955 INFO PUT http://localhost:9200/_bulk?refresh=false [status:200 duration:0.027s]
2026-06-03 21:36:53,955 INFO Progress: 26640/51354 (65.1/s) — ETA 380s
2026-06-03 21:36:53,958 INFO POST http://localhost:9200/_search/scroll [status:200 duration:0.002s]
2026-06-03 21:36:54,128 INFO HTTP Request: POST https://open.bigmodel.cn/api/paas/v4/embeddings "HTTP/1.1 200 OK"
2026-06-03 21:36:54,199 INFO PUT http://localhost:9200/_bulk?refresh=false [status:200 duration:0.029s]
2026-06-03 21:36:54,199 INFO Progress: 26660/51354 (65.1/s) — ETA 379s
2026-06-03 21:36:54,202 INFO POST http://localhost:9200/_search/scroll [status:200 duration:0.002s]
2026-06-03 21:36:54,460 INFO HTTP Request: POST https://open.bigmodel.cn/api/paas/v4/embeddings "HTTP/1.1 200 OK"
2026-06-03 21:36:54,551 INFO PUT http://localhost:9200/_bulk?refresh=false [status:200 duration:0.028s]
2026-06-03 21:36:54,551 INFO Progress: 26680/51354 (65.1/s) — ETA 379s
2026-06-03 21:36:54,553 INFO POST http://localhost:9200/_search/scroll [status:200 duration:0.002s]
2026-06-03 21:36:54,713 INFO HTTP Request: POST https://open.bigmodel.cn/api/paas/v4/embeddings "HTTP/1.1 200 OK"
2026-06-03 21:36:54,777 INFO PUT http://localhost:9200/_bulk?refresh=false [status:200 duration:0.028s]
2026-06-03 21:36:54,778 INFO Progress: 26700/51354 (65.1/s) — ETA 379s
2026-06-03 21:36:54,780 INFO POST http://localhost:9200/_search/scroll [status:200 duration:0.002s]
2026-06-03 21:36:54,984 INFO HTTP Request: POST https://open.bigmodel.cn/api/paas/v4/embeddings "HTTP/1.1 200 OK"
2026-06-03 21:36:55,068 INFO PUT http://localhost:9200/_bulk?refresh=false [status:200 duration:0.026s]
2026-06-03 21:36:55,069 INFO Progress: 26720/51354 (65.1/s) — ETA 378s
2026-06-03 21:36:55,071 INFO POST http://localhost:9200/_search/scroll [status:200 duration:0.002s]
2026-06-03 21:36:55,240 INFO HTTP Request: POST https://open.bigmodel.cn/api/paas/v4/embeddings "HTTP/1.1 200 OK"
2026-06-03 21:36:55,315 INFO PUT http://localhost:9200/_bulk?refresh=false [status:200 duration:0.028s]
2026-06-03 21:36:55,315 INFO Progress: 26740/51354 (65.1/s) — ETA 378s
2026-06-03 21:36:55,318 INFO POST http://localhost:9200/_search/scroll [status:200 duration:0.002s]
2026-06-03 21:36:55,736 INFO HTTP Request: POST https://open.bigmodel.cn/api/paas/v4/embeddings "HTTP/1.1 200 OK"
2026-06-03 21:36:55,813 INFO PUT http://localhost:9200/_bulk?refresh=false [status:200 duration:0.033s]
2026-06-03 21:36:55,814 INFO Progress: 26760/51354 (65.1/s) — ETA 378s
2026-06-03 21:36:55,816 INFO POST http://localhost:9200/_search/scroll [status:200 duration:0.002s]
2026-06-03 21:36:56,028 INFO HTTP Request: POST https://open.bigmodel.cn/api/paas/v4/embeddings "HTTP/1.1 200 OK"
2026-06-03 21:36:56,092 INFO PUT http://localhost:9200/_bulk?refresh=false [status:200 duration:0.027s]
2026-06-03 21:36:56,092 INFO Progress: 26780/51354 (65.1/s) — ETA 377s
2026-06-03 21:36:56,095 INFO POST http://localhost:9200/_search/scroll [status:200 duration:0.002s]
2026-06-03 21:36:56,269 INFO HTTP Request: POST https://open.bigmodel.cn/api/paas/v4/embeddings "HTTP/1.1 200 OK"
2026-06-03 21:36:56,342 INFO PUT http://localhost:9200/_bulk?refresh=false [status:200 duration:0.029s]
2026-06-03 21:36:56,343 INFO Progress: 26800/51354 (65.1/s) — ETA 377s
2026-06-03 21:36:56,345 INFO POST http://localhost:9200/_search/scroll [status:200 duration:0.002s]
2026-06-03 21:36:56,543 INFO HTTP Request: POST https://open.bigmodel.cn/api/paas/v4/embeddings "HTTP/1.1 200 OK"
2026-06-03 21:36:56,630 INFO PUT http://localhost:9200/_bulk?refresh=false [status:200 duration:0.027s]
2026-06-03 21:36:56,630 INFO Progress: 26820/51354 (65.1/s) — ETA 377s
2026-06-03 21:36:56,633 INFO POST http://localhost:9200/_search/scroll [status:200 duration:0.002s]
2026-06-03 21:36:56,825 INFO HTTP Request: POST https://open.bigmodel.cn/api/paas/v4/embeddings "HTTP/1.1 200 OK"
2026-06-03 21:36:56,909 INFO PUT http://localhost:9200/_bulk?refresh=false [status:200 duration:0.030s]
2026-06-03 21:36:56,909 INFO Progress: 26840/51354 (65.1/s) — ETA 376s
2026-06-03 21:36:56,912 INFO POST http://localhost:9200/_search/scroll [status:200 duration:0.002s]
2026-06-03 21:36:57,141 INFO HTTP Request: POST https://open.bigmodel.cn/api/paas/v4/embeddings "HTTP/1.1 200 OK"
2026-06-03 21:36:57,225 INFO PUT http://localhost:9200/_bulk?refresh=false [status:200 duration:0.028s]
2026-06-03 21:36:57,225 INFO Progress: 26860/51354 (65.1/s) — ETA 376s
2026-06-03 21:36:57,228 INFO POST http://localhost:9200/_search/scroll [status:200 duration:0.003s]
2026-06-03 21:36:57,442 INFO HTTP Request: POST https://open.bigmodel.cn/api/paas/v4/embeddings "HTTP/1.1 200 OK"
2026-06-03 21:36:57,513 INFO PUT http://localhost:9200/_bulk?refresh=false [status:200 duration:0.027s]
2026-06-03 21:36:57,513 INFO Progress: 26880/51354 (65.1/s) — ETA 376s
2026-06-03 21:36:57,516 INFO POST http://localhost:9200/_search/scroll [status:200 duration:0.002s]
2026-06-03 21:36:57,694 INFO HTTP Request: POST https://open.bigmodel.cn/api/paas/v4/embeddings "HTTP/1.1 200 OK"
2026-06-03 21:36:57,780 INFO PUT http://localhost:9200/_bulk?refresh=false [status:200 duration:0.028s]
2026-06-03 21:36:57,781 INFO Progress: 26900/51354 (65.1/s) — ETA 375s
2026-06-03 21:36:57,784 INFO POST http://localhost:9200/_search/scroll [status:200 duration:0.003s]
2026-06-03 21:36:57,994 INFO HTTP Request: POST https://open.bigmodel.cn/api/paas/v4/embeddings "HTTP/1.1 200 OK"
2026-06-03 21:36:58,080 INFO PUT http://localhost:9200/_bulk?refresh=false [status:200 duration:0.034s]
2026-06-03 21:36:58,080 INFO Progress: 26920/51354 (65.1/s) — ETA 375s
2026-06-03 21:36:58,085 INFO POST http://localhost:9200/_search/scroll [status:200 duration:0.005s]
2026-06-03 21:36:58,293 INFO HTTP Request: POST https://open.bigmodel.cn/api/paas/v4/embeddings "HTTP/1.1 200 OK"
2026-06-03 21:36:58,377 INFO PUT http://localhost:9200/_bulk?refresh=false [status:200 duration:0.033s]
2026-06-03 21:36:58,378 INFO Progress: 26940/51354 (65.1/s) — ETA 375s
2026-06-03 21:36:58,382 INFO POST http://localhost:9200/_search/scroll [status:200 duration:0.004s]
2026-06-03 21:36:58,611 INFO HTTP Request: POST https://open.bigmodel.cn/api/paas/v4/embeddings "HTTP/1.1 200 OK"
2026-06-03 21:36:58,698 INFO PUT http://localhost:9200/_bulk?refresh=false [status:200 duration:0.029s]
2026-06-03 21:36:58,699 INFO Progress: 26960/51354 (65.1/s) — ETA 374s
2026-06-03 21:36:58,701 INFO POST http://localhost:9200/_search/scroll [status:200 duration:0.002s]
2026-06-03 21:36:58,903 INFO HTTP Request: POST https://open.bigmodel.cn/api/paas/v4/embeddings "HTTP/1.1 200 OK"
2026-06-03 21:36:58,975 INFO PUT http://localhost:9200/_bulk?refresh=false [status:200 duration:0.030s]
2026-06-03 21:36:58,976 INFO Progress: 26980/51354 (65.2/s) — ETA 374s
2026-06-03 21:36:58,978 INFO POST http://localhost:9200/_search/scroll [status:200 duration:0.002s]
2026-06-03 21:36:59,151 INFO HTTP Request: POST https://open.bigmodel.cn/api/paas/v4/embeddings "HTTP/1.1 200 OK"
2026-06-03 21:36:59,216 INFO PUT http://localhost:9200/_bulk?refresh=false [status:200 duration:0.029s]
2026-06-03 21:36:59,216 INFO Progress: 27000/51354 (65.2/s) — ETA 374s
2026-06-03 21:36:59,219 INFO POST http://localhost:9200/_search/scroll [status:200 duration:0.002s]
2026-06-03 21:36:59,407 INFO HTTP Request: POST https://open.bigmodel.cn/api/paas/v4/embeddings "HTTP/1.1 200 OK"
2026-06-03 21:36:59,489 INFO PUT http://localhost:9200/_bulk?refresh=false [status:200 duration:0.027s]
2026-06-03 21:36:59,489 INFO Progress: 27020/51354 (65.2/s) — ETA 373s
2026-06-03 21:36:59,491 INFO POST http://localhost:9200/_search/scroll [status:200 duration:0.002s]
2026-06-03 21:36:59,669 INFO HTTP Request: POST https://open.bigmodel.cn/api/paas/v4/embeddings "HTTP/1.1 200 OK"
2026-06-03 21:36:59,752 INFO PUT http://localhost:9200/_bulk?refresh=false [status:200 duration:0.028s]
2026-06-03 21:36:59,752 INFO Progress: 27040/51354 (65.2/s) — ETA 373s
2026-06-03 21:36:59,754 INFO POST http://localhost:9200/_search/scroll [status:200 duration:0.002s]
2026-06-03 21:36:59,976 INFO HTTP Request: POST https://open.bigmodel.cn/api/paas/v4/embeddings "HTTP/1.1 200 OK"
2026-06-03 21:37:00,061 INFO PUT http://localhost:9200/_bulk?refresh=false [status:200 duration:0.031s]
2026-06-03 21:37:00,061 INFO Progress: 27060/51354 (65.2/s) — ETA 373s
2026-06-03 21:37:00,064 INFO POST http://localhost:9200/_search/scroll [status:200 duration:0.003s]
2026-06-03 21:37:00,287 INFO HTTP Request: POST https://open.bigmodel.cn/api/paas/v4/embeddings "HTTP/1.1 200 OK"
2026-06-03 21:37:00,358 INFO PUT http://localhost:9200/_bulk?refresh=false [status:200 duration:0.029s]
2026-06-03 21:37:00,358 INFO Progress: 27080/51354 (65.2/s) — ETA 372s
2026-06-03 21:37:00,361 INFO POST http://localhost:9200/_search/scroll [status:200 duration:0.002s]
2026-06-03 21:37:00,576 INFO HTTP Request: POST https://open.bigmodel.cn/api/paas/v4/embeddings "HTTP/1.1 200 OK"
2026-06-03 21:37:00,657 INFO PUT http://localhost:9200/_bulk?refresh=false [status:200 duration:0.027s]
2026-06-03 21:37:00,657 INFO Progress: 27100/51354 (65.2/s) — ETA 372s
2026-06-03 21:37:00,659 INFO POST http://localhost:9200/_search/scroll [status:200 duration:0.002s]
2026-06-03 21:37:00,826 INFO HTTP Request: POST https://open.bigmodel.cn/api/paas/v4/embeddings "HTTP/1.1 200 OK"
2026-06-03 21:37:00,892 INFO PUT http://localhost:9200/_bulk?refresh=false [status:200 duration:0.029s]
2026-06-03 21:37:00,893 INFO Progress: 27120/51354 (65.2/s) — ETA 372s
2026-06-03 21:37:00,895 INFO POST http://localhost:9200/_search/scroll [status:200 duration:0.002s]
2026-06-03 21:37:01,088 INFO HTTP Request: POST https://open.bigmodel.cn/api/paas/v4/embeddings "HTTP/1.1 200 OK"
2026-06-03 21:37:01,158 INFO PUT http://localhost:9200/_bulk?refresh=false [status:200 duration:0.031s]
2026-06-03 21:37:01,159 INFO Progress: 27140/51354 (65.2/s) — ETA 371s
2026-06-03 21:37:01,161 INFO POST http://localhost:9200/_search/scroll [status:200 duration:0.002s]
2026-06-03 21:37:01,387 INFO HTTP Request: POST https://open.bigmodel.cn/api/paas/v4/embeddings "HTTP/1.1 200 OK"
2026-06-03 21:37:01,472 INFO PUT http://localhost:9200/_bulk?refresh=false [status:200 duration:0.029s]
2026-06-03 21:37:01,472 INFO Progress: 27160/51354 (65.2/s) — ETA 371s
2026-06-03 21:37:01,474 INFO POST http://localhost:9200/_search/scroll [status:200 duration:0.002s]
2026-06-03 21:37:01,679 INFO HTTP Request: POST https://open.bigmodel.cn/api/paas/v4/embeddings "HTTP/1.1 200 OK"
2026-06-03 21:37:01,768 INFO PUT http://localhost:9200/_bulk?refresh=false [status:200 duration:0.032s]
2026-06-03 21:37:01,768 INFO Progress: 27180/51354 (65.2/s) — ETA 371s
2026-06-03 21:37:01,771 INFO POST http://localhost:9200/_search/scroll [status:200 duration:0.002s]
2026-06-03 21:37:01,969 INFO HTTP Request: POST https://open.bigmodel.cn/api/paas/v4/embeddings "HTTP/1.1 200 OK"
2026-06-03 21:37:02,050 INFO PUT http://localhost:9200/_bulk?refresh=false [status:200 duration:0.030s]
2026-06-03 21:37:02,050 INFO Progress: 27200/51354 (65.2/s) — ETA 370s
2026-06-03 21:37:02,052 INFO POST http://localhost:9200/_search/scroll [status:200 duration:0.002s]
2026-06-03 21:37:02,277 INFO HTTP Request: POST https://open.bigmodel.cn/api/paas/v4/embeddings "HTTP/1.1 200 OK"
2026-06-03 21:37:02,363 INFO PUT http://localhost:9200/_bulk?refresh=false [status:200 duration:0.031s]
2026-06-03 21:37:02,363 INFO Progress: 27220/51354 (65.2/s) — ETA 370s
2026-06-03 21:37:02,365 INFO POST http://localhost:9200/_search/scroll [status:200 duration:0.002s]
2026-06-03 21:37:02,598 INFO HTTP Request: POST https://open.bigmodel.cn/api/paas/v4/embeddings "HTTP/1.1 200 OK"
2026-06-03 21:37:02,697 INFO PUT http://localhost:9200/_bulk?refresh=false [status:200 duration:0.039s]
2026-06-03 21:37:02,697 INFO Progress: 27240/51354 (65.2/s) — ETA 370s
2026-06-03 21:37:02,700 INFO POST http://localhost:9200/_search/scroll [status:200 duration:0.002s]
2026-06-03 21:37:02,946 INFO HTTP Request: POST https://open.bigmodel.cn/api/paas/v4/embeddings "HTTP/1.1 200 OK"
2026-06-03 21:37:03,036 INFO PUT http://localhost:9200/_bulk?refresh=false [status:200 duration:0.030s]
2026-06-03 21:37:03,037 INFO Progress: 27260/51354 (65.2/s) — ETA 370s
2026-06-03 21:37:03,039 INFO POST http://localhost:9200/_search/scroll [status:200 duration:0.002s]
2026-06-03 21:37:03,259 INFO HTTP Request: POST https://open.bigmodel.cn/api/paas/v4/embeddings "HTTP/1.1 200 OK"
2026-06-03 21:37:03,339 INFO PUT http://localhost:9200/_bulk?refresh=false [status:200 duration:0.028s]
2026-06-03 21:37:03,340 INFO Progress: 27280/51354 (65.2/s) — ETA 369s
2026-06-03 21:37:03,342 INFO POST http://localhost:9200/_search/scroll [status:200 duration:0.002s]
2026-06-03 21:37:03,523 INFO HTTP Request: POST https://open.bigmodel.cn/api/paas/v4/embeddings "HTTP/1.1 200 OK"
2026-06-03 21:37:03,613 INFO PUT http://localhost:9200/_bulk?refresh=false [status:200 duration:0.030s]
2026-06-03 21:37:03,613 INFO Progress: 27300/51354 (65.2/s) — ETA 369s
2026-06-03 21:37:03,615 INFO POST http://localhost:9200/_search/scroll [status:200 duration:0.002s]
2026-06-03 21:37:03,780 INFO HTTP Request: POST https://open.bigmodel.cn/api/paas/v4/embeddings "HTTP/1.1 200 OK"
2026-06-03 21:37:03,874 INFO PUT http://localhost:9200/_bulk?refresh=false [status:200 duration:0.034s]
2026-06-03 21:37:03,874 INFO Progress: 27320/51354 (65.2/s) — ETA 369s
2026-06-03 21:37:03,876 INFO POST http://localhost:9200/_search/scroll [status:200 duration:0.002s]
2026-06-03 21:37:04,047 INFO HTTP Request: POST https://open.bigmodel.cn/api/paas/v4/embeddings "HTTP/1.1 200 OK"
2026-06-03 21:37:04,136 INFO PUT http://localhost:9200/_bulk?refresh=false [status:200 duration:0.031s]
2026-06-03 21:37:04,136 INFO Progress: 27340/51354 (65.2/s) — ETA 368s
2026-06-03 21:37:04,138 INFO POST http://localhost:9200/_search/scroll [status:200 duration:0.002s]
2026-06-03 21:37:04,342 INFO HTTP Request: POST https://open.bigmodel.cn/api/paas/v4/embeddings "HTTP/1.1 200 OK"
2026-06-03 21:37:04,410 INFO PUT http://localhost:9200/_bulk?refresh=false [status:200 duration:0.029s]
2026-06-03 21:37:04,410 INFO Progress: 27360/51354 (65.2/s) — ETA 368s
2026-06-03 21:37:04,413 INFO POST http://localhost:9200/_search/scroll [status:200 duration:0.002s]
2026-06-03 21:37:04,606 INFO HTTP Request: POST https://open.bigmodel.cn/api/paas/v4/embeddings "HTTP/1.1 200 OK"
2026-06-03 21:37:04,684 INFO PUT http://localhost:9200/_bulk?refresh=false [status:200 duration:0.028s]
2026-06-03 21:37:04,684 INFO Progress: 27380/51354 (65.2/s) — ETA 368s
2026-06-03 21:37:04,687 INFO POST http://localhost:9200/_search/scroll [status:200 duration:0.002s]
2026-06-03 21:37:04,872 INFO HTTP Request: POST https://open.bigmodel.cn/api/paas/v4/embeddings "HTTP/1.1 200 OK"
2026-06-03 21:37:04,941 INFO PUT http://localhost:9200/_bulk?refresh=false [status:200 duration:0.030s]
2026-06-03 21:37:04,942 INFO Progress: 27400/51354 (65.2/s) — ETA 367s
2026-06-03 21:37:04,944 INFO POST http://localhost:9200/_search/scroll [status:200 duration:0.003s]
2026-06-03 21:37:05,117 INFO HTTP Request: POST https://open.bigmodel.cn/api/paas/v4/embeddings "HTTP/1.1 200 OK"
2026-06-03 21:37:05,199 INFO PUT http://localhost:9200/_bulk?refresh=false [status:200 duration:0.028s]
2026-06-03 21:37:05,199 INFO Progress: 27420/51354 (65.2/s) — ETA 367s
2026-06-03 21:37:05,202 INFO POST http://localhost:9200/_search/scroll [status:200 duration:0.002s]
2026-06-03 21:37:05,455 INFO HTTP Request: POST https://open.bigmodel.cn/api/paas/v4/embeddings "HTTP/1.1 200 OK"
2026-06-03 21:37:05,521 INFO PUT http://localhost:9200/_bulk?refresh=false [status:200 duration:0.028s]
2026-06-03 21:37:05,521 INFO Progress: 27440/51354 (65.2/s) — ETA 367s
2026-06-03 21:37:05,524 INFO POST http://localhost:9200/_search/scroll [status:200 duration:0.003s]
2026-06-03 21:37:05,740 INFO HTTP Request: POST https://open.bigmodel.cn/api/paas/v4/embeddings "HTTP/1.1 200 OK"
2026-06-03 21:37:05,824 INFO PUT http://localhost:9200/_bulk?refresh=false [status:200 duration:0.027s]
2026-06-03 21:37:05,824 INFO Progress: 27460/51354 (65.2/s) — ETA 366s
2026-06-03 21:37:05,826 INFO POST http://localhost:9200/_search/scroll [status:200 duration:0.002s]
2026-06-03 21:37:06,059 INFO HTTP Request: POST https://open.bigmodel.cn/api/paas/v4/embeddings "HTTP/1.1 200 OK"
2026-06-03 21:37:06,139 INFO PUT http://localhost:9200/_bulk?refresh=false [status:200 duration:0.029s]
2026-06-03 21:37:06,139 INFO Progress: 27480/51354 (65.2/s) — ETA 366s
2026-06-03 21:37:06,142 INFO POST http://localhost:9200/_search/scroll [status:200 duration:0.002s]
2026-06-03 21:37:06,354 INFO HTTP Request: POST https://open.bigmodel.cn/api/paas/v4/embeddings "HTTP/1.1 200 OK"
2026-06-03 21:37:06,441 INFO PUT http://localhost:9200/_bulk?refresh=false [status:200 duration:0.032s]
2026-06-03 21:37:06,441 INFO Progress: 27500/51354 (65.2/s) — ETA 366s
2026-06-03 21:37:06,444 INFO POST http://localhost:9200/_search/scroll [status:200 duration:0.002s]
2026-06-03 21:37:06,629 INFO HTTP Request: POST https://open.bigmodel.cn/api/paas/v4/embeddings "HTTP/1.1 200 OK"
2026-06-03 21:37:06,714 INFO PUT http://localhost:9200/_bulk?refresh=false [status:200 duration:0.029s]
2026-06-03 21:37:06,714 INFO Progress: 27520/51354 (65.2/s) — ETA 365s
2026-06-03 21:37:06,716 INFO POST http://localhost:9200/_search/scroll [status:200 duration:0.002s]
2026-06-03 21:37:06,927 INFO HTTP Request: POST https://open.bigmodel.cn/api/paas/v4/embeddings "HTTP/1.1 200 OK"
2026-06-03 21:37:07,015 INFO PUT http://localhost:9200/_bulk?refresh=false [status:200 duration:0.031s]
2026-06-03 21:37:07,015 INFO Progress: 27540/51354 (65.2/s) — ETA 365s
2026-06-03 21:37:07,017 INFO POST http://localhost:9200/_search/scroll [status:200 duration:0.002s]
2026-06-03 21:37:07,227 INFO HTTP Request: POST https://open.bigmodel.cn/api/paas/v4/embeddings "HTTP/1.1 200 OK"
2026-06-03 21:37:07,309 INFO PUT http://localhost:9200/_bulk?refresh=false [status:200 duration:0.045s]
2026-06-03 21:37:07,309 INFO Progress: 27560/51354 (65.2/s) — ETA 365s
2026-06-03 21:37:07,312 INFO POST http://localhost:9200/_search/scroll [status:200 duration:0.002s]
2026-06-03 21:37:07,593 INFO HTTP Request: POST https://open.bigmodel.cn/api/paas/v4/embeddings "HTTP/1.1 200 OK"
2026-06-03 21:37:07,727 INFO PUT http://localhost:9200/_bulk?refresh=false [status:200 duration:0.090s]
2026-06-03 21:37:07,727 INFO Progress: 27580/51354 (65.2/s) — ETA 365s
2026-06-03 21:37:07,729 INFO POST http://localhost:9200/_search/scroll [status:200 duration:0.002s]
2026-06-03 21:37:07,978 INFO HTTP Request: POST https://open.bigmodel.cn/api/paas/v4/embeddings "HTTP/1.1 200 OK"
2026-06-03 21:37:08,056 INFO PUT http://localhost:9200/_bulk?refresh=false [status:200 duration:0.024s]
2026-06-03 21:37:08,057 INFO Progress: 27600/51354 (65.2/s) — ETA 364s
2026-06-03 21:37:08,059 INFO POST http://localhost:9200/_search/scroll [status:200 duration:0.002s]
2026-06-03 21:37:08,282 INFO HTTP Request: POST https://open.bigmodel.cn/api/paas/v4/embeddings "HTTP/1.1 200 OK"
2026-06-03 21:37:08,363 INFO PUT http://localhost:9200/_bulk?refresh=false [status:200 duration:0.023s]
2026-06-03 21:37:08,364 INFO Progress: 27620/51354 (65.2/s) — ETA 364s
2026-06-03 21:37:08,366 INFO POST http://localhost:9200/_search/scroll [status:200 duration:0.002s]
2026-06-03 21:37:08,554 INFO HTTP Request: POST https://open.bigmodel.cn/api/paas/v4/embeddings "HTTP/1.1 200 OK"
2026-06-03 21:37:08,623 INFO PUT http://localhost:9200/_bulk?refresh=false [status:200 duration:0.025s]
2026-06-03 21:37:08,623 INFO Progress: 27640/51354 (65.2/s) — ETA 364s
2026-06-03 21:37:08,626 INFO POST http://localhost:9200/_search/scroll [status:200 duration:0.003s]
2026-06-03 21:37:08,817 INFO HTTP Request: POST https://open.bigmodel.cn/api/paas/v4/embeddings "HTTP/1.1 200 OK"
2026-06-03 21:37:08,884 INFO PUT http://localhost:9200/_bulk?refresh=false [status:200 duration:0.023s]
2026-06-03 21:37:08,884 INFO Progress: 27660/51354 (65.2/s) — ETA 363s
2026-06-03 21:37:08,887 INFO POST http://localhost:9200/_search/scroll [status:200 duration:0.002s]
2026-06-03 21:37:09,117 INFO HTTP Request: POST https://open.bigmodel.cn/api/paas/v4/embeddings "HTTP/1.1 200 OK"
2026-06-03 21:37:09,174 INFO PUT http://localhost:9200/_bulk?refresh=false [status:200 duration:0.023s]
2026-06-03 21:37:09,175 INFO Progress: 27680/51354 (65.2/s) — ETA 363s
2026-06-03 21:37:09,177 INFO POST http://localhost:9200/_search/scroll [status:200 duration:0.002s]
2026-06-03 21:37:09,355 INFO HTTP Request: POST https://open.bigmodel.cn/api/paas/v4/embeddings "HTTP/1.1 200 OK"
2026-06-03 21:37:09,443 INFO PUT http://localhost:9200/_bulk?refresh=false [status:200 duration:0.030s]
2026-06-03 21:37:09,443 INFO Progress: 27700/51354 (65.2/s) — ETA 363s
2026-06-03 21:37:09,446 INFO POST http://localhost:9200/_search/scroll [status:200 duration:0.003s]
2026-06-03 21:37:09,667 INFO HTTP Request: POST https://open.bigmodel.cn/api/paas/v4/embeddings "HTTP/1.1 200 OK"
2026-06-03 21:37:09,736 INFO PUT http://localhost:9200/_bulk?refresh=false [status:200 duration:0.025s]
2026-06-03 21:37:09,736 INFO Progress: 27720/51354 (65.2/s) — ETA 362s
2026-06-03 21:37:09,739 INFO POST http://localhost:9200/_search/scroll [status:200 duration:0.003s]
2026-06-03 21:37:10,168 INFO HTTP Request: POST https://open.bigmodel.cn/api/paas/v4/embeddings "HTTP/1.1 200 OK"
2026-06-03 21:37:10,250 INFO PUT http://localhost:9200/_bulk?refresh=false [status:200 duration:0.023s]
2026-06-03 21:37:10,250 INFO Progress: 27740/51354 (65.2/s) — ETA 362s
2026-06-03 21:37:10,253 INFO POST http://localhost:9200/_search/scroll [status:200 duration:0.002s]
2026-06-03 21:37:10,671 INFO HTTP Request: POST https://open.bigmodel.cn/api/paas/v4/embeddings "HTTP/1.1 200 OK"
2026-06-03 21:37:10,747 INFO PUT http://localhost:9200/_bulk?refresh=false [status:200 duration:0.025s]
2026-06-03 21:37:10,747 INFO Progress: 27760/51354 (65.2/s) — ETA 362s
2026-06-03 21:37:10,750 INFO POST http://localhost:9200/_search/scroll [status:200 duration:0.003s]
2026-06-03 21:37:11,612 INFO HTTP Request: POST https://open.bigmodel.cn/api/paas/v4/embeddings "HTTP/1.1 200 OK"
2026-06-03 21:37:11,675 INFO PUT http://localhost:9200/_bulk?refresh=false [status:200 duration:0.025s]
2026-06-03 21:37:11,675 INFO Progress: 27780/51354 (65.1/s) — ETA 362s
2026-06-03 21:37:11,678 INFO POST http://localhost:9200/_search/scroll [status:200 duration:0.002s]
2026-06-03 21:37:11,877 INFO HTTP Request: POST https://open.bigmodel.cn/api/paas/v4/embeddings "HTTP/1.1 200 OK"
2026-06-03 21:37:11,962 INFO PUT http://localhost:9200/_bulk?refresh=false [status:200 duration:0.033s]
2026-06-03 21:37:11,962 INFO Progress: 27800/51354 (65.1/s) — ETA 362s
2026-06-03 21:37:11,967 INFO POST http://localhost:9200/_search/scroll [status:200 duration:0.005s]
2026-06-03 21:37:12,154 INFO HTTP Request: POST https://open.bigmodel.cn/api/paas/v4/embeddings "HTTP/1.1 200 OK"
2026-06-03 21:37:12,240 INFO PUT http://localhost:9200/_bulk?refresh=false [status:200 duration:0.025s]
2026-06-03 21:37:12,240 INFO Progress: 27820/51354 (65.1/s) — ETA 362s
2026-06-03 21:37:12,245 INFO POST http://localhost:9200/_search/scroll [status:200 duration:0.005s]
2026-06-03 21:37:12,442 INFO HTTP Request: POST https://open.bigmodel.cn/api/paas/v4/embeddings "HTTP/1.1 200 OK"
2026-06-03 21:37:12,518 INFO PUT http://localhost:9200/_bulk?refresh=false [status:200 duration:0.025s]
2026-06-03 21:37:12,518 INFO Progress: 27840/51354 (65.1/s) — ETA 361s
2026-06-03 21:37:12,521 INFO POST http://localhost:9200/_search/scroll [status:200 duration:0.003s]
2026-06-03 21:37:12,716 INFO HTTP Request: POST https://open.bigmodel.cn/api/paas/v4/embeddings "HTTP/1.1 200 OK"
2026-06-03 21:37:12,780 INFO PUT http://localhost:9200/_bulk?refresh=false [status:200 duration:0.028s]
2026-06-03 21:37:12,781 INFO Progress: 27860/51354 (65.1/s) — ETA 361s
2026-06-03 21:37:12,783 INFO POST http://localhost:9200/_search/scroll [status:200 duration:0.002s]
2026-06-03 21:37:12,994 INFO HTTP Request: POST https://open.bigmodel.cn/api/paas/v4/embeddings "HTTP/1.1 200 OK"
2026-06-03 21:37:13,058 INFO PUT http://localhost:9200/_bulk?refresh=false [status:200 duration:0.025s]
2026-06-03 21:37:13,059 INFO Progress: 27880/51354 (65.1/s) — ETA 361s
2026-06-03 21:37:13,061 INFO POST http://localhost:9200/_search/scroll [status:200 duration:0.002s]
2026-06-03 21:37:13,250 INFO HTTP Request: POST https://open.bigmodel.cn/api/paas/v4/embeddings "HTTP/1.1 200 OK"
2026-06-03 21:37:13,326 INFO PUT http://localhost:9200/_bulk?refresh=false [status:200 duration:0.024s]
2026-06-03 21:37:13,326 INFO Progress: 27900/51354 (65.1/s) — ETA 360s
2026-06-03 21:37:13,329 INFO POST http://localhost:9200/_search/scroll [status:200 duration:0.003s]
2026-06-03 21:37:13,501 INFO HTTP Request: POST https://open.bigmodel.cn/api/paas/v4/embeddings "HTTP/1.1 200 OK"
2026-06-03 21:37:13,586 INFO PUT http://localhost:9200/_bulk?refresh=false [status:200 duration:0.025s]
2026-06-03 21:37:13,586 INFO Progress: 27920/51354 (65.1/s) — ETA 360s
2026-06-03 21:37:13,589 INFO POST http://localhost:9200/_search/scroll [status:200 duration:0.002s]
2026-06-03 21:37:13,810 INFO HTTP Request: POST https://open.bigmodel.cn/api/paas/v4/embeddings "HTTP/1.1 200 OK"
2026-06-03 21:37:13,894 INFO PUT http://localhost:9200/_bulk?refresh=false [status:200 duration:0.024s]
2026-06-03 21:37:13,894 INFO Progress: 27940/51354 (65.1/s) — ETA 360s
2026-06-03 21:37:13,897 INFO POST http://localhost:9200/_search/scroll [status:200 duration:0.002s]
2026-06-03 21:37:14,100 INFO HTTP Request: POST https://open.bigmodel.cn/api/paas/v4/embeddings "HTTP/1.1 200 OK"
2026-06-03 21:37:14,182 INFO PUT http://localhost:9200/_bulk?refresh=false [status:200 duration:0.022s]
2026-06-03 21:37:14,182 INFO Progress: 27960/51354 (65.1/s) — ETA 359s
2026-06-03 21:37:14,185 INFO POST http://localhost:9200/_search/scroll [status:200 duration:0.002s]
2026-06-03 21:37:14,574 INFO HTTP Request: POST https://open.bigmodel.cn/api/paas/v4/embeddings "HTTP/1.1 200 OK"
2026-06-03 21:37:14,660 INFO PUT http://localhost:9200/_bulk?refresh=false [status:200 duration:0.025s]
2026-06-03 21:37:14,660 INFO Progress: 27980/51354 (65.1/s) — ETA 359s
2026-06-03 21:37:14,663 INFO POST http://localhost:9200/_search/scroll [status:200 duration:0.003s]
2026-06-03 21:37:14,870 INFO HTTP Request: POST https://open.bigmodel.cn/api/paas/v4/embeddings "HTTP/1.1 200 OK"
2026-06-03 21:37:14,945 INFO PUT http://localhost:9200/_bulk?refresh=false [status:200 duration:0.023s]
2026-06-03 21:37:14,945 INFO Progress: 28000/51354 (65.1/s) — ETA 359s
2026-06-03 21:37:14,947 INFO POST http://localhost:9200/_search/scroll [status:200 duration:0.002s]
2026-06-03 21:37:15,348 INFO HTTP Request: POST https://open.bigmodel.cn/api/paas/v4/embeddings "HTTP/1.1 200 OK"
2026-06-03 21:37:15,413 INFO PUT http://localhost:9200/_bulk?refresh=false [status:200 duration:0.024s]
2026-06-03 21:37:15,414 INFO Progress: 28020/51354 (65.1/s) — ETA 359s
2026-06-03 21:37:15,416 INFO POST http://localhost:9200/_search/scroll [status:200 duration:0.003s]
2026-06-03 21:37:15,589 INFO HTTP Request: POST https://open.bigmodel.cn/api/paas/v4/embeddings "HTTP/1.1 200 OK"
2026-06-03 21:37:15,665 INFO PUT http://localhost:9200/_bulk?refresh=false [status:200 duration:0.025s]
2026-06-03 21:37:15,665 INFO Progress: 28040/51354 (65.1/s) — ETA 358s
2026-06-03 21:37:15,668 INFO POST http://localhost:9200/_search/scroll [status:200 duration:0.003s]
2026-06-03 21:37:15,885 INFO HTTP Request: POST https://open.bigmodel.cn/api/paas/v4/embeddings "HTTP/1.1 200 OK"
2026-06-03 21:37:15,939 INFO PUT http://localhost:9200/_bulk?refresh=false [status:200 duration:0.023s]
2026-06-03 21:37:15,939 INFO Progress: 28060/51354 (65.1/s) — ETA 358s
2026-06-03 21:37:15,943 INFO POST http://localhost:9200/_search/scroll [status:200 duration:0.003s]
2026-06-03 21:37:16,138 INFO HTTP Request: POST https://open.bigmodel.cn/api/paas/v4/embeddings "HTTP/1.1 200 OK"
2026-06-03 21:37:16,207 INFO PUT http://localhost:9200/_bulk?refresh=false [status:200 duration:0.029s]
2026-06-03 21:37:16,208 INFO Progress: 28080/51354 (65.1/s) — ETA 358s
2026-06-03 21:37:16,211 INFO POST http://localhost:9200/_search/scroll [status:200 duration:0.003s]
2026-06-03 21:37:16,437 INFO HTTP Request: POST https://open.bigmodel.cn/api/paas/v4/embeddings "HTTP/1.1 200 OK"
2026-06-03 21:37:16,524 INFO PUT http://localhost:9200/_bulk?refresh=false [status:200 duration:0.025s]
2026-06-03 21:37:16,524 INFO Progress: 28100/51354 (65.1/s) — ETA 357s
2026-06-03 21:37:16,527 INFO POST http://localhost:9200/_search/scroll [status:200 duration:0.002s]
2026-06-03 21:37:16,714 INFO HTTP Request: POST https://open.bigmodel.cn/api/paas/v4/embeddings "HTTP/1.1 200 OK"
2026-06-03 21:37:16,794 INFO PUT http://localhost:9200/_bulk?refresh=false [status:200 duration:0.022s]
2026-06-03 21:37:16,795 INFO Progress: 28120/51354 (65.1/s) — ETA 357s
2026-06-03 21:37:16,797 INFO POST http://localhost:9200/_search/scroll [status:200 duration:0.002s]
2026-06-03 21:37:16,961 INFO HTTP Request: POST https://open.bigmodel.cn/api/paas/v4/embeddings "HTTP/1.1 200 OK"
2026-06-03 21:37:17,042 INFO PUT http://localhost:9200/_bulk?refresh=false [status:200 duration:0.023s]
2026-06-03 21:37:17,042 INFO Progress: 28140/51354 (65.1/s) — ETA 357s
2026-06-03 21:37:17,045 INFO POST http://localhost:9200/_search/scroll [status:200 duration:0.002s]
2026-06-03 21:37:17,240 INFO HTTP Request: POST https://open.bigmodel.cn/api/paas/v4/embeddings "HTTP/1.1 200 OK"
2026-06-03 21:37:17,299 INFO PUT http://localhost:9200/_bulk?refresh=false [status:200 duration:0.022s]
2026-06-03 21:37:17,299 INFO Progress: 28160/51354 (65.1/s) — ETA 356s
2026-06-03 21:37:17,302 INFO POST http://localhost:9200/_search/scroll [status:200 duration:0.002s]
2026-06-03 21:37:17,511 INFO HTTP Request: POST https://open.bigmodel.cn/api/paas/v4/embeddings "HTTP/1.1 200 OK"
2026-06-03 21:37:17,592 INFO PUT http://localhost:9200/_bulk?refresh=false [status:200 duration:0.024s]
2026-06-03 21:37:17,592 INFO Progress: 28180/51354 (65.1/s) — ETA 356s
2026-06-03 21:37:17,595 INFO POST http://localhost:9200/_search/scroll [status:200 duration:0.003s]
2026-06-03 21:37:17,804 INFO HTTP Request: POST https://open.bigmodel.cn/api/paas/v4/embeddings "HTTP/1.1 200 OK"
2026-06-03 21:37:17,887 INFO PUT http://localhost:9200/_bulk?refresh=false [status:200 duration:0.024s]
2026-06-03 21:37:17,887 INFO Progress: 28200/51354 (65.1/s) — ETA 356s
2026-06-03 21:37:17,889 INFO POST http://localhost:9200/_search/scroll [status:200 duration:0.002s]
2026-06-03 21:37:18,091 INFO HTTP Request: POST https://open.bigmodel.cn/api/paas/v4/embeddings "HTTP/1.1 200 OK"
2026-06-03 21:37:18,143 INFO PUT http://localhost:9200/_bulk?refresh=false [status:200 duration:0.023s]
2026-06-03 21:37:18,143 INFO Progress: 28220/51354 (65.1/s) — ETA 355s
2026-06-03 21:37:18,146 INFO POST http://localhost:9200/_search/scroll [status:200 duration:0.002s]
2026-06-03 21:37:18,319 INFO HTTP Request: POST https://open.bigmodel.cn/api/paas/v4/embeddings "HTTP/1.1 200 OK"
2026-06-03 21:37:18,406 INFO PUT http://localhost:9200/_bulk?refresh=false [status:200 duration:0.025s]
2026-06-03 21:37:18,406 INFO Progress: 28240/51354 (65.1/s) — ETA 355s
2026-06-03 21:37:18,409 INFO POST http://localhost:9200/_search/scroll [status:200 duration:0.002s]
2026-06-03 21:37:18,603 INFO HTTP Request: POST https://open.bigmodel.cn/api/paas/v4/embeddings "HTTP/1.1 200 OK"
2026-06-03 21:37:18,670 INFO PUT http://localhost:9200/_bulk?refresh=false [status:200 duration:0.023s]
2026-06-03 21:37:18,670 INFO Progress: 28260/51354 (65.1/s) — ETA 355s
2026-06-03 21:37:18,673 INFO POST http://localhost:9200/_search/scroll [status:200 duration:0.003s]
2026-06-03 21:37:18,848 INFO HTTP Request: POST https://open.bigmodel.cn/api/paas/v4/embeddings "HTTP/1.1 200 OK"
2026-06-03 21:37:18,920 INFO PUT http://localhost:9200/_bulk?refresh=false [status:200 duration:0.023s]
2026-06-03 21:37:18,921 INFO Progress: 28280/51354 (65.2/s) — ETA 354s
2026-06-03 21:37:18,924 INFO POST http://localhost:9200/_search/scroll [status:200 duration:0.003s]
2026-06-03 21:37:19,158 INFO HTTP Request: POST https://open.bigmodel.cn/api/paas/v4/embeddings "HTTP/1.1 200 OK"
2026-06-03 21:37:19,241 INFO PUT http://localhost:9200/_bulk?refresh=false [status:200 duration:0.024s]
2026-06-03 21:37:19,242 INFO Progress: 28300/51354 (65.2/s) — ETA 354s
2026-06-03 21:37:19,244 INFO POST http://localhost:9200/_search/scroll [status:200 duration:0.003s]
2026-06-03 21:37:19,407 INFO HTTP Request: POST https://open.bigmodel.cn/api/paas/v4/embeddings "HTTP/1.1 200 OK"
2026-06-03 21:37:19,485 INFO PUT http://localhost:9200/_bulk?refresh=false [status:200 duration:0.024s]
2026-06-03 21:37:19,485 INFO Progress: 28320/51354 (65.2/s) — ETA 353s
2026-06-03 21:37:19,488 INFO POST http://localhost:9200/_search/scroll [status:200 duration:0.002s]
2026-06-03 21:37:19,757 INFO HTTP Request: POST https://open.bigmodel.cn/api/paas/v4/embeddings "HTTP/1.1 200 OK"
2026-06-03 21:37:19,838 INFO PUT http://localhost:9200/_bulk?refresh=false [status:200 duration:0.023s]
2026-06-03 21:37:19,838 INFO Progress: 28340/51354 (65.2/s) — ETA 353s
2026-06-03 21:37:19,841 INFO POST http://localhost:9200/_search/scroll [status:200 duration:0.002s]
2026-06-03 21:37:20,058 INFO HTTP Request: POST https://open.bigmodel.cn/api/paas/v4/embeddings "HTTP/1.1 200 OK"
2026-06-03 21:37:20,147 INFO PUT http://localhost:9200/_bulk?refresh=false [status:200 duration:0.030s]
2026-06-03 21:37:20,147 INFO Progress: 28360/51354 (65.2/s) — ETA 353s
2026-06-03 21:37:20,149 INFO POST http://localhost:9200/_search/scroll [status:200 duration:0.002s]
2026-06-03 21:37:20,369 INFO HTTP Request: POST https://open.bigmodel.cn/api/paas/v4/embeddings "HTTP/1.1 200 OK"
2026-06-03 21:37:20,431 INFO PUT http://localhost:9200/_bulk?refresh=false [status:200 duration:0.022s]
2026-06-03 21:37:20,432 INFO Progress: 28380/51354 (65.2/s) — ETA 353s
2026-06-03 21:37:20,434 INFO POST http://localhost:9200/_search/scroll [status:200 duration:0.002s]
2026-06-03 21:37:20,603 INFO HTTP Request: POST https://open.bigmodel.cn/api/paas/v4/embeddings "HTTP/1.1 200 OK"
2026-06-03 21:37:20,663 INFO PUT http://localhost:9200/_bulk?refresh=false [status:200 duration:0.025s]
2026-06-03 21:37:20,663 INFO Progress: 28400/51354 (65.2/s) — ETA 352s
2026-06-03 21:37:20,666 INFO POST http://localhost:9200/_search/scroll [status:200 duration:0.002s]
2026-06-03 21:37:20,859 INFO HTTP Request: POST https://open.bigmodel.cn/api/paas/v4/embeddings "HTTP/1.1 200 OK"
2026-06-03 21:37:20,940 INFO PUT http://localhost:9200/_bulk?refresh=false [status:200 duration:0.023s]
2026-06-03 21:37:20,941 INFO Progress: 28420/51354 (65.2/s) — ETA 352s
2026-06-03 21:37:20,943 INFO POST http://localhost:9200/_search/scroll [status:200 duration:0.002s]
2026-06-03 21:37:21,161 INFO HTTP Request: POST https://open.bigmodel.cn/api/paas/v4/embeddings "HTTP/1.1 200 OK"
2026-06-03 21:37:21,245 INFO PUT http://localhost:9200/_bulk?refresh=false [status:200 duration:0.023s]
2026-06-03 21:37:21,246 INFO Progress: 28440/51354 (65.2/s) — ETA 352s
2026-06-03 21:37:21,248 INFO POST http://localhost:9200/_search/scroll [status:200 duration:0.002s]
2026-06-03 21:37:21,425 INFO HTTP Request: POST https://open.bigmodel.cn/api/paas/v4/embeddings "HTTP/1.1 200 OK"
2026-06-03 21:37:21,499 INFO PUT http://localhost:9200/_bulk?refresh=false [status:200 duration:0.024s]
2026-06-03 21:37:21,500 INFO Progress: 28460/51354 (65.2/s) — ETA 351s
2026-06-03 21:37:21,502 INFO POST http://localhost:9200/_search/scroll [status:200 duration:0.002s]
2026-06-03 21:37:21,708 INFO HTTP Request: POST https://open.bigmodel.cn/api/paas/v4/embeddings "HTTP/1.1 200 OK"
2026-06-03 21:37:21,788 INFO PUT http://localhost:9200/_bulk?refresh=false [status:200 duration:0.024s]
2026-06-03 21:37:21,788 INFO Progress: 28480/51354 (65.2/s) — ETA 351s
2026-06-03 21:37:21,791 INFO POST http://localhost:9200/_search/scroll [status:200 duration:0.002s]
2026-06-03 21:37:21,984 INFO HTTP Request: POST https://open.bigmodel.cn/api/paas/v4/embeddings "HTTP/1.1 200 OK"
2026-06-03 21:37:22,069 INFO PUT http://localhost:9200/_bulk?refresh=false [status:200 duration:0.024s]
2026-06-03 21:37:22,069 INFO Progress: 28500/51354 (65.2/s) — ETA 351s
2026-06-03 21:37:22,071 INFO POST http://localhost:9200/_search/scroll [status:200 duration:0.002s]
2026-06-03 21:37:22,248 INFO HTTP Request: POST https://open.bigmodel.cn/api/paas/v4/embeddings "HTTP/1.1 200 OK"
2026-06-03 21:37:22,332 INFO PUT http://localhost:9200/_bulk?refresh=false [status:200 duration:0.025s]
2026-06-03 21:37:22,332 INFO Progress: 28520/51354 (65.2/s) — ETA 350s
2026-06-03 21:37:22,335 INFO POST http://localhost:9200/_search/scroll [status:200 duration:0.002s]
2026-06-03 21:37:22,500 INFO HTTP Request: POST https://open.bigmodel.cn/api/paas/v4/embeddings "HTTP/1.1 200 OK"
2026-06-03 21:37:22,578 INFO PUT http://localhost:9200/_bulk?refresh=false [status:200 duration:0.025s]
2026-06-03 21:37:22,578 INFO Progress: 28540/51354 (65.2/s) — ETA 350s
2026-06-03 21:37:22,581 INFO POST http://localhost:9200/_search/scroll [status:200 duration:0.002s]
2026-06-03 21:37:22,778 INFO HTTP Request: POST https://open.bigmodel.cn/api/paas/v4/embeddings "HTTP/1.1 200 OK"
2026-06-03 21:37:22,835 INFO PUT http://localhost:9200/_bulk?refresh=false [status:200 duration:0.022s]
2026-06-03 21:37:22,835 INFO Progress: 28560/51354 (65.2/s) — ETA 350s
2026-06-03 21:37:22,838 INFO POST http://localhost:9200/_search/scroll [status:200 duration:0.002s]
2026-06-03 21:37:23,040 INFO HTTP Request: POST https://open.bigmodel.cn/api/paas/v4/embeddings "HTTP/1.1 200 OK"
2026-06-03 21:37:23,125 INFO PUT http://localhost:9200/_bulk?refresh=false [status:200 duration:0.024s]
2026-06-03 21:37:23,125 INFO Progress: 28580/51354 (65.2/s) — ETA 349s
2026-06-03 21:37:23,128 INFO POST http://localhost:9200/_search/scroll [status:200 duration:0.002s]
2026-06-03 21:37:23,313 INFO HTTP Request: POST https://open.bigmodel.cn/api/paas/v4/embeddings "HTTP/1.1 200 OK"
2026-06-03 21:37:23,373 INFO PUT http://localhost:9200/_bulk?refresh=false [status:200 duration:0.023s]
2026-06-03 21:37:23,374 INFO Progress: 28600/51354 (65.2/s) — ETA 349s
2026-06-03 21:37:23,376 INFO POST http://localhost:9200/_search/scroll [status:200 duration:0.002s]
2026-06-03 21:37:23,607 INFO HTTP Request: POST https://open.bigmodel.cn/api/paas/v4/embeddings "HTTP/1.1 200 OK"
2026-06-03 21:37:23,674 INFO PUT http://localhost:9200/_bulk?refresh=false [status:200 duration:0.023s]
2026-06-03 21:37:23,674 INFO Progress: 28620/51354 (65.2/s) — ETA 349s
2026-06-03 21:37:23,677 INFO POST http://localhost:9200/_search/scroll [status:200 duration:0.002s]
2026-06-03 21:37:23,916 INFO HTTP Request: POST https://open.bigmodel.cn/api/paas/v4/embeddings "HTTP/1.1 200 OK"
2026-06-03 21:37:24,020 INFO PUT http://localhost:9200/_bulk?refresh=false [status:200 duration:0.039s]
2026-06-03 21:37:24,021 INFO Progress: 28640/51354 (65.2/s) — ETA 348s
2026-06-03 21:37:24,026 INFO POST http://localhost:9200/_search/scroll [status:200 duration:0.006s]
2026-06-03 21:37:24,245 INFO HTTP Request: POST https://open.bigmodel.cn/api/paas/v4/embeddings "HTTP/1.1 200 OK"
2026-06-03 21:37:24,333 INFO PUT http://localhost:9200/_bulk?refresh=false [status:200 duration:0.026s]
2026-06-03 21:37:24,333 INFO Progress: 28660/51354 (65.2/s) — ETA 348s
2026-06-03 21:37:24,337 INFO POST http://localhost:9200/_search/scroll [status:200 duration:0.004s]
2026-06-03 21:37:24,530 INFO HTTP Request: POST https://open.bigmodel.cn/api/paas/v4/embeddings "HTTP/1.1 200 OK"
2026-06-03 21:37:24,601 INFO PUT http://localhost:9200/_bulk?refresh=false [status:200 duration:0.025s]
2026-06-03 21:37:24,601 INFO Progress: 28680/51354 (65.2/s) — ETA 348s
2026-06-03 21:37:24,604 INFO POST http://localhost:9200/_search/scroll [status:200 duration:0.002s]
2026-06-03 21:37:24,841 INFO HTTP Request: POST https://open.bigmodel.cn/api/paas/v4/embeddings "HTTP/1.1 200 OK"
2026-06-03 21:37:24,922 INFO PUT http://localhost:9200/_bulk?refresh=false [status:200 duration:0.025s]
2026-06-03 21:37:24,922 INFO Progress: 28700/51354 (65.2/s) — ETA 347s
2026-06-03 21:37:24,925 INFO POST http://localhost:9200/_search/scroll [status:200 duration:0.003s]
2026-06-03 21:37:25,134 INFO HTTP Request: POST https://open.bigmodel.cn/api/paas/v4/embeddings "HTTP/1.1 200 OK"
2026-06-03 21:37:25,193 INFO PUT http://localhost:9200/_bulk?refresh=false [status:200 duration:0.023s]
2026-06-03 21:37:25,193 INFO Progress: 28720/51354 (65.2/s) — ETA 347s
2026-06-03 21:37:25,196 INFO POST http://localhost:9200/_search/scroll [status:200 duration:0.002s]
2026-06-03 21:37:25,382 INFO HTTP Request: POST https://open.bigmodel.cn/api/paas/v4/embeddings "HTTP/1.1 200 OK"
2026-06-03 21:37:25,436 INFO PUT http://localhost:9200/_bulk?refresh=false [status:200 duration:0.023s]
2026-06-03 21:37:25,436 INFO Progress: 28740/51354 (65.2/s) — ETA 347s
2026-06-03 21:37:25,439 INFO POST http://localhost:9200/_search/scroll [status:200 duration:0.002s]
2026-06-03 21:37:25,608 INFO HTTP Request: POST https://open.bigmodel.cn/api/paas/v4/embeddings "HTTP/1.1 200 OK"
2026-06-03 21:37:25,686 INFO PUT http://localhost:9200/_bulk?refresh=false [status:200 duration:0.023s]
2026-06-03 21:37:25,687 INFO Progress: 28760/51354 (65.2/s) — ETA 346s
2026-06-03 21:37:25,689 INFO POST http://localhost:9200/_search/scroll [status:200 duration:0.002s]
2026-06-03 21:37:25,888 INFO HTTP Request: POST https://open.bigmodel.cn/api/paas/v4/embeddings "HTTP/1.1 200 OK"
2026-06-03 21:37:25,975 INFO PUT http://localhost:9200/_bulk?refresh=false [status:200 duration:0.027s]
2026-06-03 21:37:25,975 INFO Progress: 28780/51354 (65.2/s) — ETA 346s
2026-06-03 21:37:25,978 INFO POST http://localhost:9200/_search/scroll [status:200 duration:0.003s]
2026-06-03 21:37:26,210 INFO HTTP Request: POST https://open.bigmodel.cn/api/paas/v4/embeddings "HTTP/1.1 200 OK"
2026-06-03 21:37:26,294 INFO PUT http://localhost:9200/_bulk?refresh=false [status:200 duration:0.023s]
2026-06-03 21:37:26,294 INFO Progress: 28800/51354 (65.2/s) — ETA 346s
2026-06-03 21:37:26,296 INFO POST http://localhost:9200/_search/scroll [status:200 duration:0.002s]
2026-06-03 21:37:26,478 INFO HTTP Request: POST https://open.bigmodel.cn/api/paas/v4/embeddings "HTTP/1.1 200 OK"
2026-06-03 21:37:26,563 INFO PUT http://localhost:9200/_bulk?refresh=false [status:200 duration:0.026s]
2026-06-03 21:37:26,564 INFO Progress: 28820/51354 (65.2/s) — ETA 345s
2026-06-03 21:37:26,566 INFO POST http://localhost:9200/_search/scroll [status:200 duration:0.002s]
2026-06-03 21:37:26,752 INFO HTTP Request: POST https://open.bigmodel.cn/api/paas/v4/embeddings "HTTP/1.1 200 OK"
2026-06-03 21:37:26,832 INFO PUT http://localhost:9200/_bulk?refresh=false [status:200 duration:0.024s]
2026-06-03 21:37:26,832 INFO Progress: 28840/51354 (65.3/s) — ETA 345s
2026-06-03 21:37:26,835 INFO POST http://localhost:9200/_search/scroll [status:200 duration:0.002s]
2026-06-03 21:37:26,993 INFO HTTP Request: POST https://open.bigmodel.cn/api/paas/v4/embeddings "HTTP/1.1 200 OK"
2026-06-03 21:37:27,076 INFO PUT http://localhost:9200/_bulk?refresh=false [status:200 duration:0.023s]
2026-06-03 21:37:27,076 INFO Progress: 28860/51354 (65.3/s) — ETA 345s
2026-06-03 21:37:27,079 INFO POST http://localhost:9200/_search/scroll [status:200 duration:0.002s]
2026-06-03 21:37:27,300 INFO HTTP Request: POST https://open.bigmodel.cn/api/paas/v4/embeddings "HTTP/1.1 200 OK"
2026-06-03 21:37:27,358 INFO PUT http://localhost:9200/_bulk?refresh=false [status:200 duration:0.022s]
2026-06-03 21:37:27,359 INFO Progress: 28880/51354 (65.3/s) — ETA 344s
2026-06-03 21:37:27,362 INFO POST http://localhost:9200/_search/scroll [status:200 duration:0.003s]
2026-06-03 21:37:27,545 INFO HTTP Request: POST https://open.bigmodel.cn/api/paas/v4/embeddings "HTTP/1.1 200 OK"
2026-06-03 21:37:27,627 INFO PUT http://localhost:9200/_bulk?refresh=false [status:200 duration:0.023s]
2026-06-03 21:37:27,627 INFO Progress: 28900/51354 (65.3/s) — ETA 344s
2026-06-03 21:37:27,629 INFO POST http://localhost:9200/_search/scroll [status:200 duration:0.002s]
2026-06-03 21:37:27,823 INFO HTTP Request: POST https://open.bigmodel.cn/api/paas/v4/embeddings "HTTP/1.1 200 OK"
2026-06-03 21:37:27,891 INFO PUT http://localhost:9200/_bulk?refresh=false [status:200 duration:0.027s]
2026-06-03 21:37:27,892 INFO Progress: 28920/51354 (65.3/s) — ETA 344s
2026-06-03 21:37:27,894 INFO POST http://localhost:9200/_search/scroll [status:200 duration:0.002s]
2026-06-03 21:37:28,085 INFO HTTP Request: POST https://open.bigmodel.cn/api/paas/v4/embeddings "HTTP/1.1 200 OK"
2026-06-03 21:37:28,164 INFO PUT http://localhost:9200/_bulk?refresh=false [status:200 duration:0.023s]
2026-06-03 21:37:28,164 INFO Progress: 28940/51354 (65.3/s) — ETA 343s
2026-06-03 21:37:28,167 INFO POST http://localhost:9200/_search/scroll [status:200 duration:0.002s]
2026-06-03 21:37:28,365 INFO HTTP Request: POST https://open.bigmodel.cn/api/paas/v4/embeddings "HTTP/1.1 200 OK"
2026-06-03 21:37:28,447 INFO PUT http://localhost:9200/_bulk?refresh=false [status:200 duration:0.025s]
2026-06-03 21:37:28,448 INFO Progress: 28960/51354 (65.3/s) — ETA 343s
2026-06-03 21:37:28,451 INFO POST http://localhost:9200/_search/scroll [status:200 duration:0.003s]
2026-06-03 21:37:28,641 INFO HTTP Request: POST https://open.bigmodel.cn/api/paas/v4/embeddings "HTTP/1.1 200 OK"
2026-06-03 21:37:28,713 INFO PUT http://localhost:9200/_bulk?refresh=false [status:200 duration:0.026s]
2026-06-03 21:37:28,713 INFO Progress: 28980/51354 (65.3/s) — ETA 343s
2026-06-03 21:37:28,715 INFO POST http://localhost:9200/_search/scroll [status:200 duration:0.002s]
2026-06-03 21:37:28,928 INFO HTTP Request: POST https://open.bigmodel.cn/api/paas/v4/embeddings "HTTP/1.1 200 OK"
2026-06-03 21:37:29,009 INFO PUT http://localhost:9200/_bulk?refresh=false [status:200 duration:0.025s]
2026-06-03 21:37:29,009 INFO Progress: 29000/51354 (65.3/s) — ETA 342s
2026-06-03 21:37:29,014 INFO POST http://localhost:9200/_search/scroll [status:200 duration:0.004s]
2026-06-03 21:37:29,242 INFO HTTP Request: POST https://open.bigmodel.cn/api/paas/v4/embeddings "HTTP/1.1 200 OK"
2026-06-03 21:37:29,318 INFO PUT http://localhost:9200/_bulk?refresh=false [status:200 duration:0.026s]
2026-06-03 21:37:29,318 INFO Progress: 29020/51354 (65.3/s) — ETA 342s
2026-06-03 21:37:29,321 INFO POST http://localhost:9200/_search/scroll [status:200 duration:0.002s]
2026-06-03 21:37:29,513 INFO HTTP Request: POST https://open.bigmodel.cn/api/paas/v4/embeddings "HTTP/1.1 200 OK"
2026-06-03 21:37:29,594 INFO PUT http://localhost:9200/_bulk?refresh=false [status:200 duration:0.023s]
2026-06-03 21:37:29,594 INFO Progress: 29040/51354 (65.3/s) — ETA 342s
2026-06-03 21:37:29,597 INFO POST http://localhost:9200/_search/scroll [status:200 duration:0.002s]
2026-06-03 21:37:29,785 INFO HTTP Request: POST https://open.bigmodel.cn/api/paas/v4/embeddings "HTTP/1.1 200 OK"
2026-06-03 21:37:29,859 INFO PUT http://localhost:9200/_bulk?refresh=false [status:200 duration:0.023s]
2026-06-03 21:37:29,859 INFO Progress: 29060/51354 (65.3/s) — ETA 341s
2026-06-03 21:37:29,861 INFO POST http://localhost:9200/_search/scroll [status:200 duration:0.002s]
2026-06-03 21:37:30,033 INFO HTTP Request: POST https://open.bigmodel.cn/api/paas/v4/embeddings "HTTP/1.1 200 OK"
2026-06-03 21:37:30,113 INFO PUT http://localhost:9200/_bulk?refresh=false [status:200 duration:0.022s]
2026-06-03 21:37:30,113 INFO Progress: 29080/51354 (65.3/s) — ETA 341s
2026-06-03 21:37:30,115 INFO POST http://localhost:9200/_search/scroll [status:200 duration:0.002s]
2026-06-03 21:37:30,323 INFO HTTP Request: POST https://open.bigmodel.cn/api/paas/v4/embeddings "HTTP/1.1 200 OK"
2026-06-03 21:37:30,385 INFO PUT http://localhost:9200/_bulk?refresh=false [status:200 duration:0.024s]
2026-06-03 21:37:30,385 INFO Progress: 29100/51354 (65.3/s) — ETA 341s
2026-06-03 21:37:30,388 INFO POST http://localhost:9200/_search/scroll [status:200 duration:0.002s]
2026-06-03 21:37:30,618 INFO HTTP Request: POST https://open.bigmodel.cn/api/paas/v4/embeddings "HTTP/1.1 200 OK"
2026-06-03 21:37:30,699 INFO PUT http://localhost:9200/_bulk?refresh=false [status:200 duration:0.023s]
2026-06-03 21:37:30,700 INFO Progress: 29120/51354 (65.3/s) — ETA 340s
2026-06-03 21:37:30,702 INFO POST http://localhost:9200/_search/scroll [status:200 duration:0.002s]
2026-06-03 21:37:30,883 INFO HTTP Request: POST https://open.bigmodel.cn/api/paas/v4/embeddings "HTTP/1.1 200 OK"
2026-06-03 21:37:30,964 INFO PUT http://localhost:9200/_bulk?refresh=false [status:200 duration:0.024s]
2026-06-03 21:37:30,965 INFO Progress: 29140/51354 (65.3/s) — ETA 340s
2026-06-03 21:37:30,967 INFO POST http://localhost:9200/_search/scroll [status:200 duration:0.002s]
2026-06-03 21:37:31,163 INFO HTTP Request: POST https://open.bigmodel.cn/api/paas/v4/embeddings "HTTP/1.1 200 OK"
2026-06-03 21:37:31,246 INFO PUT http://localhost:9200/_bulk?refresh=false [status:200 duration:0.023s]
2026-06-03 21:37:31,246 INFO Progress: 29160/51354 (65.3/s) — ETA 340s
2026-06-03 21:37:31,249 INFO POST http://localhost:9200/_search/scroll [status:200 duration:0.002s]
2026-06-03 21:37:31,446 INFO HTTP Request: POST https://open.bigmodel.cn/api/paas/v4/embeddings "HTTP/1.1 200 OK"
2026-06-03 21:37:31,513 INFO PUT http://localhost:9200/_bulk?refresh=false [status:200 duration:0.024s]
2026-06-03 21:37:31,514 INFO Progress: 29180/51354 (65.3/s) — ETA 339s
2026-06-03 21:37:31,516 INFO POST http://localhost:9200/_search/scroll [status:200 duration:0.002s]
2026-06-03 21:37:31,698 INFO HTTP Request: POST https://open.bigmodel.cn/api/paas/v4/embeddings "HTTP/1.1 200 OK"
2026-06-03 21:37:31,776 INFO PUT http://localhost:9200/_bulk?refresh=false [status:200 duration:0.023s]
2026-06-03 21:37:31,776 INFO Progress: 29200/51354 (65.3/s) — ETA 339s
2026-06-03 21:37:31,779 INFO POST http://localhost:9200/_search/scroll [status:200 duration:0.002s]
2026-06-03 21:37:31,943 INFO HTTP Request: POST https://open.bigmodel.cn/api/paas/v4/embeddings "HTTP/1.1 200 OK"
2026-06-03 21:37:32,021 INFO PUT http://localhost:9200/_bulk?refresh=false [status:200 duration:0.023s]
2026-06-03 21:37:32,021 INFO Progress: 29220/51354 (65.3/s) — ETA 339s
2026-06-03 21:37:32,024 INFO POST http://localhost:9200/_search/scroll [status:200 duration:0.002s]
2026-06-03 21:37:32,218 INFO HTTP Request: POST https://open.bigmodel.cn/api/paas/v4/embeddings "HTTP/1.1 200 OK"
2026-06-03 21:37:32,295 INFO PUT http://localhost:9200/_bulk?refresh=false [status:200 duration:0.024s]
2026-06-03 21:37:32,296 INFO Progress: 29240/51354 (65.4/s) — ETA 338s
2026-06-03 21:37:32,298 INFO POST http://localhost:9200/_search/scroll [status:200 duration:0.002s]
2026-06-03 21:37:32,504 INFO HTTP Request: POST https://open.bigmodel.cn/api/paas/v4/embeddings "HTTP/1.1 200 OK"
2026-06-03 21:37:32,584 INFO PUT http://localhost:9200/_bulk?refresh=false [status:200 duration:0.023s]
2026-06-03 21:37:32,584 INFO Progress: 29260/51354 (65.4/s) — ETA 338s
2026-06-03 21:37:32,587 INFO POST http://localhost:9200/_search/scroll [status:200 duration:0.003s]
2026-06-03 21:37:32,782 INFO HTTP Request: POST https://open.bigmodel.cn/api/paas/v4/embeddings "HTTP/1.1 200 OK"
2026-06-03 21:37:32,842 INFO PUT http://localhost:9200/_bulk?refresh=false [status:200 duration:0.023s]
2026-06-03 21:37:32,842 INFO Progress: 29280/51354 (65.4/s) — ETA 338s
2026-06-03 21:37:32,845 INFO POST http://localhost:9200/_search/scroll [status:200 duration:0.002s]
2026-06-03 21:37:33,023 INFO HTTP Request: POST https://open.bigmodel.cn/api/paas/v4/embeddings "HTTP/1.1 200 OK"
2026-06-03 21:37:33,106 INFO PUT http://localhost:9200/_bulk?refresh=false [status:200 duration:0.025s]
2026-06-03 21:37:33,107 INFO Progress: 29300/51354 (65.4/s) — ETA 337s
2026-06-03 21:37:33,110 INFO POST http://localhost:9200/_search/scroll [status:200 duration:0.003s]
2026-06-03 21:37:33,335 INFO HTTP Request: POST https://open.bigmodel.cn/api/paas/v4/embeddings "HTTP/1.1 200 OK"
2026-06-03 21:37:33,415 INFO PUT http://localhost:9200/_bulk?refresh=false [status:200 duration:0.022s]
2026-06-03 21:37:33,415 INFO Progress: 29320/51354 (65.4/s) — ETA 337s
2026-06-03 21:37:33,417 INFO POST http://localhost:9200/_search/scroll [status:200 duration:0.002s]
2026-06-03 21:37:33,597 INFO HTTP Request: POST https://open.bigmodel.cn/api/paas/v4/embeddings "HTTP/1.1 200 OK"
2026-06-03 21:37:33,658 INFO PUT http://localhost:9200/_bulk?refresh=false [status:200 duration:0.024s]
2026-06-03 21:37:33,658 INFO Progress: 29340/51354 (65.4/s) — ETA 337s
2026-06-03 21:37:33,661 INFO POST http://localhost:9200/_search/scroll [status:200 duration:0.002s]
2026-06-03 21:37:33,831 INFO HTTP Request: POST https://open.bigmodel.cn/api/paas/v4/embeddings "HTTP/1.1 200 OK"
2026-06-03 21:37:33,894 INFO PUT http://localhost:9200/_bulk?refresh=false [status:200 duration:0.024s]
2026-06-03 21:37:33,894 INFO Progress: 29360/51354 (65.4/s) — ETA 336s
2026-06-03 21:37:33,897 INFO POST http://localhost:9200/_search/scroll [status:200 duration:0.002s]
2026-06-03 21:37:34,099 INFO HTTP Request: POST https://open.bigmodel.cn/api/paas/v4/embeddings "HTTP/1.1 200 OK"
2026-06-03 21:37:34,179 INFO PUT http://localhost:9200/_bulk?refresh=false [status:200 duration:0.024s]
2026-06-03 21:37:34,179 INFO Progress: 29380/51354 (65.4/s) — ETA 336s
2026-06-03 21:37:34,181 INFO POST http://localhost:9200/_search/scroll [status:200 duration:0.002s]
2026-06-03 21:37:34,410 INFO HTTP Request: POST https://open.bigmodel.cn/api/paas/v4/embeddings "HTTP/1.1 200 OK"
2026-06-03 21:37:34,486 INFO PUT http://localhost:9200/_bulk?refresh=false [status:200 duration:0.024s]
2026-06-03 21:37:34,486 INFO Progress: 29400/51354 (65.4/s) — ETA 336s
2026-06-03 21:37:34,489 INFO POST http://localhost:9200/_search/scroll [status:200 duration:0.002s]
2026-06-03 21:37:34,696 INFO HTTP Request: POST https://open.bigmodel.cn/api/paas/v4/embeddings "HTTP/1.1 200 OK"
2026-06-03 21:37:34,782 INFO PUT http://localhost:9200/_bulk?refresh=false [status:200 duration:0.024s]
2026-06-03 21:37:34,783 INFO Progress: 29420/51354 (65.4/s) — ETA 335s
2026-06-03 21:37:34,785 INFO POST http://localhost:9200/_search/scroll [status:200 duration:0.002s]
2026-06-03 21:37:34,998 INFO HTTP Request: POST https://open.bigmodel.cn/api/paas/v4/embeddings "HTTP/1.1 200 OK"
2026-06-03 21:37:35,065 INFO PUT http://localhost:9200/_bulk?refresh=false [status:200 duration:0.023s]
2026-06-03 21:37:35,065 INFO Progress: 29440/51354 (65.4/s) — ETA 335s
2026-06-03 21:37:35,068 INFO POST http://localhost:9200/_search/scroll [status:200 duration:0.002s]
2026-06-03 21:37:35,249 INFO HTTP Request: POST https://open.bigmodel.cn/api/paas/v4/embeddings "HTTP/1.1 200 OK"
2026-06-03 21:37:35,323 INFO PUT http://localhost:9200/_bulk?refresh=false [status:200 duration:0.024s]
2026-06-03 21:37:35,323 INFO Progress: 29460/51354 (65.4/s) — ETA 335s
2026-06-03 21:37:35,326 INFO POST http://localhost:9200/_search/scroll [status:200 duration:0.002s]
2026-06-03 21:37:35,532 INFO HTTP Request: POST https://open.bigmodel.cn/api/paas/v4/embeddings "HTTP/1.1 200 OK"
2026-06-03 21:37:35,601 INFO PUT http://localhost:9200/_bulk?refresh=false [status:200 duration:0.023s]
2026-06-03 21:37:35,601 INFO Progress: 29480/51354 (65.4/s) — ETA 334s
2026-06-03 21:37:35,604 INFO POST http://localhost:9200/_search/scroll [status:200 duration:0.003s]
2026-06-03 21:37:35,836 INFO HTTP Request: POST https://open.bigmodel.cn/api/paas/v4/embeddings "HTTP/1.1 200 OK"
2026-06-03 21:37:35,898 INFO PUT http://localhost:9200/_bulk?refresh=false [status:200 duration:0.024s]
2026-06-03 21:37:35,898 INFO Progress: 29500/51354 (65.4/s) — ETA 334s
2026-06-03 21:37:35,901 INFO POST http://localhost:9200/_search/scroll [status:200 duration:0.002s]
2026-06-03 21:37:36,080 INFO HTTP Request: POST https://open.bigmodel.cn/api/paas/v4/embeddings "HTTP/1.1 200 OK"
2026-06-03 21:37:36,175 INFO PUT http://localhost:9200/_bulk?refresh=false [status:200 duration:0.035s]
2026-06-03 21:37:36,176 INFO Progress: 29520/51354 (65.4/s) — ETA 334s
2026-06-03 21:37:36,181 INFO POST http://localhost:9200/_search/scroll [status:200 duration:0.005s]
2026-06-03 21:37:36,350 INFO HTTP Request: POST https://open.bigmodel.cn/api/paas/v4/embeddings "HTTP/1.1 200 OK"
2026-06-03 21:37:36,433 INFO PUT http://localhost:9200/_bulk?refresh=false [status:200 duration:0.027s]
2026-06-03 21:37:36,434 INFO Progress: 29540/51354 (65.4/s) — ETA 333s
2026-06-03 21:37:36,438 INFO POST http://localhost:9200/_search/scroll [status:200 duration:0.004s]
2026-06-03 21:37:36,626 INFO HTTP Request: POST https://open.bigmodel.cn/api/paas/v4/embeddings "HTTP/1.1 200 OK"
2026-06-03 21:37:36,708 INFO PUT http://localhost:9200/_bulk?refresh=false [status:200 duration:0.024s]
2026-06-03 21:37:36,708 INFO Progress: 29560/51354 (65.4/s) — ETA 333s
2026-06-03 21:37:36,711 INFO POST http://localhost:9200/_search/scroll [status:200 duration:0.003s]
2026-06-03 21:37:36,903 INFO HTTP Request: POST https://open.bigmodel.cn/api/paas/v4/embeddings "HTTP/1.1 200 OK"
2026-06-03 21:37:36,982 INFO PUT http://localhost:9200/_bulk?refresh=false [status:200 duration:0.025s]
2026-06-03 21:37:36,982 INFO Progress: 29580/51354 (65.4/s) — ETA 333s
2026-06-03 21:37:36,985 INFO POST http://localhost:9200/_search/scroll [status:200 duration:0.002s]
2026-06-03 21:37:37,202 INFO HTTP Request: POST https://open.bigmodel.cn/api/paas/v4/embeddings "HTTP/1.1 200 OK"
2026-06-03 21:37:37,269 INFO PUT http://localhost:9200/_bulk?refresh=false [status:200 duration:0.023s]
2026-06-03 21:37:37,269 INFO Progress: 29600/51354 (65.4/s) — ETA 332s
2026-06-03 21:37:37,271 INFO POST http://localhost:9200/_search/scroll [status:200 duration:0.002s]
2026-06-03 21:37:37,430 INFO HTTP Request: POST https://open.bigmodel.cn/api/paas/v4/embeddings "HTTP/1.1 200 OK"
2026-06-03 21:37:37,513 INFO PUT http://localhost:9200/_bulk?refresh=false [status:200 duration:0.023s]
2026-06-03 21:37:37,513 INFO Progress: 29620/51354 (65.4/s) — ETA 332s
2026-06-03 21:37:37,516 INFO POST http://localhost:9200/_search/scroll [status:200 duration:0.002s]
2026-06-03 21:37:37,736 INFO HTTP Request: POST https://open.bigmodel.cn/api/paas/v4/embeddings "HTTP/1.1 200 OK"
2026-06-03 21:37:37,799 INFO PUT http://localhost:9200/_bulk?refresh=false [status:200 duration:0.023s]
2026-06-03 21:37:37,799 INFO Progress: 29640/51354 (65.4/s) — ETA 332s
2026-06-03 21:37:37,802 INFO POST http://localhost:9200/_search/scroll [status:200 duration:0.003s]
2026-06-03 21:37:38,016 INFO HTTP Request: POST https://open.bigmodel.cn/api/paas/v4/embeddings "HTTP/1.1 200 OK"
2026-06-03 21:37:38,096 INFO PUT http://localhost:9200/_bulk?refresh=false [status:200 duration:0.023s]
2026-06-03 21:37:38,096 INFO Progress: 29660/51354 (65.4/s) — ETA 332s
2026-06-03 21:37:38,099 INFO POST http://localhost:9200/_search/scroll [status:200 duration:0.002s]
2026-06-03 21:37:38,263 INFO HTTP Request: POST https://open.bigmodel.cn/api/paas/v4/embeddings "HTTP/1.1 200 OK"
2026-06-03 21:37:38,329 INFO PUT http://localhost:9200/_bulk?refresh=false [status:200 duration:0.023s]
2026-06-03 21:37:38,330 INFO Progress: 29680/51354 (65.5/s) — ETA 331s
2026-06-03 21:37:38,332 INFO POST http://localhost:9200/_search/scroll [status:200 duration:0.002s]
2026-06-03 21:37:38,504 INFO HTTP Request: POST https://open.bigmodel.cn/api/paas/v4/embeddings "HTTP/1.1 200 OK"
2026-06-03 21:37:38,571 INFO PUT http://localhost:9200/_bulk?refresh=false [status:200 duration:0.023s]
2026-06-03 21:37:38,571 INFO Progress: 29700/51354 (65.5/s) — ETA 331s
2026-06-03 21:37:38,574 INFO POST http://localhost:9200/_search/scroll [status:200 duration:0.002s]
2026-06-03 21:37:38,810 INFO HTTP Request: POST https://open.bigmodel.cn/api/paas/v4/embeddings "HTTP/1.1 200 OK"
2026-06-03 21:37:38,888 INFO PUT http://localhost:9200/_bulk?refresh=false [status:200 duration:0.022s]
2026-06-03 21:37:38,889 INFO Progress: 29720/51354 (65.5/s) — ETA 330s
2026-06-03 21:37:38,891 INFO POST http://localhost:9200/_search/scroll [status:200 duration:0.002s]
2026-06-03 21:37:39,111 INFO HTTP Request: POST https://open.bigmodel.cn/api/paas/v4/embeddings "HTTP/1.1 200 OK"
2026-06-03 21:37:39,199 INFO PUT http://localhost:9200/_bulk?refresh=false [status:200 duration:0.024s]
2026-06-03 21:37:39,199 INFO Progress: 29740/51354 (65.5/s) — ETA 330s
2026-06-03 21:37:39,202 INFO POST http://localhost:9200/_search/scroll [status:200 duration:0.002s]
2026-06-03 21:37:39,400 INFO HTTP Request: POST https://open.bigmodel.cn/api/paas/v4/embeddings "HTTP/1.1 200 OK"
2026-06-03 21:37:39,482 INFO PUT http://localhost:9200/_bulk?refresh=false [status:200 duration:0.024s]
2026-06-03 21:37:39,482 INFO Progress: 29760/51354 (65.5/s) — ETA 330s
2026-06-03 21:37:39,484 INFO POST http://localhost:9200/_search/scroll [status:200 duration:0.002s]
2026-06-03 21:37:39,654 INFO HTTP Request: POST https://open.bigmodel.cn/api/paas/v4/embeddings "HTTP/1.1 200 OK"
2026-06-03 21:37:39,723 INFO PUT http://localhost:9200/_bulk?refresh=false [status:200 duration:0.024s]
2026-06-03 21:37:39,723 INFO Progress: 29780/51354 (65.5/s) — ETA 330s
2026-06-03 21:37:39,726 INFO POST http://localhost:9200/_search/scroll [status:200 duration:0.002s]
2026-06-03 21:37:39,921 INFO HTTP Request: POST https://open.bigmodel.cn/api/paas/v4/embeddings "HTTP/1.1 200 OK"
2026-06-03 21:37:40,005 INFO PUT http://localhost:9200/_bulk?refresh=false [status:200 duration:0.024s]
2026-06-03 21:37:40,005 INFO Progress: 29800/51354 (65.5/s) — ETA 329s
2026-06-03 21:37:40,008 INFO POST http://localhost:9200/_search/scroll [status:200 duration:0.003s]
2026-06-03 21:37:40,248 INFO HTTP Request: POST https://open.bigmodel.cn/api/paas/v4/embeddings "HTTP/1.1 200 OK"
2026-06-03 21:37:40,324 INFO PUT http://localhost:9200/_bulk?refresh=false [status:200 duration:0.023s]
2026-06-03 21:37:40,324 INFO Progress: 29820/51354 (65.5/s) — ETA 329s
2026-06-03 21:37:40,326 INFO POST http://localhost:9200/_search/scroll [status:200 duration:0.002s]
2026-06-03 21:37:40,546 INFO HTTP Request: POST https://open.bigmodel.cn/api/paas/v4/embeddings "HTTP/1.1 200 OK"
2026-06-03 21:37:40,626 INFO PUT http://localhost:9200/_bulk?refresh=false [status:200 duration:0.027s]
2026-06-03 21:37:40,627 INFO Progress: 29840/51354 (65.5/s) — ETA 329s
2026-06-03 21:37:40,629 INFO POST http://localhost:9200/_search/scroll [status:200 duration:0.002s]
2026-06-03 21:37:40,837 INFO HTTP Request: POST https://open.bigmodel.cn/api/paas/v4/embeddings "HTTP/1.1 200 OK"
2026-06-03 21:37:40,916 INFO PUT http://localhost:9200/_bulk?refresh=false [status:200 duration:0.027s]
2026-06-03 21:37:40,916 INFO Progress: 29860/51354 (65.5/s) — ETA 328s
2026-06-03 21:37:40,919 INFO POST http://localhost:9200/_search/scroll [status:200 duration:0.003s]
2026-06-03 21:37:41,141 INFO HTTP Request: POST https://open.bigmodel.cn/api/paas/v4/embeddings "HTTP/1.1 200 OK"
2026-06-03 21:37:41,226 INFO PUT http://localhost:9200/_bulk?refresh=false [status:200 duration:0.024s]
2026-06-03 21:37:41,226 INFO Progress: 29880/51354 (65.5/s) — ETA 328s
2026-06-03 21:37:41,228 INFO POST http://localhost:9200/_search/scroll [status:200 duration:0.002s]
2026-06-03 21:37:41,436 INFO HTTP Request: POST https://open.bigmodel.cn/api/paas/v4/embeddings "HTTP/1.1 200 OK"
2026-06-03 21:37:41,519 INFO PUT http://localhost:9200/_bulk?refresh=false [status:200 duration:0.025s]
2026-06-03 21:37:41,520 INFO Progress: 29900/51354 (65.5/s) — ETA 328s
2026-06-03 21:37:41,522 INFO POST http://localhost:9200/_search/scroll [status:200 duration:0.002s]
2026-06-03 21:37:41,729 INFO HTTP Request: POST https://open.bigmodel.cn/api/paas/v4/embeddings "HTTP/1.1 200 OK"
2026-06-03 21:37:41,798 INFO PUT http://localhost:9200/_bulk?refresh=false [status:200 duration:0.025s]
2026-06-03 21:37:41,798 INFO Progress: 29920/51354 (65.5/s) — ETA 327s
2026-06-03 21:37:41,800 INFO POST http://localhost:9200/_search/scroll [status:200 duration:0.002s]
2026-06-03 21:37:42,031 INFO HTTP Request: POST https://open.bigmodel.cn/api/paas/v4/embeddings "HTTP/1.1 200 OK"
2026-06-03 21:37:42,106 INFO PUT http://localhost:9200/_bulk?refresh=false [status:200 duration:0.023s]
2026-06-03 21:37:42,106 INFO Progress: 29940/51354 (65.5/s) — ETA 327s
2026-06-03 21:37:42,109 INFO POST http://localhost:9200/_search/scroll [status:200 duration:0.002s]
2026-06-03 21:37:42,286 INFO HTTP Request: POST https://open.bigmodel.cn/api/paas/v4/embeddings "HTTP/1.1 200 OK"
2026-06-03 21:37:42,371 INFO PUT http://localhost:9200/_bulk?refresh=false [status:200 duration:0.025s]
2026-06-03 21:37:42,371 INFO Progress: 29960/51354 (65.5/s) — ETA 327s
2026-06-03 21:37:42,374 INFO POST http://localhost:9200/_search/scroll [status:200 duration:0.002s]
2026-06-03 21:37:42,543 INFO HTTP Request: POST https://open.bigmodel.cn/api/paas/v4/embeddings "HTTP/1.1 200 OK"
2026-06-03 21:37:42,620 INFO PUT http://localhost:9200/_bulk?refresh=false [status:200 duration:0.024s]
2026-06-03 21:37:42,621 INFO Progress: 29980/51354 (65.5/s) — ETA 326s
2026-06-03 21:37:42,623 INFO POST http://localhost:9200/_search/scroll [status:200 duration:0.002s]
2026-06-03 21:37:42,826 INFO HTTP Request: POST https://open.bigmodel.cn/api/paas/v4/embeddings "HTTP/1.1 200 OK"
2026-06-03 21:37:42,891 INFO PUT http://localhost:9200/_bulk?refresh=false [status:200 duration:0.025s]
2026-06-03 21:37:42,892 INFO Progress: 30000/51354 (65.5/s) — ETA 326s
2026-06-03 21:37:42,894 INFO POST http://localhost:9200/_search/scroll [status:200 duration:0.002s]
2026-06-03 21:37:43,076 INFO HTTP Request: POST https://open.bigmodel.cn/api/paas/v4/embeddings "HTTP/1.1 200 OK"
2026-06-03 21:37:43,160 INFO PUT http://localhost:9200/_bulk?refresh=false [status:200 duration:0.025s]
2026-06-03 21:37:43,161 INFO Progress: 30020/51354 (65.5/s) — ETA 326s
2026-06-03 21:37:43,163 INFO POST http://localhost:9200/_search/scroll [status:200 duration:0.002s]
2026-06-03 21:37:43,383 INFO HTTP Request: POST https://open.bigmodel.cn/api/paas/v4/embeddings "HTTP/1.1 200 OK"
2026-06-03 21:37:43,466 INFO PUT http://localhost:9200/_bulk?refresh=false [status:200 duration:0.025s]
2026-06-03 21:37:43,467 INFO Progress: 30040/51354 (65.5/s) — ETA 325s
2026-06-03 21:37:43,469 INFO POST http://localhost:9200/_search/scroll [status:200 duration:0.002s]
2026-06-03 21:37:43,688 INFO HTTP Request: POST https://open.bigmodel.cn/api/paas/v4/embeddings "HTTP/1.1 200 OK"
2026-06-03 21:37:43,770 INFO PUT http://localhost:9200/_bulk?refresh=false [status:200 duration:0.026s]
2026-06-03 21:37:43,770 INFO Progress: 30060/51354 (65.5/s) — ETA 325s
2026-06-03 21:37:43,773 INFO POST http://localhost:9200/_search/scroll [status:200 duration:0.003s]
2026-06-03 21:37:43,939 INFO HTTP Request: POST https://open.bigmodel.cn/api/paas/v4/embeddings "HTTP/1.1 200 OK"
2026-06-03 21:37:44,013 INFO PUT http://localhost:9200/_bulk?refresh=false [status:200 duration:0.025s]
2026-06-03 21:37:44,013 INFO Progress: 30080/51354 (65.5/s) — ETA 325s
2026-06-03 21:37:44,016 INFO POST http://localhost:9200/_search/scroll [status:200 duration:0.002s]
2026-06-03 21:37:44,226 INFO HTTP Request: POST https://open.bigmodel.cn/api/paas/v4/embeddings "HTTP/1.1 200 OK"
2026-06-03 21:37:44,293 INFO PUT http://localhost:9200/_bulk?refresh=false [status:200 duration:0.023s]
2026-06-03 21:37:44,293 INFO Progress: 30100/51354 (65.5/s) — ETA 324s
2026-06-03 21:37:44,296 INFO POST http://localhost:9200/_search/scroll [status:200 duration:0.002s]
2026-06-03 21:37:44,496 INFO HTTP Request: POST https://open.bigmodel.cn/api/paas/v4/embeddings "HTTP/1.1 200 OK"
2026-06-03 21:37:44,567 INFO PUT http://localhost:9200/_bulk?refresh=false [status:200 duration:0.026s]
2026-06-03 21:37:44,567 INFO Progress: 30120/51354 (65.5/s) — ETA 324s
2026-06-03 21:37:44,570 INFO POST http://localhost:9200/_search/scroll [status:200 duration:0.002s]
2026-06-03 21:37:44,819 INFO HTTP Request: POST https://open.bigmodel.cn/api/paas/v4/embeddings "HTTP/1.1 200 OK"
2026-06-03 21:37:44,887 INFO PUT http://localhost:9200/_bulk?refresh=false [status:200 duration:0.026s]
2026-06-03 21:37:44,887 INFO Progress: 30140/51354 (65.5/s) — ETA 324s
2026-06-03 21:37:44,890 INFO POST http://localhost:9200/_search/scroll [status:200 duration:0.003s]
2026-06-03 21:37:45,091 INFO HTTP Request: POST https://open.bigmodel.cn/api/paas/v4/embeddings "HTTP/1.1 200 OK"
2026-06-03 21:37:45,171 INFO PUT http://localhost:9200/_bulk?refresh=false [status:200 duration:0.026s]
2026-06-03 21:37:45,172 INFO Progress: 30160/51354 (65.5/s) — ETA 323s
2026-06-03 21:37:45,175 INFO POST http://localhost:9200/_search/scroll [status:200 duration:0.003s]
2026-06-03 21:37:45,346 INFO HTTP Request: POST https://open.bigmodel.cn/api/paas/v4/embeddings "HTTP/1.1 200 OK"
2026-06-03 21:37:45,428 INFO PUT http://localhost:9200/_bulk?refresh=false [status:200 duration:0.025s]
2026-06-03 21:37:45,428 INFO Progress: 30180/51354 (65.5/s) — ETA 323s
2026-06-03 21:37:45,431 INFO POST http://localhost:9200/_search/scroll [status:200 duration:0.002s]
2026-06-03 21:37:45,660 INFO HTTP Request: POST https://open.bigmodel.cn/api/paas/v4/embeddings "HTTP/1.1 200 OK"
2026-06-03 21:37:45,758 INFO PUT http://localhost:9200/_bulk?refresh=false [status:200 duration:0.029s]
2026-06-03 21:37:45,758 INFO Progress: 30200/51354 (65.5/s) — ETA 323s
2026-06-03 21:37:45,761 INFO POST http://localhost:9200/_search/scroll [status:200 duration:0.002s]
2026-06-03 21:37:46,015 INFO HTTP Request: POST https://open.bigmodel.cn/api/paas/v4/embeddings "HTTP/1.1 200 OK"
2026-06-03 21:37:46,076 INFO PUT http://localhost:9200/_bulk?refresh=false [status:200 duration:0.024s]
2026-06-03 21:37:46,076 INFO Progress: 30220/51354 (65.5/s) — ETA 323s
2026-06-03 21:37:46,079 INFO POST http://localhost:9200/_search/scroll [status:200 duration:0.002s]
2026-06-03 21:37:46,280 INFO HTTP Request: POST https://open.bigmodel.cn/api/paas/v4/embeddings "HTTP/1.1 200 OK"
2026-06-03 21:37:46,343 INFO PUT http://localhost:9200/_bulk?refresh=false [status:200 duration:0.027s]
2026-06-03 21:37:46,343 INFO Progress: 30240/51354 (65.5/s) — ETA 322s
2026-06-03 21:37:46,346 INFO POST http://localhost:9200/_search/scroll [status:200 duration:0.003s]
2026-06-03 21:37:46,561 INFO HTTP Request: POST https://open.bigmodel.cn/api/paas/v4/embeddings "HTTP/1.1 200 OK"
2026-06-03 21:37:46,632 INFO PUT http://localhost:9200/_bulk?refresh=false [status:200 duration:0.026s]
2026-06-03 21:37:46,632 INFO Progress: 30260/51354 (65.5/s) — ETA 322s
2026-06-03 21:37:46,635 INFO POST http://localhost:9200/_search/scroll [status:200 duration:0.002s]
2026-06-03 21:37:46,857 INFO HTTP Request: POST https://open.bigmodel.cn/api/paas/v4/embeddings "HTTP/1.1 200 OK"
2026-06-03 21:37:46,950 INFO PUT http://localhost:9200/_bulk?refresh=false [status:200 duration:0.028s]
2026-06-03 21:37:46,950 INFO Progress: 30280/51354 (65.5/s) — ETA 322s
2026-06-03 21:37:46,953 INFO POST http://localhost:9200/_search/scroll [status:200 duration:0.002s]
2026-06-03 21:37:47,121 INFO HTTP Request: POST https://open.bigmodel.cn/api/paas/v4/embeddings "HTTP/1.1 200 OK"
2026-06-03 21:37:47,203 INFO PUT http://localhost:9200/_bulk?refresh=false [status:200 duration:0.025s]
2026-06-03 21:37:47,203 INFO Progress: 30300/51354 (65.5/s) — ETA 321s
2026-06-03 21:37:47,206 INFO POST http://localhost:9200/_search/scroll [status:200 duration:0.002s]
2026-06-03 21:37:47,394 INFO HTTP Request: POST https://open.bigmodel.cn/api/paas/v4/embeddings "HTTP/1.1 200 OK"
2026-06-03 21:37:47,464 INFO PUT http://localhost:9200/_bulk?refresh=false [status:200 duration:0.027s]
2026-06-03 21:37:47,464 INFO Progress: 30320/51354 (65.5/s) — ETA 321s
2026-06-03 21:37:47,467 INFO POST http://localhost:9200/_search/scroll [status:200 duration:0.003s]
2026-06-03 21:37:47,705 INFO HTTP Request: POST https://open.bigmodel.cn/api/paas/v4/embeddings "HTTP/1.1 200 OK"
2026-06-03 21:37:47,790 INFO PUT http://localhost:9200/_bulk?refresh=false [status:200 duration:0.025s]
2026-06-03 21:37:47,790 INFO Progress: 30340/51354 (65.5/s) — ETA 321s
2026-06-03 21:37:47,792 INFO POST http://localhost:9200/_search/scroll [status:200 duration:0.002s]
2026-06-03 21:37:47,992 INFO HTTP Request: POST https://open.bigmodel.cn/api/paas/v4/embeddings "HTTP/1.1 200 OK"
2026-06-03 21:37:48,053 INFO PUT http://localhost:9200/_bulk?refresh=false [status:200 duration:0.026s]
2026-06-03 21:37:48,053 INFO Progress: 30360/51354 (65.5/s) — ETA 320s
2026-06-03 21:37:48,055 INFO POST http://localhost:9200/_search/scroll [status:200 duration:0.002s]
2026-06-03 21:37:48,279 INFO HTTP Request: POST https://open.bigmodel.cn/api/paas/v4/embeddings "HTTP/1.1 200 OK"
2026-06-03 21:37:48,369 INFO PUT http://localhost:9200/_bulk?refresh=false [status:200 duration:0.029s]
2026-06-03 21:37:48,369 INFO Progress: 30380/51354 (65.5/s) — ETA 320s
2026-06-03 21:37:48,372 INFO POST http://localhost:9200/_search/scroll [status:200 duration:0.002s]
2026-06-03 21:37:48,576 INFO HTTP Request: POST https://open.bigmodel.cn/api/paas/v4/embeddings "HTTP/1.1 200 OK"
2026-06-03 21:37:48,657 INFO PUT http://localhost:9200/_bulk?refresh=false [status:200 duration:0.026s]
2026-06-03 21:37:48,657 INFO Progress: 30400/51354 (65.5/s) — ETA 320s
2026-06-03 21:37:48,660 INFO POST http://localhost:9200/_search/scroll [status:200 duration:0.002s]
2026-06-03 21:37:48,879 INFO HTTP Request: POST https://open.bigmodel.cn/api/paas/v4/embeddings "HTTP/1.1 200 OK"
2026-06-03 21:37:48,966 INFO PUT http://localhost:9200/_bulk?refresh=false [status:200 duration:0.027s]
2026-06-03 21:37:48,967 INFO Progress: 30420/51354 (65.5/s) — ETA 319s
2026-06-03 21:37:48,969 INFO POST http://localhost:9200/_search/scroll [status:200 duration:0.002s]
2026-06-03 21:37:49,180 INFO HTTP Request: POST https://open.bigmodel.cn/api/paas/v4/embeddings "HTTP/1.1 200 OK"
2026-06-03 21:37:49,261 INFO PUT http://localhost:9200/_bulk?refresh=false [status:200 duration:0.026s]
2026-06-03 21:37:49,262 INFO Progress: 30440/51354 (65.5/s) — ETA 319s
2026-06-03 21:37:49,264 INFO POST http://localhost:9200/_search/scroll [status:200 duration:0.002s]
2026-06-03 21:37:49,472 INFO HTTP Request: POST https://open.bigmodel.cn/api/paas/v4/embeddings "HTTP/1.1 200 OK"
2026-06-03 21:37:49,535 INFO PUT http://localhost:9200/_bulk?refresh=false [status:200 duration:0.025s]
2026-06-03 21:37:49,535 INFO Progress: 30460/51354 (65.6/s) — ETA 319s
2026-06-03 21:37:49,538 INFO POST http://localhost:9200/_search/scroll [status:200 duration:0.003s]
2026-06-03 21:37:49,747 INFO HTTP Request: POST https://open.bigmodel.cn/api/paas/v4/embeddings "HTTP/1.1 200 OK"
2026-06-03 21:37:49,810 INFO PUT http://localhost:9200/_bulk?refresh=false [status:200 duration:0.026s]
2026-06-03 21:37:49,810 INFO Progress: 30480/51354 (65.6/s) — ETA 318s
2026-06-03 21:37:49,813 INFO POST http://localhost:9200/_search/scroll [status:200 duration:0.002s]
2026-06-03 21:37:49,996 INFO HTTP Request: POST https://open.bigmodel.cn/api/paas/v4/embeddings "HTTP/1.1 200 OK"
2026-06-03 21:37:50,075 INFO PUT http://localhost:9200/_bulk?refresh=false [status:200 duration:0.029s]
2026-06-03 21:37:50,075 INFO Progress: 30500/51354 (65.6/s) — ETA 318s
2026-06-03 21:37:50,078 INFO POST http://localhost:9200/_search/scroll [status:200 duration:0.002s]
2026-06-03 21:37:50,249 INFO HTTP Request: POST https://open.bigmodel.cn/api/paas/v4/embeddings "HTTP/1.1 200 OK"
2026-06-03 21:37:50,312 INFO PUT http://localhost:9200/_bulk?refresh=false [status:200 duration:0.027s]
2026-06-03 21:37:50,312 INFO Progress: 30520/51354 (65.6/s) — ETA 318s
2026-06-03 21:37:50,315 INFO POST http://localhost:9200/_search/scroll [status:200 duration:0.002s]
2026-06-03 21:37:50,506 INFO HTTP Request: POST https://open.bigmodel.cn/api/paas/v4/embeddings "HTTP/1.1 200 OK"
2026-06-03 21:37:50,593 INFO PUT http://localhost:9200/_bulk?refresh=false [status:200 duration:0.027s]
2026-06-03 21:37:50,593 INFO Progress: 30540/51354 (65.6/s) — ETA 317s
2026-06-03 21:37:50,596 INFO POST http://localhost:9200/_search/scroll [status:200 duration:0.002s]
2026-06-03 21:37:50,780 INFO HTTP Request: POST https://open.bigmodel.cn/api/paas/v4/embeddings "HTTP/1.1 200 OK"
2026-06-03 21:37:50,842 INFO PUT http://localhost:9200/_bulk?refresh=false [status:200 duration:0.032s]
2026-06-03 21:37:50,842 INFO Progress: 30560/51354 (65.6/s) — ETA 317s
2026-06-03 21:37:50,847 INFO POST http://localhost:9200/_search/scroll [status:200 duration:0.004s]
2026-06-03 21:37:51,055 INFO HTTP Request: POST https://open.bigmodel.cn/api/paas/v4/embeddings "HTTP/1.1 200 OK"
2026-06-03 21:37:51,139 INFO PUT http://localhost:9200/_bulk?refresh=false [status:200 duration:0.029s]
2026-06-03 21:37:51,139 INFO Progress: 30580/51354 (65.6/s) — ETA 317s
2026-06-03 21:37:51,143 INFO POST http://localhost:9200/_search/scroll [status:200 duration:0.004s]
2026-06-03 21:37:51,326 INFO HTTP Request: POST https://open.bigmodel.cn/api/paas/v4/embeddings "HTTP/1.1 200 OK"
2026-06-03 21:37:51,409 INFO PUT http://localhost:9200/_bulk?refresh=false [status:200 duration:0.026s]
2026-06-03 21:37:51,409 INFO Progress: 30600/51354 (65.6/s) — ETA 316s
2026-06-03 21:37:51,412 INFO POST http://localhost:9200/_search/scroll [status:200 duration:0.002s]
2026-06-03 21:37:51,625 INFO HTTP Request: POST https://open.bigmodel.cn/api/paas/v4/embeddings "HTTP/1.1 200 OK"
2026-06-03 21:37:51,681 INFO PUT http://localhost:9200/_bulk?refresh=false [status:200 duration:0.026s]
2026-06-03 21:37:51,681 INFO Progress: 30620/51354 (65.6/s) — ETA 316s
2026-06-03 21:37:51,684 INFO POST http://localhost:9200/_search/scroll [status:200 duration:0.002s]
2026-06-03 21:37:51,896 INFO HTTP Request: POST https://open.bigmodel.cn/api/paas/v4/embeddings "HTTP/1.1 200 OK"
2026-06-03 21:37:51,981 INFO PUT http://localhost:9200/_bulk?refresh=false [status:200 duration:0.028s]
2026-06-03 21:37:51,981 INFO Progress: 30640/51354 (65.6/s) — ETA 316s
2026-06-03 21:37:51,984 INFO POST http://localhost:9200/_search/scroll [status:200 duration:0.002s]
2026-06-03 21:37:52,196 INFO HTTP Request: POST https://open.bigmodel.cn/api/paas/v4/embeddings "HTTP/1.1 200 OK"
2026-06-03 21:37:52,256 INFO PUT http://localhost:9200/_bulk?refresh=false [status:200 duration:0.026s]
2026-06-03 21:37:52,256 INFO Progress: 30660/51354 (65.6/s) — ETA 315s
2026-06-03 21:37:52,258 INFO POST http://localhost:9200/_search/scroll [status:200 duration:0.002s]
2026-06-03 21:37:52,466 INFO HTTP Request: POST https://open.bigmodel.cn/api/paas/v4/embeddings "HTTP/1.1 200 OK"
2026-06-03 21:37:52,547 INFO PUT http://localhost:9200/_bulk?refresh=false [status:200 duration:0.026s]
2026-06-03 21:37:52,547 INFO Progress: 30680/51354 (65.6/s) — ETA 315s
2026-06-03 21:37:52,549 INFO POST http://localhost:9200/_search/scroll [status:200 duration:0.002s]
2026-06-03 21:37:52,747 INFO HTTP Request: POST https://open.bigmodel.cn/api/paas/v4/embeddings "HTTP/1.1 200 OK"
2026-06-03 21:37:52,835 INFO PUT http://localhost:9200/_bulk?refresh=false [status:200 duration:0.026s]
2026-06-03 21:37:52,836 INFO Progress: 30700/51354 (65.6/s) — ETA 315s
2026-06-03 21:37:52,838 INFO POST http://localhost:9200/_search/scroll [status:200 duration:0.002s]
2026-06-03 21:37:53,051 INFO HTTP Request: POST https://open.bigmodel.cn/api/paas/v4/embeddings "HTTP/1.1 200 OK"
2026-06-03 21:37:53,119 INFO PUT http://localhost:9200/_bulk?refresh=false [status:200 duration:0.026s]
2026-06-03 21:37:53,119 INFO Progress: 30720/51354 (65.6/s) — ETA 315s
2026-06-03 21:37:53,122 INFO POST http://localhost:9200/_search/scroll [status:200 duration:0.002s]
2026-06-03 21:37:53,315 INFO HTTP Request: POST https://open.bigmodel.cn/api/paas/v4/embeddings "HTTP/1.1 200 OK"
2026-06-03 21:37:53,394 INFO PUT http://localhost:9200/_bulk?refresh=false [status:200 duration:0.027s]
2026-06-03 21:37:53,395 INFO Progress: 30740/51354 (65.6/s) — ETA 314s
2026-06-03 21:37:53,397 INFO POST http://localhost:9200/_search/scroll [status:200 duration:0.002s]
2026-06-03 21:37:53,581 INFO HTTP Request: POST https://open.bigmodel.cn/api/paas/v4/embeddings "HTTP/1.1 200 OK"
2026-06-03 21:37:53,650 INFO PUT http://localhost:9200/_bulk?refresh=false [status:200 duration:0.026s]
2026-06-03 21:37:53,650 INFO Progress: 30760/51354 (65.6/s) — ETA 314s
2026-06-03 21:37:53,653 INFO POST http://localhost:9200/_search/scroll [status:200 duration:0.002s]
2026-06-03 21:37:53,839 INFO HTTP Request: POST https://open.bigmodel.cn/api/paas/v4/embeddings "HTTP/1.1 200 OK"
2026-06-03 21:37:53,916 INFO PUT http://localhost:9200/_bulk?refresh=false [status:200 duration:0.026s]
2026-06-03 21:37:53,917 INFO Progress: 30780/51354 (65.6/s) — ETA 314s
2026-06-03 21:37:53,919 INFO POST http://localhost:9200/_search/scroll [status:200 duration:0.002s]
2026-06-03 21:37:54,131 INFO HTTP Request: POST https://open.bigmodel.cn/api/paas/v4/embeddings "HTTP/1.1 200 OK"
2026-06-03 21:37:54,211 INFO PUT http://localhost:9200/_bulk?refresh=false [status:200 duration:0.027s]
2026-06-03 21:37:54,211 INFO Progress: 30800/51354 (65.6/s) — ETA 313s
2026-06-03 21:37:54,214 INFO POST http://localhost:9200/_search/scroll [status:200 duration:0.002s]
2026-06-03 21:37:54,388 INFO HTTP Request: POST https://open.bigmodel.cn/api/paas/v4/embeddings "HTTP/1.1 200 OK"
2026-06-03 21:37:54,452 INFO PUT http://localhost:9200/_bulk?refresh=false [status:200 duration:0.026s]
2026-06-03 21:37:54,452 INFO Progress: 30820/51354 (65.6/s) — ETA 313s
2026-06-03 21:37:54,455 INFO POST http://localhost:9200/_search/scroll [status:200 duration:0.002s]
2026-06-03 21:37:54,673 INFO HTTP Request: POST https://open.bigmodel.cn/api/paas/v4/embeddings "HTTP/1.1 200 OK"
2026-06-03 21:37:54,752 INFO PUT http://localhost:9200/_bulk?refresh=false [status:200 duration:0.025s]
2026-06-03 21:37:54,752 INFO Progress: 30840/51354 (65.6/s) — ETA 313s
2026-06-03 21:37:54,754 INFO POST http://localhost:9200/_search/scroll [status:200 duration:0.002s]
2026-06-03 21:37:54,949 INFO HTTP Request: POST https://open.bigmodel.cn/api/paas/v4/embeddings "HTTP/1.1 200 OK"
2026-06-03 21:37:55,033 INFO PUT http://localhost:9200/_bulk?refresh=false [status:200 duration:0.027s]
2026-06-03 21:37:55,034 INFO Progress: 30860/51354 (65.6/s) — ETA 312s
2026-06-03 21:37:55,036 INFO POST http://localhost:9200/_search/scroll [status:200 duration:0.002s]
2026-06-03 21:37:55,246 INFO HTTP Request: POST https://open.bigmodel.cn/api/paas/v4/embeddings "HTTP/1.1 200 OK"
2026-06-03 21:37:55,311 INFO PUT http://localhost:9200/_bulk?refresh=false [status:200 duration:0.029s]
2026-06-03 21:37:55,311 INFO Progress: 30880/51354 (65.6/s) — ETA 312s
2026-06-03 21:37:55,314 INFO POST http://localhost:9200/_search/scroll [status:200 duration:0.002s]
2026-06-03 21:37:55,550 INFO HTTP Request: POST https://open.bigmodel.cn/api/paas/v4/embeddings "HTTP/1.1 200 OK"
2026-06-03 21:37:55,634 INFO PUT http://localhost:9200/_bulk?refresh=false [status:200 duration:0.030s]
2026-06-03 21:37:55,634 INFO Progress: 30900/51354 (65.6/s) — ETA 312s
2026-06-03 21:37:55,636 INFO POST http://localhost:9200/_search/scroll [status:200 duration:0.002s]
2026-06-03 21:37:55,803 INFO HTTP Request: POST https://open.bigmodel.cn/api/paas/v4/embeddings "HTTP/1.1 200 OK"
2026-06-03 21:37:55,885 INFO PUT http://localhost:9200/_bulk?refresh=false [status:200 duration:0.026s]
2026-06-03 21:37:55,885 INFO Progress: 30920/51354 (65.6/s) — ETA 311s
2026-06-03 21:37:55,887 INFO POST http://localhost:9200/_search/scroll [status:200 duration:0.002s]
2026-06-03 21:37:56,066 INFO HTTP Request: POST https://open.bigmodel.cn/api/paas/v4/embeddings "HTTP/1.1 200 OK"
2026-06-03 21:37:56,148 INFO PUT http://localhost:9200/_bulk?refresh=false [status:200 duration:0.025s]
2026-06-03 21:37:56,148 INFO Progress: 30940/51354 (65.7/s) — ETA 311s
2026-06-03 21:37:56,150 INFO POST http://localhost:9200/_search/scroll [status:200 duration:0.002s]
2026-06-03 21:37:56,360 INFO HTTP Request: POST https://open.bigmodel.cn/api/paas/v4/embeddings "HTTP/1.1 200 OK"
2026-06-03 21:37:56,450 INFO PUT http://localhost:9200/_bulk?refresh=false [status:200 duration:0.027s]
2026-06-03 21:37:56,451 INFO Progress: 30960/51354 (65.7/s) — ETA 311s
2026-06-03 21:37:56,453 INFO POST http://localhost:9200/_search/scroll [status:200 duration:0.002s]
2026-06-03 21:37:56,641 INFO HTTP Request: POST https://open.bigmodel.cn/api/paas/v4/embeddings "HTTP/1.1 200 OK"
2026-06-03 21:37:56,724 INFO PUT http://localhost:9200/_bulk?refresh=false [status:200 duration:0.025s]
2026-06-03 21:37:56,724 INFO Progress: 30980/51354 (65.7/s) — ETA 310s
2026-06-03 21:37:56,726 INFO POST http://localhost:9200/_search/scroll [status:200 duration:0.002s]
2026-06-03 21:37:56,926 INFO HTTP Request: POST https://open.bigmodel.cn/api/paas/v4/embeddings "HTTP/1.1 200 OK"
2026-06-03 21:37:57,004 INFO PUT http://localhost:9200/_bulk?refresh=false [status:200 duration:0.027s]
2026-06-03 21:37:57,004 INFO Progress: 31000/51354 (65.7/s) — ETA 310s
2026-06-03 21:37:57,006 INFO POST http://localhost:9200/_search/scroll [status:200 duration:0.002s]
2026-06-03 21:37:57,218 INFO HTTP Request: POST https://open.bigmodel.cn/api/paas/v4/embeddings "HTTP/1.1 200 OK"
2026-06-03 21:37:57,284 INFO PUT http://localhost:9200/_bulk?refresh=false [status:200 duration:0.027s]
2026-06-03 21:37:57,284 INFO Progress: 31020/51354 (65.7/s) — ETA 310s
2026-06-03 21:37:57,287 INFO POST http://localhost:9200/_search/scroll [status:200 duration:0.002s]
2026-06-03 21:37:57,486 INFO HTTP Request: POST https://open.bigmodel.cn/api/paas/v4/embeddings "HTTP/1.1 200 OK"
2026-06-03 21:37:57,572 INFO PUT http://localhost:9200/_bulk?refresh=false [status:200 duration:0.026s]
2026-06-03 21:37:57,572 INFO Progress: 31040/51354 (65.7/s) — ETA 309s
2026-06-03 21:37:57,574 INFO POST http://localhost:9200/_search/scroll [status:200 duration:0.002s]
2026-06-03 21:37:57,809 INFO HTTP Request: POST https://open.bigmodel.cn/api/paas/v4/embeddings "HTTP/1.1 200 OK"
2026-06-03 21:37:57,897 INFO PUT http://localhost:9200/_bulk?refresh=false [status:200 duration:0.027s]
2026-06-03 21:37:57,897 INFO Progress: 31060/51354 (65.7/s) — ETA 309s
2026-06-03 21:37:57,900 INFO POST http://localhost:9200/_search/scroll [status:200 duration:0.002s]
2026-06-03 21:37:58,112 INFO HTTP Request: POST https://open.bigmodel.cn/api/paas/v4/embeddings "HTTP/1.1 200 OK"
2026-06-03 21:37:58,181 INFO PUT http://localhost:9200/_bulk?refresh=false [status:200 duration:0.027s]
2026-06-03 21:37:58,182 INFO Progress: 31080/51354 (65.7/s) — ETA 309s
2026-06-03 21:37:58,184 INFO POST http://localhost:9200/_search/scroll [status:200 duration:0.002s]
2026-06-03 21:37:58,409 INFO HTTP Request: POST https://open.bigmodel.cn/api/paas/v4/embeddings "HTTP/1.1 200 OK"
2026-06-03 21:37:58,473 INFO PUT http://localhost:9200/_bulk?refresh=false [status:200 duration:0.026s]
2026-06-03 21:37:58,473 INFO Progress: 31100/51354 (65.7/s) — ETA 308s
2026-06-03 21:37:58,476 INFO POST http://localhost:9200/_search/scroll [status:200 duration:0.002s]
2026-06-03 21:37:58,653 INFO HTTP Request: POST https://open.bigmodel.cn/api/paas/v4/embeddings "HTTP/1.1 200 OK"
2026-06-03 21:37:58,736 INFO PUT http://localhost:9200/_bulk?refresh=false [status:200 duration:0.025s]
2026-06-03 21:37:58,736 INFO Progress: 31120/51354 (65.7/s) — ETA 308s
2026-06-03 21:37:58,738 INFO POST http://localhost:9200/_search/scroll [status:200 duration:0.002s]
2026-06-03 21:37:58,970 INFO HTTP Request: POST https://open.bigmodel.cn/api/paas/v4/embeddings "HTTP/1.1 200 OK"
2026-06-03 21:37:59,049 INFO PUT http://localhost:9200/_bulk?refresh=false [status:200 duration:0.027s]
2026-06-03 21:37:59,049 INFO Progress: 31140/51354 (65.7/s) — ETA 308s
2026-06-03 21:37:59,052 INFO POST http://localhost:9200/_search/scroll [status:200 duration:0.002s]
2026-06-03 21:37:59,242 INFO HTTP Request: POST https://open.bigmodel.cn/api/paas/v4/embeddings "HTTP/1.1 200 OK"
2026-06-03 21:37:59,324 INFO PUT http://localhost:9200/_bulk?refresh=false [status:200 duration:0.026s]
2026-06-03 21:37:59,324 INFO Progress: 31160/51354 (65.7/s) — ETA 307s
2026-06-03 21:37:59,327 INFO POST http://localhost:9200/_search/scroll [status:200 duration:0.002s]
2026-06-03 21:37:59,532 INFO HTTP Request: POST https://open.bigmodel.cn/api/paas/v4/embeddings "HTTP/1.1 200 OK"
2026-06-03 21:37:59,620 INFO PUT http://localhost:9200/_bulk?refresh=false [status:200 duration:0.026s]
2026-06-03 21:37:59,620 INFO Progress: 31180/51354 (65.7/s) — ETA 307s
2026-06-03 21:37:59,622 INFO POST http://localhost:9200/_search/scroll [status:200 duration:0.002s]
2026-06-03 21:37:59,807 INFO HTTP Request: POST https://open.bigmodel.cn/api/paas/v4/embeddings "HTTP/1.1 200 OK"
2026-06-03 21:37:59,886 INFO PUT http://localhost:9200/_bulk?refresh=false [status:200 duration:0.027s]
2026-06-03 21:37:59,886 INFO Progress: 31200/51354 (65.7/s) — ETA 307s
2026-06-03 21:37:59,889 INFO POST http://localhost:9200/_search/scroll [status:200 duration:0.002s]
2026-06-03 21:38:00,120 INFO HTTP Request: POST https://open.bigmodel.cn/api/paas/v4/embeddings "HTTP/1.1 200 OK"
2026-06-03 21:38:00,212 INFO PUT http://localhost:9200/_bulk?refresh=false [status:200 duration:0.029s]
2026-06-03 21:38:00,212 INFO Progress: 31220/51354 (65.7/s) — ETA 307s
2026-06-03 21:38:00,214 INFO POST http://localhost:9200/_search/scroll [status:200 duration:0.002s]
2026-06-03 21:38:00,429 INFO HTTP Request: POST https://open.bigmodel.cn/api/paas/v4/embeddings "HTTP/1.1 200 OK"
2026-06-03 21:38:00,517 INFO PUT http://localhost:9200/_bulk?refresh=false [status:200 duration:0.027s]
2026-06-03 21:38:00,517 INFO Progress: 31240/51354 (65.7/s) — ETA 306s
2026-06-03 21:38:00,520 INFO POST http://localhost:9200/_search/scroll [status:200 duration:0.002s]
2026-06-03 21:38:00,711 INFO HTTP Request: POST https://open.bigmodel.cn/api/paas/v4/embeddings "HTTP/1.1 200 OK"
2026-06-03 21:38:00,800 INFO PUT http://localhost:9200/_bulk?refresh=false [status:200 duration:0.030s]
2026-06-03 21:38:00,800 INFO Progress: 31260/51354 (65.7/s) — ETA 306s
2026-06-03 21:38:00,802 INFO POST http://localhost:9200/_search/scroll [status:200 duration:0.002s]
2026-06-03 21:38:00,991 INFO HTTP Request: POST https://open.bigmodel.cn/api/paas/v4/embeddings "HTTP/1.1 200 OK"
2026-06-03 21:38:01,079 INFO PUT http://localhost:9200/_bulk?refresh=false [status:200 duration:0.027s]
2026-06-03 21:38:01,079 INFO Progress: 31280/51354 (65.7/s) — ETA 306s
2026-06-03 21:38:01,081 INFO POST http://localhost:9200/_search/scroll [status:200 duration:0.002s]
2026-06-03 21:38:01,287 INFO HTTP Request: POST https://open.bigmodel.cn/api/paas/v4/embeddings "HTTP/1.1 200 OK"
2026-06-03 21:38:01,371 INFO PUT http://localhost:9200/_bulk?refresh=false [status:200 duration:0.027s]
2026-06-03 21:38:01,371 INFO Progress: 31300/51354 (65.7/s) — ETA 305s
2026-06-03 21:38:01,374 INFO POST http://localhost:9200/_search/scroll [status:200 duration:0.002s]
2026-06-03 21:38:01,556 INFO HTTP Request: POST https://open.bigmodel.cn/api/paas/v4/embeddings "HTTP/1.1 200 OK"
2026-06-03 21:38:01,627 INFO PUT http://localhost:9200/_bulk?refresh=false [status:200 duration:0.026s]
2026-06-03 21:38:01,627 INFO Progress: 31320/51354 (65.7/s) — ETA 305s
2026-06-03 21:38:01,630 INFO POST http://localhost:9200/_search/scroll [status:200 duration:0.003s]
2026-06-03 21:38:01,806 INFO HTTP Request: POST https://open.bigmodel.cn/api/paas/v4/embeddings "HTTP/1.1 200 OK"
2026-06-03 21:38:01,881 INFO PUT http://localhost:9200/_bulk?refresh=false [status:200 duration:0.030s]
2026-06-03 21:38:01,881 INFO Progress: 31340/51354 (65.7/s) — ETA 305s
2026-06-03 21:38:01,884 INFO POST http://localhost:9200/_search/scroll [status:200 duration:0.003s]
2026-06-03 21:38:02,077 INFO HTTP Request: POST https://open.bigmodel.cn/api/paas/v4/embeddings "HTTP/1.1 200 OK"
2026-06-03 21:38:02,161 INFO PUT http://localhost:9200/_bulk?refresh=false [status:200 duration:0.030s]
2026-06-03 21:38:02,161 INFO Progress: 31360/51354 (65.7/s) — ETA 304s
2026-06-03 21:38:02,164 INFO POST http://localhost:9200/_search/scroll [status:200 duration:0.003s]
2026-06-03 21:38:02,370 INFO HTTP Request: POST https://open.bigmodel.cn/api/paas/v4/embeddings "HTTP/1.1 200 OK"
2026-06-03 21:38:02,447 INFO PUT http://localhost:9200/_bulk?refresh=false [status:200 duration:0.029s]
2026-06-03 21:38:02,448 INFO Progress: 31380/51354 (65.7/s) — ETA 304s
2026-06-03 21:38:02,450 INFO POST http://localhost:9200/_search/scroll [status:200 duration:0.003s]
2026-06-03 21:38:02,737 INFO HTTP Request: POST https://open.bigmodel.cn/api/paas/v4/embeddings "HTTP/1.1 200 OK"
2026-06-03 21:38:02,792 INFO PUT http://localhost:9200/_bulk?refresh=false [status:200 duration:0.028s]
2026-06-03 21:38:02,792 INFO Progress: 31400/51354 (65.7/s) — ETA 304s
2026-06-03 21:38:02,795 INFO POST http://localhost:9200/_search/scroll [status:200 duration:0.002s]
2026-06-03 21:38:02,999 INFO HTTP Request: POST https://open.bigmodel.cn/api/paas/v4/embeddings "HTTP/1.1 200 OK"
2026-06-03 21:38:03,066 INFO PUT http://localhost:9200/_bulk?refresh=false [status:200 duration:0.026s]
2026-06-03 21:38:03,066 INFO Progress: 31420/51354 (65.7/s) — ETA 303s
2026-06-03 21:38:03,069 INFO POST http://localhost:9200/_search/scroll [status:200 duration:0.003s]
2026-06-03 21:38:03,235 INFO HTTP Request: POST https://open.bigmodel.cn/api/paas/v4/embeddings "HTTP/1.1 200 OK"
2026-06-03 21:38:03,313 INFO PUT http://localhost:9200/_bulk?refresh=false [status:200 duration:0.027s]
2026-06-03 21:38:03,313 INFO Progress: 31440/51354 (65.7/s) — ETA 303s
2026-06-03 21:38:03,315 INFO POST http://localhost:9200/_search/scroll [status:200 duration:0.002s]
2026-06-03 21:38:03,540 INFO HTTP Request: POST https://open.bigmodel.cn/api/paas/v4/embeddings "HTTP/1.1 200 OK"
2026-06-03 21:38:03,619 INFO PUT http://localhost:9200/_bulk?refresh=false [status:200 duration:0.028s]
2026-06-03 21:38:03,619 INFO Progress: 31460/51354 (65.7/s) — ETA 303s
2026-06-03 21:38:03,621 INFO POST http://localhost:9200/_search/scroll [status:200 duration:0.002s]
2026-06-03 21:38:03,822 INFO HTTP Request: POST https://open.bigmodel.cn/api/paas/v4/embeddings "HTTP/1.1 200 OK"
2026-06-03 21:38:03,908 INFO PUT http://localhost:9200/_bulk?refresh=false [status:200 duration:0.031s]
2026-06-03 21:38:03,908 INFO Progress: 31480/51354 (65.7/s) — ETA 302s
2026-06-03 21:38:03,910 INFO POST http://localhost:9200/_search/scroll [status:200 duration:0.002s]
2026-06-03 21:38:04,120 INFO HTTP Request: POST https://open.bigmodel.cn/api/paas/v4/embeddings "HTTP/1.1 200 OK"
2026-06-03 21:38:04,209 INFO PUT http://localhost:9200/_bulk?refresh=false [status:200 duration:0.028s]
2026-06-03 21:38:04,210 INFO Progress: 31500/51354 (65.7/s) — ETA 302s
2026-06-03 21:38:04,212 INFO POST http://localhost:9200/_search/scroll [status:200 duration:0.002s]
2026-06-03 21:38:04,376 INFO HTTP Request: POST https://open.bigmodel.cn/api/paas/v4/embeddings "HTTP/1.1 200 OK"
2026-06-03 21:38:04,455 INFO PUT http://localhost:9200/_bulk?refresh=false [status:200 duration:0.026s]
2026-06-03 21:38:04,455 INFO Progress: 31520/51354 (65.7/s) — ETA 302s
2026-06-03 21:38:04,458 INFO POST http://localhost:9200/_search/scroll [status:200 duration:0.002s]
2026-06-03 21:38:04,654 INFO HTTP Request: POST https://open.bigmodel.cn/api/paas/v4/embeddings "HTTP/1.1 200 OK"
2026-06-03 21:38:04,748 INFO PUT http://localhost:9200/_bulk?refresh=false [status:200 duration:0.028s]
2026-06-03 21:38:04,748 INFO Progress: 31540/51354 (65.7/s) — ETA 301s
2026-06-03 21:38:04,751 INFO POST http://localhost:9200/_search/scroll [status:200 duration:0.002s]
2026-06-03 21:38:04,959 INFO HTTP Request: POST https://open.bigmodel.cn/api/paas/v4/embeddings "HTTP/1.1 200 OK"
2026-06-03 21:38:05,041 INFO PUT http://localhost:9200/_bulk?refresh=false [status:200 duration:0.027s]
2026-06-03 21:38:05,041 INFO Progress: 31560/51354 (65.7/s) — ETA 301s
2026-06-03 21:38:05,044 INFO POST http://localhost:9200/_search/scroll [status:200 duration:0.002s]
2026-06-03 21:38:05,262 INFO HTTP Request: POST https://open.bigmodel.cn/api/paas/v4/embeddings "HTTP/1.1 200 OK"
2026-06-03 21:38:05,330 INFO PUT http://localhost:9200/_bulk?refresh=false [status:200 duration:0.028s]
2026-06-03 21:38:05,331 INFO Progress: 31580/51354 (65.7/s) — ETA 301s
2026-06-03 21:38:05,333 INFO POST http://localhost:9200/_search/scroll [status:200 duration:0.003s]
2026-06-03 21:38:05,538 INFO HTTP Request: POST https://open.bigmodel.cn/api/paas/v4/embeddings "HTTP/1.1 200 OK"
2026-06-03 21:38:05,617 INFO PUT http://localhost:9200/_bulk?refresh=false [status:200 duration:0.035s]
2026-06-03 21:38:05,617 INFO Progress: 31600/51354 (65.7/s) — ETA 301s
2026-06-03 21:38:05,622 INFO POST http://localhost:9200/_search/scroll [status:200 duration:0.005s]
2026-06-03 21:38:05,842 INFO HTTP Request: POST https://open.bigmodel.cn/api/paas/v4/embeddings "HTTP/1.1 200 OK"
2026-06-03 21:38:05,935 INFO PUT http://localhost:9200/_bulk?refresh=false [status:200 duration:0.029s]
2026-06-03 21:38:05,935 INFO Progress: 31620/51354 (65.7/s) — ETA 300s
2026-06-03 21:38:05,939 INFO POST http://localhost:9200/_search/scroll [status:200 duration:0.004s]
2026-06-03 21:38:06,112 INFO HTTP Request: POST https://open.bigmodel.cn/api/paas/v4/embeddings "HTTP/1.1 200 OK"
2026-06-03 21:38:06,193 INFO PUT http://localhost:9200/_bulk?refresh=false [status:200 duration:0.027s]
2026-06-03 21:38:06,193 INFO Progress: 31640/51354 (65.7/s) — ETA 300s
2026-06-03 21:38:06,195 INFO POST http://localhost:9200/_search/scroll [status:200 duration:0.002s]
2026-06-03 21:38:06,401 INFO HTTP Request: POST https://open.bigmodel.cn/api/paas/v4/embeddings "HTTP/1.1 200 OK"
2026-06-03 21:38:06,485 INFO PUT http://localhost:9200/_bulk?refresh=false [status:200 duration:0.026s]
2026-06-03 21:38:06,485 INFO Progress: 31660/51354 (65.7/s) — ETA 300s
2026-06-03 21:38:06,487 INFO POST http://localhost:9200/_search/scroll [status:200 duration:0.002s]
2026-06-03 21:38:06,694 INFO HTTP Request: POST https://open.bigmodel.cn/api/paas/v4/embeddings "HTTP/1.1 200 OK"
2026-06-03 21:38:06,764 INFO PUT http://localhost:9200/_bulk?refresh=false [status:200 duration:0.026s]
2026-06-03 21:38:06,764 INFO Progress: 31680/51354 (65.7/s) — ETA 299s
2026-06-03 21:38:06,766 INFO POST http://localhost:9200/_search/scroll [status:200 duration:0.002s]
2026-06-03 21:38:06,985 INFO HTTP Request: POST https://open.bigmodel.cn/api/paas/v4/embeddings "HTTP/1.1 200 OK"
2026-06-03 21:38:07,065 INFO PUT http://localhost:9200/_bulk?refresh=false [status:200 duration:0.027s]
2026-06-03 21:38:07,065 INFO Progress: 31700/51354 (65.7/s) — ETA 299s
2026-06-03 21:38:07,068 INFO POST http://localhost:9200/_search/scroll [status:200 duration:0.002s]
2026-06-03 21:38:07,324 INFO HTTP Request: POST https://open.bigmodel.cn/api/paas/v4/embeddings "HTTP/1.1 200 OK"
2026-06-03 21:38:07,402 INFO PUT http://localhost:9200/_bulk?refresh=false [status:200 duration:0.027s]
2026-06-03 21:38:07,403 INFO Progress: 31720/51354 (65.7/s) — ETA 299s
2026-06-03 21:38:07,405 INFO POST http://localhost:9200/_search/scroll [status:200 duration:0.002s]
2026-06-03 21:38:07,580 INFO HTTP Request: POST https://open.bigmodel.cn/api/paas/v4/embeddings "HTTP/1.1 200 OK"
2026-06-03 21:38:07,645 INFO PUT http://localhost:9200/_bulk?refresh=false [status:200 duration:0.027s]
2026-06-03 21:38:07,645 INFO Progress: 31740/51354 (65.7/s) — ETA 298s
2026-06-03 21:38:07,648 INFO POST http://localhost:9200/_search/scroll [status:200 duration:0.002s]
2026-06-03 21:38:07,913 INFO HTTP Request: POST https://open.bigmodel.cn/api/paas/v4/embeddings "HTTP/1.1 200 OK"
2026-06-03 21:38:07,989 INFO PUT http://localhost:9200/_bulk?refresh=false [status:200 duration:0.024s]
2026-06-03 21:38:07,989 INFO Progress: 31760/51354 (65.7/s) — ETA 298s
2026-06-03 21:38:07,992 INFO POST http://localhost:9200/_search/scroll [status:200 duration:0.002s]
2026-06-03 21:38:08,229 INFO HTTP Request: POST https://open.bigmodel.cn/api/paas/v4/embeddings "HTTP/1.1 200 OK"
2026-06-03 21:38:08,310 INFO PUT http://localhost:9200/_bulk?refresh=false [status:200 duration:0.024s]
2026-06-03 21:38:08,310 INFO Progress: 31780/51354 (65.7/s) — ETA 298s
2026-06-03 21:38:08,313 INFO POST http://localhost:9200/_search/scroll [status:200 duration:0.002s]
2026-06-03 21:38:08,520 INFO HTTP Request: POST https://open.bigmodel.cn/api/paas/v4/embeddings "HTTP/1.1 200 OK"
2026-06-03 21:38:08,597 INFO PUT http://localhost:9200/_bulk?refresh=false [status:200 duration:0.023s]
2026-06-03 21:38:08,597 INFO Progress: 31800/51354 (65.7/s) — ETA 297s
2026-06-03 21:38:08,600 INFO POST http://localhost:9200/_search/scroll [status:200 duration:0.002s]
2026-06-03 21:38:08,805 INFO HTTP Request: POST https://open.bigmodel.cn/api/paas/v4/embeddings "HTTP/1.1 200 OK"
2026-06-03 21:38:08,871 INFO PUT http://localhost:9200/_bulk?refresh=false [status:200 duration:0.024s]
2026-06-03 21:38:08,872 INFO Progress: 31820/51354 (65.7/s) — ETA 297s
2026-06-03 21:38:08,874 INFO POST http://localhost:9200/_search/scroll [status:200 duration:0.002s]
2026-06-03 21:38:09,078 INFO HTTP Request: POST https://open.bigmodel.cn/api/paas/v4/embeddings "HTTP/1.1 200 OK"
2026-06-03 21:38:09,145 INFO PUT http://localhost:9200/_bulk?refresh=false [status:200 duration:0.024s]
2026-06-03 21:38:09,146 INFO Progress: 31840/51354 (65.7/s) — ETA 297s
2026-06-03 21:38:09,148 INFO POST http://localhost:9200/_search/scroll [status:200 duration:0.002s]
2026-06-03 21:38:09,325 INFO HTTP Request: POST https://open.bigmodel.cn/api/paas/v4/embeddings "HTTP/1.1 200 OK"
2026-06-03 21:38:09,409 INFO PUT http://localhost:9200/_bulk?refresh=false [status:200 duration:0.024s]
2026-06-03 21:38:09,409 INFO Progress: 31860/51354 (65.8/s) — ETA 296s
2026-06-03 21:38:09,411 INFO POST http://localhost:9200/_search/scroll [status:200 duration:0.002s]
2026-06-03 21:38:09,658 INFO HTTP Request: POST https://open.bigmodel.cn/api/paas/v4/embeddings "HTTP/1.1 200 OK"
2026-06-03 21:38:09,737 INFO PUT http://localhost:9200/_bulk?refresh=false [status:200 duration:0.023s]
2026-06-03 21:38:09,737 INFO Progress: 31880/51354 (65.7/s) — ETA 296s
2026-06-03 21:38:09,740 INFO POST http://localhost:9200/_search/scroll [status:200 duration:0.002s]
2026-06-03 21:38:09,968 INFO HTTP Request: POST https://open.bigmodel.cn/api/paas/v4/embeddings "HTTP/1.1 200 OK"
2026-06-03 21:38:10,053 INFO PUT http://localhost:9200/_bulk?refresh=false [status:200 duration:0.029s]
2026-06-03 21:38:10,054 INFO Progress: 31900/51354 (65.7/s) — ETA 296s
2026-06-03 21:38:10,056 INFO POST http://localhost:9200/_search/scroll [status:200 duration:0.002s]
2026-06-03 21:38:10,253 INFO HTTP Request: POST https://open.bigmodel.cn/api/paas/v4/embeddings "HTTP/1.1 200 OK"
2026-06-03 21:38:10,315 INFO PUT http://localhost:9200/_bulk?refresh=false [status:200 duration:0.024s]
2026-06-03 21:38:10,315 INFO Progress: 31920/51354 (65.8/s) — ETA 296s
2026-06-03 21:38:10,317 INFO POST http://localhost:9200/_search/scroll [status:200 duration:0.002s]
2026-06-03 21:38:10,519 INFO HTTP Request: POST https://open.bigmodel.cn/api/paas/v4/embeddings "HTTP/1.1 200 OK"
2026-06-03 21:38:10,579 INFO PUT http://localhost:9200/_bulk?refresh=false [status:200 duration:0.025s]
2026-06-03 21:38:10,579 INFO Progress: 31940/51354 (65.8/s) — ETA 295s
2026-06-03 21:38:10,582 INFO POST http://localhost:9200/_search/scroll [status:200 duration:0.002s]
2026-06-03 21:38:10,774 INFO HTTP Request: POST https://open.bigmodel.cn/api/paas/v4/embeddings "HTTP/1.1 200 OK"
2026-06-03 21:38:10,846 INFO PUT http://localhost:9200/_bulk?refresh=false [status:200 duration:0.024s]
2026-06-03 21:38:10,846 INFO Progress: 31960/51354 (65.8/s) — ETA 295s
2026-06-03 21:38:10,849 INFO POST http://localhost:9200/_search/scroll [status:200 duration:0.003s]
2026-06-03 21:38:11,056 INFO HTTP Request: POST https://open.bigmodel.cn/api/paas/v4/embeddings "HTTP/1.1 200 OK"
2026-06-03 21:38:11,139 INFO PUT http://localhost:9200/_bulk?refresh=false [status:200 duration:0.026s]
2026-06-03 21:38:11,139 INFO Progress: 31980/51354 (65.8/s) — ETA 295s
2026-06-03 21:38:11,142 INFO POST http://localhost:9200/_search/scroll [status:200 duration:0.002s]
2026-06-03 21:38:11,305 INFO HTTP Request: POST https://open.bigmodel.cn/api/paas/v4/embeddings "HTTP/1.1 200 OK"
2026-06-03 21:38:11,382 INFO PUT http://localhost:9200/_bulk?refresh=false [status:200 duration:0.027s]
2026-06-03 21:38:11,382 INFO Progress: 32000/51354 (65.8/s) — ETA 294s
2026-06-03 21:38:11,385 INFO POST http://localhost:9200/_search/scroll [status:200 duration:0.003s]
2026-06-03 21:38:11,691 INFO HTTP Request: POST https://open.bigmodel.cn/api/paas/v4/embeddings "HTTP/1.1 200 OK"
2026-06-03 21:38:11,753 INFO PUT http://localhost:9200/_bulk?refresh=false [status:200 duration:0.025s]
2026-06-03 21:38:11,753 INFO Progress: 32020/51354 (65.8/s) — ETA 294s
2026-06-03 21:38:11,756 INFO POST http://localhost:9200/_search/scroll [status:200 duration:0.002s]
2026-06-03 21:38:11,953 INFO HTTP Request: POST https://open.bigmodel.cn/api/paas/v4/embeddings "HTTP/1.1 200 OK"
2026-06-03 21:38:12,027 INFO PUT http://localhost:9200/_bulk?refresh=false [status:200 duration:0.025s]
2026-06-03 21:38:12,027 INFO Progress: 32040/51354 (65.8/s) — ETA 294s
2026-06-03 21:38:12,030 INFO POST http://localhost:9200/_search/scroll [status:200 duration:0.002s]
2026-06-03 21:38:12,238 INFO HTTP Request: POST https://open.bigmodel.cn/api/paas/v4/embeddings "HTTP/1.1 200 OK"
2026-06-03 21:38:12,315 INFO PUT http://localhost:9200/_bulk?refresh=false [status:200 duration:0.026s]
2026-06-03 21:38:12,316 INFO Progress: 32060/51354 (65.8/s) — ETA 293s
2026-06-03 21:38:12,318 INFO POST http://localhost:9200/_search/scroll [status:200 duration:0.003s]
2026-06-03 21:38:12,508 INFO HTTP Request: POST https://open.bigmodel.cn/api/paas/v4/embeddings "HTTP/1.1 200 OK"
2026-06-03 21:38:12,592 INFO PUT http://localhost:9200/_bulk?refresh=false [status:200 duration:0.025s]
2026-06-03 21:38:12,593 INFO Progress: 32080/51354 (65.8/s) — ETA 293s
2026-06-03 21:38:12,595 INFO POST http://localhost:9200/_search/scroll [status:200 duration:0.002s]
2026-06-03 21:38:12,759 INFO HTTP Request: POST https://open.bigmodel.cn/api/paas/v4/embeddings "HTTP/1.1 200 OK"
2026-06-03 21:38:12,843 INFO PUT http://localhost:9200/_bulk?refresh=false [status:200 duration:0.026s]
2026-06-03 21:38:12,843 INFO Progress: 32100/51354 (65.8/s) — ETA 293s
2026-06-03 21:38:12,846 INFO POST http://localhost:9200/_search/scroll [status:200 duration:0.002s]
2026-06-03 21:38:13,025 INFO HTTP Request: POST https://open.bigmodel.cn/api/paas/v4/embeddings "HTTP/1.1 200 OK"
2026-06-03 21:38:13,091 INFO PUT http://localhost:9200/_bulk?refresh=false [status:200 duration:0.027s]
2026-06-03 21:38:13,092 INFO Progress: 32120/51354 (65.8/s) — ETA 292s
2026-06-03 21:38:13,094 INFO POST http://localhost:9200/_search/scroll [status:200 duration:0.003s]
2026-06-03 21:38:13,261 INFO HTTP Request: POST https://open.bigmodel.cn/api/paas/v4/embeddings "HTTP/1.1 200 OK"
2026-06-03 21:38:13,344 INFO PUT http://localhost:9200/_bulk?refresh=false [status:200 duration:0.027s]
2026-06-03 21:38:13,344 INFO Progress: 32140/51354 (65.8/s) — ETA 292s
2026-06-03 21:38:13,347 INFO POST http://localhost:9200/_search/scroll [status:200 duration:0.002s]
2026-06-03 21:38:13,512 INFO HTTP Request: POST https://open.bigmodel.cn/api/paas/v4/embeddings "HTTP/1.1 200 OK"
2026-06-03 21:38:13,592 INFO PUT http://localhost:9200/_bulk?refresh=false [status:200 duration:0.024s]
2026-06-03 21:38:13,593 INFO Progress: 32160/51354 (65.8/s) — ETA 292s
2026-06-03 21:38:13,595 INFO POST http://localhost:9200/_search/scroll [status:200 duration:0.002s]
2026-06-03 21:38:13,800 INFO HTTP Request: POST https://open.bigmodel.cn/api/paas/v4/embeddings "HTTP/1.1 200 OK"
2026-06-03 21:38:13,854 INFO PUT http://localhost:9200/_bulk?refresh=false [status:200 duration:0.026s]
2026-06-03 21:38:13,855 INFO Progress: 32180/51354 (65.8/s) — ETA 291s
2026-06-03 21:38:13,857 INFO POST http://localhost:9200/_search/scroll [status:200 duration:0.002s]
2026-06-03 21:38:14,013 INFO HTTP Request: POST https://open.bigmodel.cn/api/paas/v4/embeddings "HTTP/1.1 200 OK"
2026-06-03 21:38:14,093 INFO PUT http://localhost:9200/_bulk?refresh=false [status:200 duration:0.026s]
2026-06-03 21:38:14,094 INFO Progress: 32200/51354 (65.8/s) — ETA 291s
2026-06-03 21:38:14,096 INFO POST http://localhost:9200/_search/scroll [status:200 duration:0.002s]
2026-06-03 21:38:14,338 INFO HTTP Request: POST https://open.bigmodel.cn/api/paas/v4/embeddings "HTTP/1.1 200 OK"
2026-06-03 21:38:14,427 INFO PUT http://localhost:9200/_bulk?refresh=false [status:200 duration:0.027s]
2026-06-03 21:38:14,427 INFO Progress: 32220/51354 (65.8/s) — ETA 291s
2026-06-03 21:38:14,430 INFO POST http://localhost:9200/_search/scroll [status:200 duration:0.003s]
2026-06-03 21:38:14,627 INFO HTTP Request: POST https://open.bigmodel.cn/api/paas/v4/embeddings "HTTP/1.1 200 OK"
2026-06-03 21:38:14,691 INFO PUT http://localhost:9200/_bulk?refresh=false [status:200 duration:0.026s]
2026-06-03 21:38:14,691 INFO Progress: 32240/51354 (65.8/s) — ETA 290s
2026-06-03 21:38:14,694 INFO POST http://localhost:9200/_search/scroll [status:200 duration:0.003s]
2026-06-03 21:38:14,855 INFO HTTP Request: POST https://open.bigmodel.cn/api/paas/v4/embeddings "HTTP/1.1 200 OK"
2026-06-03 21:38:14,927 INFO PUT http://localhost:9200/_bulk?refresh=false [status:200 duration:0.029s]
2026-06-03 21:38:14,928 INFO Progress: 32260/51354 (65.8/s) — ETA 290s
2026-06-03 21:38:14,930 INFO POST http://localhost:9200/_search/scroll [status:200 duration:0.002s]
2026-06-03 21:38:15,113 INFO HTTP Request: POST https://open.bigmodel.cn/api/paas/v4/embeddings "HTTP/1.1 200 OK"
2026-06-03 21:38:15,198 INFO PUT http://localhost:9200/_bulk?refresh=false [status:200 duration:0.029s]
2026-06-03 21:38:15,198 INFO Progress: 32280/51354 (65.8/s) — ETA 290s
2026-06-03 21:38:15,201 INFO POST http://localhost:9200/_search/scroll [status:200 duration:0.002s]
2026-06-03 21:38:15,392 INFO HTTP Request: POST https://open.bigmodel.cn/api/paas/v4/embeddings "HTTP/1.1 200 OK"
2026-06-03 21:38:15,480 INFO PUT http://localhost:9200/_bulk?refresh=false [status:200 duration:0.029s]
2026-06-03 21:38:15,480 INFO Progress: 32300/51354 (65.8/s) — ETA 289s
2026-06-03 21:38:15,483 INFO POST http://localhost:9200/_search/scroll [status:200 duration:0.003s]
2026-06-03 21:38:15,691 INFO HTTP Request: POST https://open.bigmodel.cn/api/paas/v4/embeddings "HTTP/1.1 200 OK"
2026-06-03 21:38:15,775 INFO PUT http://localhost:9200/_bulk?refresh=false [status:200 duration:0.025s]
2026-06-03 21:38:15,775 INFO Progress: 32320/51354 (65.8/s) — ETA 289s
2026-06-03 21:38:15,778 INFO POST http://localhost:9200/_search/scroll [status:200 duration:0.002s]
2026-06-03 21:38:16,004 INFO HTTP Request: POST https://open.bigmodel.cn/api/paas/v4/embeddings "HTTP/1.1 200 OK"
2026-06-03 21:38:16,081 INFO PUT http://localhost:9200/_bulk?refresh=false [status:200 duration:0.024s]
2026-06-03 21:38:16,082 INFO Progress: 32340/51354 (65.8/s) — ETA 289s
2026-06-03 21:38:16,084 INFO POST http://localhost:9200/_search/scroll [status:200 duration:0.002s]
2026-06-03 21:38:16,309 INFO HTTP Request: POST https://open.bigmodel.cn/api/paas/v4/embeddings "HTTP/1.1 200 OK"
2026-06-03 21:38:16,391 INFO PUT http://localhost:9200/_bulk?refresh=false [status:200 duration:0.026s]
2026-06-03 21:38:16,391 INFO Progress: 32360/51354 (65.8/s) — ETA 289s
2026-06-03 21:38:16,394 INFO POST http://localhost:9200/_search/scroll [status:200 duration:0.002s]
2026-06-03 21:38:16,608 INFO HTTP Request: POST https://open.bigmodel.cn/api/paas/v4/embeddings "HTTP/1.1 200 OK"
2026-06-03 21:38:16,692 INFO PUT http://localhost:9200/_bulk?refresh=false [status:200 duration:0.025s]
2026-06-03 21:38:16,692 INFO Progress: 32380/51354 (65.8/s) — ETA 288s
2026-06-03 21:38:16,695 INFO POST http://localhost:9200/_search/scroll [status:200 duration:0.002s]
2026-06-03 21:38:16,878 INFO HTTP Request: POST https://open.bigmodel.cn/api/paas/v4/embeddings "HTTP/1.1 200 OK"
2026-06-03 21:38:16,959 INFO PUT http://localhost:9200/_bulk?refresh=false [status:200 duration:0.025s]
2026-06-03 21:38:16,959 INFO Progress: 32400/51354 (65.8/s) — ETA 288s
2026-06-03 21:38:16,961 INFO POST http://localhost:9200/_search/scroll [status:200 duration:0.002s]
2026-06-03 21:38:17,154 INFO HTTP Request: POST https://open.bigmodel.cn/api/paas/v4/embeddings "HTTP/1.1 200 OK"
2026-06-03 21:38:17,235 INFO PUT http://localhost:9200/_bulk?refresh=false [status:200 duration:0.026s]
2026-06-03 21:38:17,236 INFO Progress: 32420/51354 (65.8/s) — ETA 288s
2026-06-03 21:38:17,238 INFO POST http://localhost:9200/_search/scroll [status:200 duration:0.003s]
2026-06-03 21:38:17,451 INFO HTTP Request: POST https://open.bigmodel.cn/api/paas/v4/embeddings "HTTP/1.1 200 OK"
2026-06-03 21:38:17,532 INFO PUT http://localhost:9200/_bulk?refresh=false [status:200 duration:0.026s]
2026-06-03 21:38:17,532 INFO Progress: 32440/51354 (65.8/s) — ETA 287s
2026-06-03 21:38:17,535 INFO POST http://localhost:9200/_search/scroll [status:200 duration:0.003s]
2026-06-03 21:38:17,747 INFO HTTP Request: POST https://open.bigmodel.cn/api/paas/v4/embeddings "HTTP/1.1 200 OK"
2026-06-03 21:38:17,823 INFO PUT http://localhost:9200/_bulk?refresh=false [status:200 duration:0.025s]
2026-06-03 21:38:17,824 INFO Progress: 32460/51354 (65.8/s) — ETA 287s
2026-06-03 21:38:17,826 INFO POST http://localhost:9200/_search/scroll [status:200 duration:0.002s]
2026-06-03 21:38:18,050 INFO HTTP Request: POST https://open.bigmodel.cn/api/paas/v4/embeddings "HTTP/1.1 200 OK"
2026-06-03 21:38:18,138 INFO PUT http://localhost:9200/_bulk?refresh=false [status:200 duration:0.026s]
2026-06-03 21:38:18,138 INFO Progress: 32480/51354 (65.8/s) — ETA 287s
2026-06-03 21:38:18,140 INFO POST http://localhost:9200/_search/scroll [status:200 duration:0.002s]
2026-06-03 21:38:18,325 INFO HTTP Request: POST https://open.bigmodel.cn/api/paas/v4/embeddings "HTTP/1.1 200 OK"
2026-06-03 21:38:18,409 INFO PUT http://localhost:9200/_bulk?refresh=false [status:200 duration:0.025s]
2026-06-03 21:38:18,410 INFO Progress: 32500/51354 (65.9/s) — ETA 286s
2026-06-03 21:38:18,412 INFO POST http://localhost:9200/_search/scroll [status:200 duration:0.002s]
2026-06-03 21:38:18,614 INFO HTTP Request: POST https://open.bigmodel.cn/api/paas/v4/embeddings "HTTP/1.1 200 OK"
2026-06-03 21:38:18,698 INFO PUT http://localhost:9200/_bulk?refresh=false [status:200 duration:0.027s]
2026-06-03 21:38:18,698 INFO Progress: 32520/51354 (65.9/s) — ETA 286s
2026-06-03 21:38:18,701 INFO POST http://localhost:9200/_search/scroll [status:200 duration:0.003s]
2026-06-03 21:38:18,895 INFO HTTP Request: POST https://open.bigmodel.cn/api/paas/v4/embeddings "HTTP/1.1 200 OK"
2026-06-03 21:38:18,981 INFO PUT http://localhost:9200/_bulk?refresh=false [status:200 duration:0.028s]
2026-06-03 21:38:18,981 INFO Progress: 32540/51354 (65.9/s) — ETA 286s
2026-06-03 21:38:18,984 INFO POST http://localhost:9200/_search/scroll [status:200 duration:0.002s]
2026-06-03 21:38:19,151 INFO HTTP Request: POST https://open.bigmodel.cn/api/paas/v4/embeddings "HTTP/1.1 200 OK"
2026-06-03 21:38:19,218 INFO PUT http://localhost:9200/_bulk?refresh=false [status:200 duration:0.025s]
2026-06-03 21:38:19,218 INFO Progress: 32560/51354 (65.9/s) — ETA 285s
2026-06-03 21:38:19,221 INFO POST http://localhost:9200/_search/scroll [status:200 duration:0.002s]
2026-06-03 21:38:19,456 INFO HTTP Request: POST https://open.bigmodel.cn/api/paas/v4/embeddings "HTTP/1.1 200 OK"
2026-06-03 21:38:19,537 INFO PUT http://localhost:9200/_bulk?refresh=false [status:200 duration:0.027s]
2026-06-03 21:38:19,538 INFO Progress: 32580/51354 (65.9/s) — ETA 285s
2026-06-03 21:38:19,540 INFO POST http://localhost:9200/_search/scroll [status:200 duration:0.002s]
2026-06-03 21:38:19,739 INFO HTTP Request: POST https://open.bigmodel.cn/api/paas/v4/embeddings "HTTP/1.1 200 OK"
2026-06-03 21:38:19,837 INFO PUT http://localhost:9200/_bulk?refresh=false [status:200 duration:0.040s]
2026-06-03 21:38:19,837 INFO Progress: 32600/51354 (65.9/s) — ETA 285s
2026-06-03 21:38:19,843 INFO POST http://localhost:9200/_search/scroll [status:200 duration:0.005s]
2026-06-03 21:38:20,018 INFO HTTP Request: POST https://open.bigmodel.cn/api/paas/v4/embeddings "HTTP/1.1 200 OK"
2026-06-03 21:38:20,101 INFO PUT http://localhost:9200/_bulk?refresh=false [status:200 duration:0.029s]
2026-06-03 21:38:20,101 INFO Progress: 32620/51354 (65.9/s) — ETA 284s
2026-06-03 21:38:20,106 INFO POST http://localhost:9200/_search/scroll [status:200 duration:0.004s]
2026-06-03 21:38:20,299 INFO HTTP Request: POST https://open.bigmodel.cn/api/paas/v4/embeddings "HTTP/1.1 200 OK"
2026-06-03 21:38:20,363 INFO PUT http://localhost:9200/_bulk?refresh=false [status:200 duration:0.027s]
2026-06-03 21:38:20,364 INFO Progress: 32640/51354 (65.9/s) — ETA 284s
2026-06-03 21:38:20,367 INFO POST http://localhost:9200/_search/scroll [status:200 duration:0.003s]
2026-06-03 21:38:20,560 INFO HTTP Request: POST https://open.bigmodel.cn/api/paas/v4/embeddings "HTTP/1.1 200 OK"
2026-06-03 21:38:20,643 INFO PUT http://localhost:9200/_bulk?refresh=false [status:200 duration:0.028s]
2026-06-03 21:38:20,643 INFO Progress: 32660/51354 (65.9/s) — ETA 284s
2026-06-03 21:38:20,646 INFO POST http://localhost:9200/_search/scroll [status:200 duration:0.002s]
2026-06-03 21:38:20,836 INFO HTTP Request: POST https://open.bigmodel.cn/api/paas/v4/embeddings "HTTP/1.1 200 OK"
2026-06-03 21:38:20,924 INFO PUT http://localhost:9200/_bulk?refresh=false [status:200 duration:0.026s]
2026-06-03 21:38:20,924 INFO Progress: 32680/51354 (65.9/s) — ETA 283s
2026-06-03 21:38:20,926 INFO POST http://localhost:9200/_search/scroll [status:200 duration:0.002s]
2026-06-03 21:38:21,095 INFO HTTP Request: POST https://open.bigmodel.cn/api/paas/v4/embeddings "HTTP/1.1 200 OK"
2026-06-03 21:38:21,175 INFO PUT http://localhost:9200/_bulk?refresh=false [status:200 duration:0.026s]
2026-06-03 21:38:21,175 INFO Progress: 32700/51354 (65.9/s) — ETA 283s
2026-06-03 21:38:21,177 INFO POST http://localhost:9200/_search/scroll [status:200 duration:0.002s]
2026-06-03 21:38:21,392 INFO HTTP Request: POST https://open.bigmodel.cn/api/paas/v4/embeddings "HTTP/1.1 200 OK"
2026-06-03 21:38:21,479 INFO PUT http://localhost:9200/_bulk?refresh=false [status:200 duration:0.028s]
2026-06-03 21:38:21,479 INFO Progress: 32720/51354 (65.9/s) — ETA 283s
2026-06-03 21:38:21,482 INFO POST http://localhost:9200/_search/scroll [status:200 duration:0.002s]
2026-06-03 21:38:21,705 INFO HTTP Request: POST https://open.bigmodel.cn/api/paas/v4/embeddings "HTTP/1.1 200 OK"
2026-06-03 21:38:21,791 INFO PUT http://localhost:9200/_bulk?refresh=false [status:200 duration:0.030s]
2026-06-03 21:38:21,791 INFO Progress: 32740/51354 (65.9/s) — ETA 283s
2026-06-03 21:38:21,793 INFO POST http://localhost:9200/_search/scroll [status:200 duration:0.002s]
2026-06-03 21:38:21,989 INFO HTTP Request: POST https://open.bigmodel.cn/api/paas/v4/embeddings "HTTP/1.1 200 OK"
2026-06-03 21:38:22,058 INFO PUT http://localhost:9200/_bulk?refresh=false [status:200 duration:0.025s]
2026-06-03 21:38:22,058 INFO Progress: 32760/51354 (65.9/s) — ETA 282s
2026-06-03 21:38:22,060 INFO POST http://localhost:9200/_search/scroll [status:200 duration:0.002s]
2026-06-03 21:38:22,263 INFO HTTP Request: POST https://open.bigmodel.cn/api/paas/v4/embeddings "HTTP/1.1 200 OK"
2026-06-03 21:38:22,334 INFO PUT http://localhost:9200/_bulk?refresh=false [status:200 duration:0.029s]
2026-06-03 21:38:22,334 INFO Progress: 32780/51354 (65.9/s) — ETA 282s
2026-06-03 21:38:22,337 INFO POST http://localhost:9200/_search/scroll [status:200 duration:0.003s]
2026-06-03 21:38:22,569 INFO HTTP Request: POST https://open.bigmodel.cn/api/paas/v4/embeddings "HTTP/1.1 200 OK"
2026-06-03 21:38:22,641 INFO PUT http://localhost:9200/_bulk?refresh=false [status:200 duration:0.026s]
2026-06-03 21:38:22,641 INFO Progress: 32800/51354 (65.9/s) — ETA 282s
2026-06-03 21:38:22,644 INFO POST http://localhost:9200/_search/scroll [status:200 duration:0.002s]
2026-06-03 21:38:22,833 INFO HTTP Request: POST https://open.bigmodel.cn/api/paas/v4/embeddings "HTTP/1.1 200 OK"
2026-06-03 21:38:22,915 INFO PUT http://localhost:9200/_bulk?refresh=false [status:200 duration:0.026s]
2026-06-03 21:38:22,916 INFO Progress: 32820/51354 (65.9/s) — ETA 281s
2026-06-03 21:38:22,918 INFO POST http://localhost:9200/_search/scroll [status:200 duration:0.003s]
2026-06-03 21:38:23,109 INFO HTTP Request: POST https://open.bigmodel.cn/api/paas/v4/embeddings "HTTP/1.1 200 OK"
2026-06-03 21:38:23,192 INFO PUT http://localhost:9200/_bulk?refresh=false [status:200 duration:0.025s]
2026-06-03 21:38:23,192 INFO Progress: 32840/51354 (65.9/s) — ETA 281s
2026-06-03 21:38:23,195 INFO POST http://localhost:9200/_search/scroll [status:200 duration:0.002s]
2026-06-03 21:38:23,384 INFO HTTP Request: POST https://open.bigmodel.cn/api/paas/v4/embeddings "HTTP/1.1 200 OK"
2026-06-03 21:38:23,474 INFO PUT http://localhost:9200/_bulk?refresh=false [status:200 duration:0.028s]
2026-06-03 21:38:23,474 INFO Progress: 32860/51354 (65.9/s) — ETA 281s
2026-06-03 21:38:23,477 INFO POST http://localhost:9200/_search/scroll [status:200 duration:0.002s]
2026-06-03 21:38:23,643 INFO HTTP Request: POST https://open.bigmodel.cn/api/paas/v4/embeddings "HTTP/1.1 200 OK"
2026-06-03 21:38:23,729 INFO PUT http://localhost:9200/_bulk?refresh=false [status:200 duration:0.029s]
2026-06-03 21:38:23,729 INFO Progress: 32880/51354 (65.9/s) — ETA 280s
2026-06-03 21:38:23,732 INFO POST http://localhost:9200/_search/scroll [status:200 duration:0.003s]
2026-06-03 21:38:23,926 INFO HTTP Request: POST https://open.bigmodel.cn/api/paas/v4/embeddings "HTTP/1.1 200 OK"
2026-06-03 21:38:24,010 INFO PUT http://localhost:9200/_bulk?refresh=false [status:200 duration:0.026s]
2026-06-03 21:38:24,010 INFO Progress: 32900/51354 (65.9/s) — ETA 280s
2026-06-03 21:38:24,013 INFO POST http://localhost:9200/_search/scroll [status:200 duration:0.002s]
2026-06-03 21:38:24,216 INFO HTTP Request: POST https://open.bigmodel.cn/api/paas/v4/embeddings "HTTP/1.1 200 OK"
2026-06-03 21:38:24,278 INFO PUT http://localhost:9200/_bulk?refresh=false [status:200 duration:0.027s]
2026-06-03 21:38:24,279 INFO Progress: 32920/51354 (65.9/s) — ETA 280s
2026-06-03 21:38:24,281 INFO POST http://localhost:9200/_search/scroll [status:200 duration:0.002s]
2026-06-03 21:38:24,481 INFO HTTP Request: POST https://open.bigmodel.cn/api/paas/v4/embeddings "HTTP/1.1 200 OK"
2026-06-03 21:38:24,566 INFO PUT http://localhost:9200/_bulk?refresh=false [status:200 duration:0.026s]
2026-06-03 21:38:24,566 INFO Progress: 32940/51354 (65.9/s) — ETA 279s
2026-06-03 21:38:24,569 INFO POST http://localhost:9200/_search/scroll [status:200 duration:0.002s]
2026-06-03 21:38:24,781 INFO HTTP Request: POST https://open.bigmodel.cn/api/paas/v4/embeddings "HTTP/1.1 200 OK"
2026-06-03 21:38:24,848 INFO PUT http://localhost:9200/_bulk?refresh=false [status:200 duration:0.030s]
2026-06-03 21:38:24,848 INFO Progress: 32960/51354 (65.9/s) — ETA 279s
2026-06-03 21:38:24,851 INFO POST http://localhost:9200/_search/scroll [status:200 duration:0.002s]
2026-06-03 21:38:25,029 INFO HTTP Request: POST https://open.bigmodel.cn/api/paas/v4/embeddings "HTTP/1.1 200 OK"
2026-06-03 21:38:25,110 INFO PUT http://localhost:9200/_bulk?refresh=false [status:200 duration:0.025s]
2026-06-03 21:38:25,110 INFO Progress: 32980/51354 (65.9/s) — ETA 279s
2026-06-03 21:38:25,113 INFO POST http://localhost:9200/_search/scroll [status:200 duration:0.002s]
2026-06-03 21:38:25,322 INFO HTTP Request: POST https://open.bigmodel.cn/api/paas/v4/embeddings "HTTP/1.1 200 OK"
2026-06-03 21:38:25,399 INFO PUT http://localhost:9200/_bulk?refresh=false [status:200 duration:0.028s]
2026-06-03 21:38:25,399 INFO Progress: 33000/51354 (65.9/s) — ETA 278s
2026-06-03 21:38:25,402 INFO POST http://localhost:9200/_search/scroll [status:200 duration:0.002s]
2026-06-03 21:38:25,570 INFO HTTP Request: POST https://open.bigmodel.cn/api/paas/v4/embeddings "HTTP/1.1 200 OK"
2026-06-03 21:38:25,633 INFO PUT http://localhost:9200/_bulk?refresh=false [status:200 duration:0.027s]
2026-06-03 21:38:25,634 INFO Progress: 33020/51354 (65.9/s) — ETA 278s
2026-06-03 21:38:25,636 INFO POST http://localhost:9200/_search/scroll [status:200 duration:0.003s]
2026-06-03 21:38:25,857 INFO HTTP Request: POST https://open.bigmodel.cn/api/paas/v4/embeddings "HTTP/1.1 200 OK"
2026-06-03 21:38:25,924 INFO PUT http://localhost:9200/_bulk?refresh=false [status:200 duration:0.026s]
2026-06-03 21:38:25,924 INFO Progress: 33040/51354 (65.9/s) — ETA 278s
2026-06-03 21:38:25,927 INFO POST http://localhost:9200/_search/scroll [status:200 duration:0.002s]
2026-06-03 21:38:26,113 INFO HTTP Request: POST https://open.bigmodel.cn/api/paas/v4/embeddings "HTTP/1.1 200 OK"
2026-06-03 21:38:26,199 INFO PUT http://localhost:9200/_bulk?refresh=false [status:200 duration:0.029s]
2026-06-03 21:38:26,200 INFO Progress: 33060/51354 (65.9/s) — ETA 277s
2026-06-03 21:38:26,202 INFO POST http://localhost:9200/_search/scroll [status:200 duration:0.002s]
2026-06-03 21:38:27,270 INFO HTTP Request: POST https://open.bigmodel.cn/api/paas/v4/embeddings "HTTP/1.1 200 OK"
2026-06-03 21:38:27,331 INFO PUT http://localhost:9200/_bulk?refresh=false [status:200 duration:0.026s]
2026-06-03 21:38:27,331 INFO Progress: 33080/51354 (65.8/s) — ETA 278s
2026-06-03 21:38:27,333 INFO POST http://localhost:9200/_search/scroll [status:200 duration:0.002s]
2026-06-03 21:38:27,524 INFO HTTP Request: POST https://open.bigmodel.cn/api/paas/v4/embeddings "HTTP/1.1 200 OK"
2026-06-03 21:38:27,605 INFO PUT http://localhost:9200/_bulk?refresh=false [status:200 duration:0.026s]
2026-06-03 21:38:27,605 INFO Progress: 33100/51354 (65.8/s) — ETA 277s
2026-06-03 21:38:27,607 INFO POST http://localhost:9200/_search/scroll [status:200 duration:0.002s]
2026-06-03 21:38:27,790 INFO HTTP Request: POST https://open.bigmodel.cn/api/paas/v4/embeddings "HTTP/1.1 200 OK"
2026-06-03 21:38:27,853 INFO PUT http://localhost:9200/_bulk?refresh=false [status:200 duration:0.027s]
2026-06-03 21:38:27,853 INFO Progress: 33120/51354 (65.8/s) — ETA 277s
2026-06-03 21:38:27,856 INFO POST http://localhost:9200/_search/scroll [status:200 duration:0.002s]
2026-06-03 21:38:28,069 INFO HTTP Request: POST https://open.bigmodel.cn/api/paas/v4/embeddings "HTTP/1.1 200 OK"
2026-06-03 21:38:28,156 INFO PUT http://localhost:9200/_bulk?refresh=false [status:200 duration:0.029s]
2026-06-03 21:38:28,157 INFO Progress: 33140/51354 (65.8/s) — ETA 277s
2026-06-03 21:38:28,159 INFO POST http://localhost:9200/_search/scroll [status:200 duration:0.002s]
2026-06-03 21:38:28,331 INFO HTTP Request: POST https://open.bigmodel.cn/api/paas/v4/embeddings "HTTP/1.1 200 OK"
2026-06-03 21:38:28,387 INFO PUT http://localhost:9200/_bulk?refresh=false [status:200 duration:0.026s]
2026-06-03 21:38:28,388 INFO Progress: 33160/51354 (65.9/s) — ETA 276s
2026-06-03 21:38:28,390 INFO POST http://localhost:9200/_search/scroll [status:200 duration:0.002s]
2026-06-03 21:38:28,560 INFO HTTP Request: POST https://open.bigmodel.cn/api/paas/v4/embeddings "HTTP/1.1 200 OK"
2026-06-03 21:38:28,643 INFO PUT http://localhost:9200/_bulk?refresh=false [status:200 duration:0.027s]
2026-06-03 21:38:28,643 INFO Progress: 33180/51354 (65.9/s) — ETA 276s
2026-06-03 21:38:28,646 INFO POST http://localhost:9200/_search/scroll [status:200 duration:0.002s]
2026-06-03 21:38:28,876 INFO HTTP Request: POST https://open.bigmodel.cn/api/paas/v4/embeddings "HTTP/1.1 200 OK"
2026-06-03 21:38:28,961 INFO PUT http://localhost:9200/_bulk?refresh=false [status:200 duration:0.027s]
2026-06-03 21:38:28,962 INFO Progress: 33200/51354 (65.9/s) — ETA 276s
2026-06-03 21:38:28,964 INFO POST http://localhost:9200/_search/scroll [status:200 duration:0.002s]
2026-06-03 21:38:29,178 INFO HTTP Request: POST https://open.bigmodel.cn/api/paas/v4/embeddings "HTTP/1.1 200 OK"
2026-06-03 21:38:29,267 INFO PUT http://localhost:9200/_bulk?refresh=false [status:200 duration:0.025s]
2026-06-03 21:38:29,267 INFO Progress: 33220/51354 (65.9/s) — ETA 275s
2026-06-03 21:38:29,270 INFO POST http://localhost:9200/_search/scroll [status:200 duration:0.002s]
2026-06-03 21:38:29,481 INFO HTTP Request: POST https://open.bigmodel.cn/api/paas/v4/embeddings "HTTP/1.1 200 OK"
2026-06-03 21:38:29,560 INFO PUT http://localhost:9200/_bulk?refresh=false [status:200 duration:0.028s]
2026-06-03 21:38:29,560 INFO Progress: 33240/51354 (65.9/s) — ETA 275s
2026-06-03 21:38:29,563 INFO POST http://localhost:9200/_search/scroll [status:200 duration:0.002s]
2026-06-03 21:38:29,756 INFO HTTP Request: POST https://open.bigmodel.cn/api/paas/v4/embeddings "HTTP/1.1 200 OK"
2026-06-03 21:38:29,820 INFO PUT http://localhost:9200/_bulk?refresh=false [status:200 duration:0.027s]
2026-06-03 21:38:29,820 INFO Progress: 33260/51354 (65.9/s) — ETA 275s
2026-06-03 21:38:29,823 INFO POST http://localhost:9200/_search/scroll [status:200 duration:0.003s]
2026-06-03 21:38:30,039 INFO HTTP Request: POST https://open.bigmodel.cn/api/paas/v4/embeddings "HTTP/1.1 200 OK"
2026-06-03 21:38:30,098 INFO PUT http://localhost:9200/_bulk?refresh=false [status:200 duration:0.025s]
2026-06-03 21:38:30,098 INFO Progress: 33280/51354 (65.9/s) — ETA 274s
2026-06-03 21:38:30,101 INFO POST http://localhost:9200/_search/scroll [status:200 duration:0.003s]
2026-06-03 21:38:30,291 INFO HTTP Request: POST https://open.bigmodel.cn/api/paas/v4/embeddings "HTTP/1.1 200 OK"
2026-06-03 21:38:30,386 INFO PUT http://localhost:9200/_bulk?refresh=false [status:200 duration:0.036s]
2026-06-03 21:38:30,387 INFO Progress: 33300/51354 (65.9/s) — ETA 274s
2026-06-03 21:38:30,389 INFO POST http://localhost:9200/_search/scroll [status:200 duration:0.002s]
2026-06-03 21:38:30,583 INFO HTTP Request: POST https://open.bigmodel.cn/api/paas/v4/embeddings "HTTP/1.1 200 OK"
2026-06-03 21:38:30,646 INFO PUT http://localhost:9200/_bulk?refresh=false [status:200 duration:0.025s]
2026-06-03 21:38:30,646 INFO Progress: 33320/51354 (65.9/s) — ETA 274s
2026-06-03 21:38:30,649 INFO POST http://localhost:9200/_search/scroll [status:200 duration:0.002s]
2026-06-03 21:38:30,863 INFO HTTP Request: POST https://open.bigmodel.cn/api/paas/v4/embeddings "HTTP/1.1 200 OK"
2026-06-03 21:38:30,941 INFO PUT http://localhost:9200/_bulk?refresh=false [status:200 duration:0.026s]
2026-06-03 21:38:30,941 INFO Progress: 33340/51354 (65.9/s) — ETA 273s
2026-06-03 21:38:30,944 INFO POST http://localhost:9200/_search/scroll [status:200 duration:0.002s]
2026-06-03 21:38:31,122 INFO HTTP Request: POST https://open.bigmodel.cn/api/paas/v4/embeddings "HTTP/1.1 200 OK"
2026-06-03 21:38:31,189 INFO PUT http://localhost:9200/_bulk?refresh=false [status:200 duration:0.026s]
2026-06-03 21:38:31,190 INFO Progress: 33360/51354 (65.9/s) — ETA 273s
2026-06-03 21:38:31,192 INFO POST http://localhost:9200/_search/scroll [status:200 duration:0.002s]
2026-06-03 21:38:31,398 INFO HTTP Request: POST https://open.bigmodel.cn/api/paas/v4/embeddings "HTTP/1.1 200 OK"
2026-06-03 21:38:31,477 INFO PUT http://localhost:9200/_bulk?refresh=false [status:200 duration:0.027s]
2026-06-03 21:38:31,477 INFO Progress: 33380/51354 (65.9/s) — ETA 273s
2026-06-03 21:38:31,480 INFO POST http://localhost:9200/_search/scroll [status:200 duration:0.002s]
2026-06-03 21:38:31,658 INFO HTTP Request: POST https://open.bigmodel.cn/api/paas/v4/embeddings "HTTP/1.1 200 OK"
2026-06-03 21:38:31,738 INFO PUT http://localhost:9200/_bulk?refresh=false [status:200 duration:0.026s]
2026-06-03 21:38:31,738 INFO Progress: 33400/51354 (65.9/s) — ETA 272s
2026-06-03 21:38:31,741 INFO POST http://localhost:9200/_search/scroll [status:200 duration:0.002s]
2026-06-03 21:38:31,932 INFO HTTP Request: POST https://open.bigmodel.cn/api/paas/v4/embeddings "HTTP/1.1 200 OK"
2026-06-03 21:38:31,995 INFO PUT http://localhost:9200/_bulk?refresh=false [status:200 duration:0.027s]
2026-06-03 21:38:31,996 INFO Progress: 33420/51354 (65.9/s) — ETA 272s
2026-06-03 21:38:31,998 INFO POST http://localhost:9200/_search/scroll [status:200 duration:0.002s]
2026-06-03 21:38:32,160 INFO HTTP Request: POST https://open.bigmodel.cn/api/paas/v4/embeddings "HTTP/1.1 200 OK"
2026-06-03 21:38:32,245 INFO PUT http://localhost:9200/_bulk?refresh=false [status:200 duration:0.027s]
2026-06-03 21:38:32,246 INFO Progress: 33440/51354 (65.9/s) — ETA 272s
2026-06-03 21:38:32,248 INFO POST http://localhost:9200/_search/scroll [status:200 duration:0.002s]
2026-06-03 21:38:32,451 INFO HTTP Request: POST https://open.bigmodel.cn/api/paas/v4/embeddings "HTTP/1.1 200 OK"
2026-06-03 21:38:32,533 INFO PUT http://localhost:9200/_bulk?refresh=false [status:200 duration:0.026s]
2026-06-03 21:38:32,533 INFO Progress: 33460/51354 (65.9/s) — ETA 271s
2026-06-03 21:38:32,536 INFO POST http://localhost:9200/_search/scroll [status:200 duration:0.002s]
2026-06-03 21:38:32,691 INFO HTTP Request: POST https://open.bigmodel.cn/api/paas/v4/embeddings "HTTP/1.1 200 OK"
2026-06-03 21:38:32,770 INFO PUT http://localhost:9200/_bulk?refresh=false [status:200 duration:0.027s]
2026-06-03 21:38:32,770 INFO Progress: 33480/51354 (65.9/s) — ETA 271s
2026-06-03 21:38:32,773 INFO POST http://localhost:9200/_search/scroll [status:200 duration:0.002s]
2026-06-03 21:38:32,988 INFO HTTP Request: POST https://open.bigmodel.cn/api/paas/v4/embeddings "HTTP/1.1 200 OK"
2026-06-03 21:38:33,078 INFO PUT http://localhost:9200/_bulk?refresh=false [status:200 duration:0.029s]
2026-06-03 21:38:33,078 INFO Progress: 33500/51354 (65.9/s) — ETA 271s
2026-06-03 21:38:33,081 INFO POST http://localhost:9200/_search/scroll [status:200 duration:0.002s]
2026-06-03 21:38:33,306 INFO HTTP Request: POST https://open.bigmodel.cn/api/paas/v4/embeddings "HTTP/1.1 200 OK"
2026-06-03 21:38:33,393 INFO PUT http://localhost:9200/_bulk?refresh=false [status:200 duration:0.028s]
2026-06-03 21:38:33,393 INFO Progress: 33520/51354 (65.9/s) — ETA 271s
2026-06-03 21:38:33,396 INFO POST http://localhost:9200/_search/scroll [status:200 duration:0.002s]
2026-06-03 21:38:33,577 INFO HTTP Request: POST https://open.bigmodel.cn/api/paas/v4/embeddings "HTTP/1.1 200 OK"
2026-06-03 21:38:33,664 INFO PUT http://localhost:9200/_bulk?refresh=false [status:200 duration:0.029s]
2026-06-03 21:38:33,664 INFO Progress: 33540/51354 (65.9/s) — ETA 270s
2026-06-03 21:38:33,667 INFO POST http://localhost:9200/_search/scroll [status:200 duration:0.003s]
2026-06-03 21:38:33,825 INFO HTTP Request: POST https://open.bigmodel.cn/api/paas/v4/embeddings "HTTP/1.1 200 OK"
2026-06-03 21:38:33,911 INFO PUT http://localhost:9200/_bulk?refresh=false [status:200 duration:0.027s]
2026-06-03 21:38:33,911 INFO Progress: 33560/51354 (65.9/s) — ETA 270s
2026-06-03 21:38:33,914 INFO POST http://localhost:9200/_search/scroll [status:200 duration:0.002s]
2026-06-03 21:38:34,191 INFO HTTP Request: POST https://open.bigmodel.cn/api/paas/v4/embeddings "HTTP/1.1 200 OK"
2026-06-03 21:38:34,274 INFO PUT http://localhost:9200/_bulk?refresh=false [status:200 duration:0.027s]
2026-06-03 21:38:34,274 INFO Progress: 33580/51354 (65.9/s) — ETA 270s
2026-06-03 21:38:34,277 INFO POST http://localhost:9200/_search/scroll [status:200 duration:0.002s]
2026-06-03 21:38:34,497 INFO HTTP Request: POST https://open.bigmodel.cn/api/paas/v4/embeddings "HTTP/1.1 200 OK"
2026-06-03 21:38:34,580 INFO PUT http://localhost:9200/_bulk?refresh=false [status:200 duration:0.026s]
2026-06-03 21:38:34,580 INFO Progress: 33600/51354 (65.9/s) — ETA 269s
2026-06-03 21:38:34,583 INFO POST http://localhost:9200/_search/scroll [status:200 duration:0.002s]
2026-06-03 21:38:34,822 INFO HTTP Request: POST https://open.bigmodel.cn/api/paas/v4/embeddings "HTTP/1.1 200 OK"
2026-06-03 21:38:34,902 INFO PUT http://localhost:9200/_bulk?refresh=false [status:200 duration:0.027s]
2026-06-03 21:38:34,902 INFO Progress: 33620/51354 (65.9/s) — ETA 269s
2026-06-03 21:38:34,905 INFO POST http://localhost:9200/_search/scroll [status:200 duration:0.002s]
2026-06-03 21:38:35,095 INFO HTTP Request: POST https://open.bigmodel.cn/api/paas/v4/embeddings "HTTP/1.1 200 OK"
2026-06-03 21:38:35,191 INFO PUT http://localhost:9200/_bulk?refresh=false [status:200 duration:0.035s]
2026-06-03 21:38:35,191 INFO Progress: 33640/51354 (65.9/s) — ETA 269s
2026-06-03 21:38:35,197 INFO POST http://localhost:9200/_search/scroll [status:200 duration:0.005s]
2026-06-03 21:38:35,390 INFO HTTP Request: POST https://open.bigmodel.cn/api/paas/v4/embeddings "HTTP/1.1 200 OK"
2026-06-03 21:38:35,480 INFO PUT http://localhost:9200/_bulk?refresh=false [status:200 duration:0.030s]
2026-06-03 21:38:35,480 INFO Progress: 33660/51354 (65.9/s) — ETA 268s
2026-06-03 21:38:35,485 INFO POST http://localhost:9200/_search/scroll [status:200 duration:0.004s]
2026-06-03 21:38:35,699 INFO HTTP Request: POST https://open.bigmodel.cn/api/paas/v4/embeddings "HTTP/1.1 200 OK"
2026-06-03 21:38:35,779 INFO PUT http://localhost:9200/_bulk?refresh=false [status:200 duration:0.029s]
2026-06-03 21:38:35,779 INFO Progress: 33680/51354 (65.9/s) — ETA 268s
2026-06-03 21:38:35,781 INFO POST http://localhost:9200/_search/scroll [status:200 duration:0.002s]
2026-06-03 21:38:35,975 INFO HTTP Request: POST https://open.bigmodel.cn/api/paas/v4/embeddings "HTTP/1.1 200 OK"
2026-06-03 21:38:36,069 INFO PUT http://localhost:9200/_bulk?refresh=false [status:200 duration:0.029s]
2026-06-03 21:38:36,069 INFO Progress: 33700/51354 (65.9/s) — ETA 268s
2026-06-03 21:38:36,072 INFO POST http://localhost:9200/_search/scroll [status:200 duration:0.003s]
2026-06-03 21:38:36,292 INFO HTTP Request: POST https://open.bigmodel.cn/api/paas/v4/embeddings "HTTP/1.1 200 OK"
2026-06-03 21:38:36,378 INFO PUT http://localhost:9200/_bulk?refresh=false [status:200 duration:0.027s]
2026-06-03 21:38:36,378 INFO Progress: 33720/51354 (65.9/s) — ETA 267s
2026-06-03 21:38:36,380 INFO POST http://localhost:9200/_search/scroll [status:200 duration:0.002s]
2026-06-03 21:38:36,563 INFO HTTP Request: POST https://open.bigmodel.cn/api/paas/v4/embeddings "HTTP/1.1 200 OK"
2026-06-03 21:38:36,628 INFO PUT http://localhost:9200/_bulk?refresh=false [status:200 duration:0.027s]
2026-06-03 21:38:36,628 INFO Progress: 33740/51354 (65.9/s) — ETA 267s
2026-06-03 21:38:36,631 INFO POST http://localhost:9200/_search/scroll [status:200 duration:0.002s]
2026-06-03 21:38:36,833 INFO HTTP Request: POST https://open.bigmodel.cn/api/paas/v4/embeddings "HTTP/1.1 200 OK"
2026-06-03 21:38:36,909 INFO PUT http://localhost:9200/_bulk?refresh=false [status:200 duration:0.026s]
2026-06-03 21:38:36,910 INFO Progress: 33760/51354 (65.9/s) — ETA 267s
2026-06-03 21:38:36,912 INFO POST http://localhost:9200/_search/scroll [status:200 duration:0.002s]
2026-06-03 21:38:37,083 INFO HTTP Request: POST https://open.bigmodel.cn/api/paas/v4/embeddings "HTTP/1.1 200 OK"
2026-06-03 21:38:37,169 INFO PUT http://localhost:9200/_bulk?refresh=false [status:200 duration:0.028s]
2026-06-03 21:38:37,169 INFO Progress: 33780/51354 (65.9/s) — ETA 267s
2026-06-03 21:38:37,172 INFO POST http://localhost:9200/_search/scroll [status:200 duration:0.002s]
2026-06-03 21:38:37,332 INFO HTTP Request: POST https://open.bigmodel.cn/api/paas/v4/embeddings "HTTP/1.1 200 OK"
2026-06-03 21:38:37,420 INFO PUT http://localhost:9200/_bulk?refresh=false [status:200 duration:0.030s]
2026-06-03 21:38:37,421 INFO Progress: 33800/51354 (65.9/s) — ETA 266s
2026-06-03 21:38:37,423 INFO POST http://localhost:9200/_search/scroll [status:200 duration:0.002s]
2026-06-03 21:38:37,607 INFO HTTP Request: POST https://open.bigmodel.cn/api/paas/v4/embeddings "HTTP/1.1 200 OK"
2026-06-03 21:38:37,674 INFO PUT http://localhost:9200/_bulk?refresh=false [status:200 duration:0.028s]
2026-06-03 21:38:37,674 INFO Progress: 33820/51354 (66.0/s) — ETA 266s
2026-06-03 21:38:37,677 INFO POST http://localhost:9200/_search/scroll [status:200 duration:0.003s]
2026-06-03 21:38:37,864 INFO HTTP Request: POST https://open.bigmodel.cn/api/paas/v4/embeddings "HTTP/1.1 200 OK"
2026-06-03 21:38:37,948 INFO PUT http://localhost:9200/_bulk?refresh=false [status:200 duration:0.029s]
2026-06-03 21:38:37,948 INFO Progress: 33840/51354 (66.0/s) — ETA 266s
2026-06-03 21:38:37,951 INFO POST http://localhost:9200/_search/scroll [status:200 duration:0.003s]
2026-06-03 21:38:38,117 INFO HTTP Request: POST https://open.bigmodel.cn/api/paas/v4/embeddings "HTTP/1.1 200 OK"
2026-06-03 21:38:38,206 INFO PUT http://localhost:9200/_bulk?refresh=false [status:200 duration:0.029s]
2026-06-03 21:38:38,206 INFO Progress: 33860/51354 (66.0/s) — ETA 265s
2026-06-03 21:38:38,209 INFO POST http://localhost:9200/_search/scroll [status:200 duration:0.003s]
2026-06-03 21:38:38,393 INFO HTTP Request: POST https://open.bigmodel.cn/api/paas/v4/embeddings "HTTP/1.1 200 OK"
2026-06-03 21:38:38,472 INFO PUT http://localhost:9200/_bulk?refresh=false [status:200 duration:0.029s]
2026-06-03 21:38:38,473 INFO Progress: 33880/51354 (66.0/s) — ETA 265s
2026-06-03 21:38:38,475 INFO POST http://localhost:9200/_search/scroll [status:200 duration:0.002s]
2026-06-03 21:38:38,663 INFO HTTP Request: POST https://open.bigmodel.cn/api/paas/v4/embeddings "HTTP/1.1 200 OK"
2026-06-03 21:38:38,753 INFO PUT http://localhost:9200/_bulk?refresh=false [status:200 duration:0.027s]
2026-06-03 21:38:38,753 INFO Progress: 33900/51354 (66.0/s) — ETA 265s
2026-06-03 21:38:38,756 INFO POST http://localhost:9200/_search/scroll [status:200 duration:0.002s]
2026-06-03 21:38:38,960 INFO HTTP Request: POST https://open.bigmodel.cn/api/paas/v4/embeddings "HTTP/1.1 200 OK"
2026-06-03 21:38:39,043 INFO PUT http://localhost:9200/_bulk?refresh=false [status:200 duration:0.028s]
2026-06-03 21:38:39,044 INFO Progress: 33920/51354 (66.0/s) — ETA 264s
2026-06-03 21:38:39,046 INFO POST http://localhost:9200/_search/scroll [status:200 duration:0.003s]
2026-06-03 21:38:39,239 INFO HTTP Request: POST https://open.bigmodel.cn/api/paas/v4/embeddings "HTTP/1.1 200 OK"
2026-06-03 21:38:39,316 INFO PUT http://localhost:9200/_bulk?refresh=false [status:200 duration:0.027s]
2026-06-03 21:38:39,316 INFO Progress: 33940/51354 (66.0/s) — ETA 264s
2026-06-03 21:38:39,319 INFO POST http://localhost:9200/_search/scroll [status:200 duration:0.002s]
2026-06-03 21:38:39,505 INFO HTTP Request: POST https://open.bigmodel.cn/api/paas/v4/embeddings "HTTP/1.1 200 OK"
2026-06-03 21:38:39,564 INFO PUT http://localhost:9200/_bulk?refresh=false [status:200 duration:0.030s]
2026-06-03 21:38:39,564 INFO Progress: 33960/51354 (66.0/s) — ETA 264s
2026-06-03 21:38:39,567 INFO POST http://localhost:9200/_search/scroll [status:200 duration:0.003s]
2026-06-03 21:38:39,731 INFO HTTP Request: POST https://open.bigmodel.cn/api/paas/v4/embeddings "HTTP/1.1 200 OK"
2026-06-03 21:38:39,805 INFO PUT http://localhost:9200/_bulk?refresh=false [status:200 duration:0.032s]
2026-06-03 21:38:39,806 INFO Progress: 33980/51354 (66.0/s) — ETA 263s
2026-06-03 21:38:39,808 INFO POST http://localhost:9200/_search/scroll [status:200 duration:0.002s]
2026-06-03 21:38:40,001 INFO HTTP Request: POST https://open.bigmodel.cn/api/paas/v4/embeddings "HTTP/1.1 200 OK"
2026-06-03 21:38:40,087 INFO PUT http://localhost:9200/_bulk?refresh=false [status:200 duration:0.029s]
2026-06-03 21:38:40,087 INFO Progress: 34000/51354 (66.0/s) — ETA 263s
2026-06-03 21:38:40,090 INFO POST http://localhost:9200/_search/scroll [status:200 duration:0.002s]
2026-06-03 21:38:40,290 INFO HTTP Request: POST https://open.bigmodel.cn/api/paas/v4/embeddings "HTTP/1.1 200 OK"
2026-06-03 21:38:40,375 INFO PUT http://localhost:9200/_bulk?refresh=false [status:200 duration:0.029s]
2026-06-03 21:38:40,375 INFO Progress: 34020/51354 (66.0/s) — ETA 263s
2026-06-03 21:38:40,377 INFO POST http://localhost:9200/_search/scroll [status:200 duration:0.002s]
2026-06-03 21:38:40,577 INFO HTTP Request: POST https://open.bigmodel.cn/api/paas/v4/embeddings "HTTP/1.1 200 OK"
2026-06-03 21:38:40,641 INFO PUT http://localhost:9200/_bulk?refresh=false [status:200 duration:0.027s]
2026-06-03 21:38:40,641 INFO Progress: 34040/51354 (66.0/s) — ETA 262s
2026-06-03 21:38:40,644 INFO POST http://localhost:9200/_search/scroll [status:200 duration:0.002s]
2026-06-03 21:38:40,849 INFO HTTP Request: POST https://open.bigmodel.cn/api/paas/v4/embeddings "HTTP/1.1 200 OK"
2026-06-03 21:38:40,919 INFO PUT http://localhost:9200/_bulk?refresh=false [status:200 duration:0.028s]
2026-06-03 21:38:40,919 INFO Progress: 34060/51354 (66.0/s) — ETA 262s
2026-06-03 21:38:40,922 INFO POST http://localhost:9200/_search/scroll [status:200 duration:0.002s]
2026-06-03 21:38:41,138 INFO HTTP Request: POST https://open.bigmodel.cn/api/paas/v4/embeddings "HTTP/1.1 200 OK"
2026-06-03 21:38:41,219 INFO PUT http://localhost:9200/_bulk?refresh=false [status:200 duration:0.029s]
2026-06-03 21:38:41,220 INFO Progress: 34080/51354 (66.0/s) — ETA 262s
2026-06-03 21:38:41,222 INFO POST http://localhost:9200/_search/scroll [status:200 duration:0.002s]
2026-06-03 21:38:41,463 INFO HTTP Request: POST https://open.bigmodel.cn/api/paas/v4/embeddings "HTTP/1.1 200 OK"
2026-06-03 21:38:41,549 INFO PUT http://localhost:9200/_bulk?refresh=false [status:200 duration:0.027s]
2026-06-03 21:38:41,549 INFO Progress: 34100/51354 (66.0/s) — ETA 261s
2026-06-03 21:38:41,552 INFO POST http://localhost:9200/_search/scroll [status:200 duration:0.002s]
2026-06-03 21:38:41,758 INFO HTTP Request: POST https://open.bigmodel.cn/api/paas/v4/embeddings "HTTP/1.1 200 OK"
2026-06-03 21:38:41,837 INFO PUT http://localhost:9200/_bulk?refresh=false [status:200 duration:0.027s]
2026-06-03 21:38:41,837 INFO Progress: 34120/51354 (66.0/s) — ETA 261s
2026-06-03 21:38:41,839 INFO POST http://localhost:9200/_search/scroll [status:200 duration:0.002s]
2026-06-03 21:38:42,029 INFO HTTP Request: POST https://open.bigmodel.cn/api/paas/v4/embeddings "HTTP/1.1 200 OK"
2026-06-03 21:38:42,110 INFO PUT http://localhost:9200/_bulk?refresh=false [status:200 duration:0.027s]
2026-06-03 21:38:42,111 INFO Progress: 34140/51354 (66.0/s) — ETA 261s
2026-06-03 21:38:42,113 INFO POST http://localhost:9200/_search/scroll [status:200 duration:0.002s]
2026-06-03 21:38:42,297 INFO HTTP Request: POST https://open.bigmodel.cn/api/paas/v4/embeddings "HTTP/1.1 200 OK"
2026-06-03 21:38:42,429 INFO PUT http://localhost:9200/_bulk?refresh=false [status:200 duration:0.074s]
2026-06-03 21:38:42,429 INFO Progress: 34160/51354 (66.0/s) — ETA 261s
2026-06-03 21:38:42,432 INFO POST http://localhost:9200/_search/scroll [status:200 duration:0.002s]
2026-06-03 21:38:42,654 INFO HTTP Request: POST https://open.bigmodel.cn/api/paas/v4/embeddings "HTTP/1.1 200 OK"
2026-06-03 21:38:42,742 INFO PUT http://localhost:9200/_bulk?refresh=false [status:200 duration:0.027s]
2026-06-03 21:38:42,743 INFO Progress: 34180/51354 (66.0/s) — ETA 260s
2026-06-03 21:38:42,745 INFO POST http://localhost:9200/_search/scroll [status:200 duration:0.002s]
2026-06-03 21:38:42,937 INFO HTTP Request: POST https://open.bigmodel.cn/api/paas/v4/embeddings "HTTP/1.1 200 OK"
2026-06-03 21:38:43,021 INFO PUT http://localhost:9200/_bulk?refresh=false [status:200 duration:0.030s]
2026-06-03 21:38:43,022 INFO Progress: 34200/51354 (66.0/s) — ETA 260s
2026-06-03 21:38:43,024 INFO POST http://localhost:9200/_search/scroll [status:200 duration:0.003s]
2026-06-03 21:38:43,226 INFO HTTP Request: POST https://open.bigmodel.cn/api/paas/v4/embeddings "HTTP/1.1 200 OK"
2026-06-03 21:38:43,323 INFO PUT http://localhost:9200/_bulk?refresh=false [status:200 duration:0.033s]
2026-06-03 21:38:43,323 INFO Progress: 34220/51354 (66.0/s) — ETA 260s
2026-06-03 21:38:43,326 INFO POST http://localhost:9200/_search/scroll [status:200 duration:0.002s]
2026-06-03 21:38:43,546 INFO HTTP Request: POST https://open.bigmodel.cn/api/paas/v4/embeddings "HTTP/1.1 200 OK"
2026-06-03 21:38:43,636 INFO PUT http://localhost:9200/_bulk?refresh=false [status:200 duration:0.027s]
2026-06-03 21:38:43,636 INFO Progress: 34240/51354 (66.0/s) — ETA 259s
2026-06-03 21:38:43,638 INFO POST http://localhost:9200/_search/scroll [status:200 duration:0.002s]
2026-06-03 21:38:43,828 INFO HTTP Request: POST https://open.bigmodel.cn/api/paas/v4/embeddings "HTTP/1.1 200 OK"
2026-06-03 21:38:43,892 INFO PUT http://localhost:9200/_bulk?refresh=false [status:200 duration:0.028s]
2026-06-03 21:38:43,893 INFO Progress: 34260/51354 (66.0/s) — ETA 259s
2026-06-03 21:38:43,895 INFO POST http://localhost:9200/_search/scroll [status:200 duration:0.002s]
2026-06-03 21:38:44,130 INFO HTTP Request: POST https://open.bigmodel.cn/api/paas/v4/embeddings "HTTP/1.1 200 OK"
2026-06-03 21:38:44,195 INFO PUT http://localhost:9200/_bulk?refresh=false [status:200 duration:0.031s]
2026-06-03 21:38:44,195 INFO Progress: 34280/51354 (66.0/s) — ETA 259s
2026-06-03 21:38:44,198 INFO POST http://localhost:9200/_search/scroll [status:200 duration:0.003s]
2026-06-03 21:38:44,362 INFO HTTP Request: POST https://open.bigmodel.cn/api/paas/v4/embeddings "HTTP/1.1 200 OK"
2026-06-03 21:38:44,447 INFO PUT http://localhost:9200/_bulk?refresh=false [status:200 duration:0.027s]
2026-06-03 21:38:44,447 INFO Progress: 34300/51354 (66.0/s) — ETA 258s
2026-06-03 21:38:44,450 INFO POST http://localhost:9200/_search/scroll [status:200 duration:0.003s]
2026-06-03 21:38:44,633 INFO HTTP Request: POST https://open.bigmodel.cn/api/paas/v4/embeddings "HTTP/1.1 200 OK"
2026-06-03 21:38:44,723 INFO PUT http://localhost:9200/_bulk?refresh=false [status:200 duration:0.032s]
2026-06-03 21:38:44,723 INFO Progress: 34320/51354 (66.0/s) — ETA 258s
2026-06-03 21:38:44,725 INFO POST http://localhost:9200/_search/scroll [status:200 duration:0.002s]
2026-06-03 21:38:44,905 INFO HTTP Request: POST https://open.bigmodel.cn/api/paas/v4/embeddings "HTTP/1.1 200 OK"
2026-06-03 21:38:44,992 INFO PUT http://localhost:9200/_bulk?refresh=false [status:200 duration:0.028s]
2026-06-03 21:38:44,993 INFO Progress: 34340/51354 (66.0/s) — ETA 258s
2026-06-03 21:38:44,995 INFO POST http://localhost:9200/_search/scroll [status:200 duration:0.002s]
2026-06-03 21:38:45,190 INFO HTTP Request: POST https://open.bigmodel.cn/api/paas/v4/embeddings "HTTP/1.1 200 OK"
2026-06-03 21:38:45,280 INFO PUT http://localhost:9200/_bulk?refresh=false [status:200 duration:0.026s]
2026-06-03 21:38:45,280 INFO Progress: 34360/51354 (66.0/s) — ETA 257s
2026-06-03 21:38:45,283 INFO POST http://localhost:9200/_search/scroll [status:200 duration:0.002s]
2026-06-03 21:38:45,511 INFO HTTP Request: POST https://open.bigmodel.cn/api/paas/v4/embeddings "HTTP/1.1 200 OK"
2026-06-03 21:38:45,605 INFO PUT http://localhost:9200/_bulk?refresh=false [status:200 duration:0.027s]
2026-06-03 21:38:45,605 INFO Progress: 34380/51354 (66.0/s) — ETA 257s
2026-06-03 21:38:45,608 INFO POST http://localhost:9200/_search/scroll [status:200 duration:0.002s]
2026-06-03 21:38:45,789 INFO HTTP Request: POST https://open.bigmodel.cn/api/paas/v4/embeddings "HTTP/1.1 200 OK"
2026-06-03 21:38:45,871 INFO PUT http://localhost:9200/_bulk?refresh=false [status:200 duration:0.027s]
2026-06-03 21:38:45,871 INFO Progress: 34400/51354 (66.0/s) — ETA 257s
2026-06-03 21:38:45,874 INFO POST http://localhost:9200/_search/scroll [status:200 duration:0.003s]
2026-06-03 21:38:46,077 INFO HTTP Request: POST https://open.bigmodel.cn/api/paas/v4/embeddings "HTTP/1.1 200 OK"
2026-06-03 21:38:46,160 INFO PUT http://localhost:9200/_bulk?refresh=false [status:200 duration:0.029s]
2026-06-03 21:38:46,160 INFO Progress: 34420/51354 (66.0/s) — ETA 256s
2026-06-03 21:38:46,163 INFO POST http://localhost:9200/_search/scroll [status:200 duration:0.002s]
2026-06-03 21:38:46,366 INFO HTTP Request: POST https://open.bigmodel.cn/api/paas/v4/embeddings "HTTP/1.1 200 OK"
2026-06-03 21:38:46,453 INFO PUT http://localhost:9200/_bulk?refresh=false [status:200 duration:0.026s]
2026-06-03 21:38:46,453 INFO Progress: 34440/51354 (66.0/s) — ETA 256s
2026-06-03 21:38:46,456 INFO POST http://localhost:9200/_search/scroll [status:200 duration:0.002s]
2026-06-03 21:38:46,644 INFO HTTP Request: POST https://open.bigmodel.cn/api/paas/v4/embeddings "HTTP/1.1 200 OK"
2026-06-03 21:38:46,716 INFO PUT http://localhost:9200/_bulk?refresh=false [status:200 duration:0.030s]
2026-06-03 21:38:46,717 INFO Progress: 34460/51354 (66.0/s) — ETA 256s
2026-06-03 21:38:46,719 INFO POST http://localhost:9200/_search/scroll [status:200 duration:0.002s]
2026-06-03 21:38:46,943 INFO HTTP Request: POST https://open.bigmodel.cn/api/paas/v4/embeddings "HTTP/1.1 200 OK"
2026-06-03 21:38:47,033 INFO PUT http://localhost:9200/_bulk?refresh=false [status:200 duration:0.027s]
2026-06-03 21:38:47,033 INFO Progress: 34480/51354 (66.0/s) — ETA 256s
2026-06-03 21:38:47,036 INFO POST http://localhost:9200/_search/scroll [status:200 duration:0.002s]
2026-06-03 21:38:47,229 INFO HTTP Request: POST https://open.bigmodel.cn/api/paas/v4/embeddings "HTTP/1.1 200 OK"
2026-06-03 21:38:47,318 INFO PUT http://localhost:9200/_bulk?refresh=false [status:200 duration:0.029s]
2026-06-03 21:38:47,318 INFO Progress: 34500/51354 (66.0/s) — ETA 255s
2026-06-03 21:38:47,321 INFO POST http://localhost:9200/_search/scroll [status:200 duration:0.003s]
2026-06-03 21:38:47,512 INFO HTTP Request: POST https://open.bigmodel.cn/api/paas/v4/embeddings "HTTP/1.1 200 OK"
2026-06-03 21:38:47,600 INFO PUT http://localhost:9200/_bulk?refresh=false [status:200 duration:0.027s]
2026-06-03 21:38:47,600 INFO Progress: 34520/51354 (66.0/s) — ETA 255s
2026-06-03 21:38:47,603 INFO POST http://localhost:9200/_search/scroll [status:200 duration:0.003s]
2026-06-03 21:38:47,802 INFO HTTP Request: POST https://open.bigmodel.cn/api/paas/v4/embeddings "HTTP/1.1 200 OK"
2026-06-03 21:38:47,891 INFO PUT http://localhost:9200/_bulk?refresh=false [status:200 duration:0.028s]
2026-06-03 21:38:47,891 INFO Progress: 34540/51354 (66.0/s) — ETA 255s
2026-06-03 21:38:47,894 INFO POST http://localhost:9200/_search/scroll [status:200 duration:0.002s]
2026-06-03 21:38:48,083 INFO HTTP Request: POST https://open.bigmodel.cn/api/paas/v4/embeddings "HTTP/1.1 200 OK"
2026-06-03 21:38:48,183 INFO PUT http://localhost:9200/_bulk?refresh=false [status:200 duration:0.034s]
2026-06-03 21:38:48,184 INFO Progress: 34560/51354 (66.0/s) — ETA 254s
2026-06-03 21:38:48,187 INFO POST http://localhost:9200/_search/scroll [status:200 duration:0.003s]
2026-06-03 21:38:48,366 INFO HTTP Request: POST https://open.bigmodel.cn/api/paas/v4/embeddings "HTTP/1.1 200 OK"
2026-06-03 21:38:48,447 INFO PUT http://localhost:9200/_bulk?refresh=false [status:200 duration:0.029s]
2026-06-03 21:38:48,447 INFO Progress: 34580/51354 (66.0/s) — ETA 254s
2026-06-03 21:38:48,450 INFO POST http://localhost:9200/_search/scroll [status:200 duration:0.003s]
2026-06-03 21:38:48,651 INFO HTTP Request: POST https://open.bigmodel.cn/api/paas/v4/embeddings "HTTP/1.1 200 OK"
2026-06-03 21:38:48,737 INFO PUT http://localhost:9200/_bulk?refresh=false [status:200 duration:0.029s]
2026-06-03 21:38:48,737 INFO Progress: 34600/51354 (66.0/s) — ETA 254s
2026-06-03 21:38:48,740 INFO POST http://localhost:9200/_search/scroll [status:200 duration:0.003s]
2026-06-03 21:38:48,939 INFO HTTP Request: POST https://open.bigmodel.cn/api/paas/v4/embeddings "HTTP/1.1 200 OK"
2026-06-03 21:38:49,024 INFO PUT http://localhost:9200/_bulk?refresh=false [status:200 duration:0.027s]
2026-06-03 21:38:49,024 INFO Progress: 34620/51354 (66.0/s) — ETA 253s
2026-06-03 21:38:49,027 INFO POST http://localhost:9200/_search/scroll [status:200 duration:0.003s]
2026-06-03 21:38:49,208 INFO HTTP Request: POST https://open.bigmodel.cn/api/paas/v4/embeddings "HTTP/1.1 200 OK"
2026-06-03 21:38:49,267 INFO PUT http://localhost:9200/_bulk?refresh=false [status:200 duration:0.030s]
2026-06-03 21:38:49,268 INFO Progress: 34640/51354 (66.1/s) — ETA 253s
2026-06-03 21:38:49,270 INFO POST http://localhost:9200/_search/scroll [status:200 duration:0.002s]
2026-06-03 21:38:49,479 INFO HTTP Request: POST https://open.bigmodel.cn/api/paas/v4/embeddings "HTTP/1.1 200 OK"
2026-06-03 21:38:49,559 INFO PUT http://localhost:9200/_bulk?refresh=false [status:200 duration:0.035s]
2026-06-03 21:38:49,560 INFO Progress: 34660/51354 (66.1/s) — ETA 253s
2026-06-03 21:38:49,564 INFO POST http://localhost:9200/_search/scroll [status:200 duration:0.005s]
2026-06-03 21:38:49,783 INFO HTTP Request: POST https://open.bigmodel.cn/api/paas/v4/embeddings "HTTP/1.1 200 OK"
2026-06-03 21:38:49,870 INFO PUT http://localhost:9200/_bulk?refresh=false [status:200 duration:0.031s]
2026-06-03 21:38:49,871 INFO Progress: 34680/51354 (66.1/s) — ETA 252s
2026-06-03 21:38:49,875 INFO POST http://localhost:9200/_search/scroll [status:200 duration:0.004s]
2026-06-03 21:38:50,061 INFO HTTP Request: POST https://open.bigmodel.cn/api/paas/v4/embeddings "HTTP/1.1 200 OK"
2026-06-03 21:38:50,141 INFO PUT http://localhost:9200/_bulk?refresh=false [status:200 duration:0.029s]
2026-06-03 21:38:50,141 INFO Progress: 34700/51354 (66.1/s) — ETA 252s
2026-06-03 21:38:50,144 INFO POST http://localhost:9200/_search/scroll [status:200 duration:0.003s]
2026-06-03 21:38:50,331 INFO HTTP Request: POST https://open.bigmodel.cn/api/paas/v4/embeddings "HTTP/1.1 200 OK"
2026-06-03 21:38:50,415 INFO PUT http://localhost:9200/_bulk?refresh=false [status:200 duration:0.027s]
2026-06-03 21:38:50,416 INFO Progress: 34720/51354 (66.1/s) — ETA 252s
2026-06-03 21:38:50,418 INFO POST http://localhost:9200/_search/scroll [status:200 duration:0.002s]
2026-06-03 21:38:50,641 INFO HTTP Request: POST https://open.bigmodel.cn/api/paas/v4/embeddings "HTTP/1.1 200 OK"
2026-06-03 21:38:50,733 INFO PUT http://localhost:9200/_bulk?refresh=false [status:200 duration:0.029s]
2026-06-03 21:38:50,734 INFO Progress: 34740/51354 (66.1/s) — ETA 251s
2026-06-03 21:38:50,736 INFO POST http://localhost:9200/_search/scroll [status:200 duration:0.002s]
2026-06-03 21:38:50,920 INFO HTTP Request: POST https://open.bigmodel.cn/api/paas/v4/embeddings "HTTP/1.1 200 OK"
2026-06-03 21:38:51,010 INFO PUT http://localhost:9200/_bulk?refresh=false [status:200 duration:0.028s]
2026-06-03 21:38:51,010 INFO Progress: 34760/51354 (66.1/s) — ETA 251s
2026-06-03 21:38:51,013 INFO POST http://localhost:9200/_search/scroll [status:200 duration:0.003s]
2026-06-03 21:38:51,211 INFO HTTP Request: POST https://open.bigmodel.cn/api/paas/v4/embeddings "HTTP/1.1 200 OK"
2026-06-03 21:38:51,295 INFO PUT http://localhost:9200/_bulk?refresh=false [status:200 duration:0.027s]
2026-06-03 21:38:51,296 INFO Progress: 34780/51354 (66.1/s) — ETA 251s
2026-06-03 21:38:51,298 INFO POST http://localhost:9200/_search/scroll [status:200 duration:0.002s]
2026-06-03 21:38:51,467 INFO HTTP Request: POST https://open.bigmodel.cn/api/paas/v4/embeddings "HTTP/1.1 200 OK"
2026-06-03 21:38:51,531 INFO PUT http://localhost:9200/_bulk?refresh=false [status:200 duration:0.027s]
2026-06-03 21:38:51,532 INFO Progress: 34800/51354 (66.1/s) — ETA 251s
2026-06-03 21:38:51,534 INFO POST http://localhost:9200/_search/scroll [status:200 duration:0.002s]
2026-06-03 21:38:51,753 INFO HTTP Request: POST https://open.bigmodel.cn/api/paas/v4/embeddings "HTTP/1.1 200 OK"
2026-06-03 21:38:51,831 INFO PUT http://localhost:9200/_bulk?refresh=false [status:200 duration:0.028s]
2026-06-03 21:38:51,831 INFO Progress: 34820/51354 (66.1/s) — ETA 250s
2026-06-03 21:38:51,833 INFO POST http://localhost:9200/_search/scroll [status:200 duration:0.002s]
2026-06-03 21:38:52,053 INFO HTTP Request: POST https://open.bigmodel.cn/api/paas/v4/embeddings "HTTP/1.1 200 OK"
2026-06-03 21:38:52,131 INFO PUT http://localhost:9200/_bulk?refresh=false [status:200 duration:0.029s]
2026-06-03 21:38:52,131 INFO Progress: 34840/51354 (66.1/s) — ETA 250s
2026-06-03 21:38:52,133 INFO POST http://localhost:9200/_search/scroll [status:200 duration:0.002s]
2026-06-03 21:38:52,345 INFO HTTP Request: POST https://open.bigmodel.cn/api/paas/v4/embeddings "HTTP/1.1 200 OK"
2026-06-03 21:38:52,420 INFO PUT http://localhost:9200/_bulk?refresh=false [status:200 duration:0.027s]
2026-06-03 21:38:52,420 INFO Progress: 34860/51354 (66.1/s) — ETA 250s
2026-06-03 21:38:52,422 INFO POST http://localhost:9200/_search/scroll [status:200 duration:0.002s]
2026-06-03 21:38:52,619 INFO HTTP Request: POST https://open.bigmodel.cn/api/paas/v4/embeddings "HTTP/1.1 200 OK"
2026-06-03 21:38:52,705 INFO PUT http://localhost:9200/_bulk?refresh=false [status:200 duration:0.029s]
2026-06-03 21:38:52,706 INFO Progress: 34880/51354 (66.1/s) — ETA 249s
2026-06-03 21:38:52,708 INFO POST http://localhost:9200/_search/scroll [status:200 duration:0.003s]
2026-06-03 21:38:52,942 INFO HTTP Request: POST https://open.bigmodel.cn/api/paas/v4/embeddings "HTTP/1.1 200 OK"
2026-06-03 21:38:53,022 INFO PUT http://localhost:9200/_bulk?refresh=false [status:200 duration:0.027s]
2026-06-03 21:38:53,022 INFO Progress: 34900/51354 (66.1/s) — ETA 249s
2026-06-03 21:38:53,024 INFO POST http://localhost:9200/_search/scroll [status:200 duration:0.002s]
2026-06-03 21:38:53,232 INFO HTTP Request: POST https://open.bigmodel.cn/api/paas/v4/embeddings "HTTP/1.1 200 OK"
2026-06-03 21:38:53,328 INFO PUT http://localhost:9200/_bulk?refresh=false [status:200 duration:0.032s]
2026-06-03 21:38:53,328 INFO Progress: 34920/51354 (66.1/s) — ETA 249s
2026-06-03 21:38:53,331 INFO POST http://localhost:9200/_search/scroll [status:200 duration:0.002s]
2026-06-03 21:38:53,540 INFO HTTP Request: POST https://open.bigmodel.cn/api/paas/v4/embeddings "HTTP/1.1 200 OK"
2026-06-03 21:38:53,616 INFO PUT http://localhost:9200/_bulk?refresh=false [status:200 duration:0.031s]
2026-06-03 21:38:53,616 INFO Progress: 34940/51354 (66.1/s) — ETA 248s
2026-06-03 21:38:53,619 INFO POST http://localhost:9200/_search/scroll [status:200 duration:0.002s]
2026-06-03 21:38:53,823 INFO HTTP Request: POST https://open.bigmodel.cn/api/paas/v4/embeddings "HTTP/1.1 200 OK"
2026-06-03 21:38:53,906 INFO PUT http://localhost:9200/_bulk?refresh=false [status:200 duration:0.027s]
2026-06-03 21:38:53,906 INFO Progress: 34960/51354 (66.1/s) — ETA 248s
2026-06-03 21:38:53,909 INFO POST http://localhost:9200/_search/scroll [status:200 duration:0.002s]
2026-06-03 21:38:54,116 INFO HTTP Request: POST https://open.bigmodel.cn/api/paas/v4/embeddings "HTTP/1.1 200 OK"
2026-06-03 21:38:54,213 INFO PUT http://localhost:9200/_bulk?refresh=false [status:200 duration:0.034s]
2026-06-03 21:38:54,214 INFO Progress: 34980/51354 (66.1/s) — ETA 248s
2026-06-03 21:38:54,216 INFO POST http://localhost:9200/_search/scroll [status:200 duration:0.002s]
2026-06-03 21:38:54,419 INFO HTTP Request: POST https://open.bigmodel.cn/api/paas/v4/embeddings "HTTP/1.1 200 OK"
2026-06-03 21:38:54,495 INFO PUT http://localhost:9200/_bulk?refresh=false [status:200 duration:0.028s]
2026-06-03 21:38:54,496 INFO Progress: 35000/51354 (66.1/s) — ETA 247s
2026-06-03 21:38:54,498 INFO POST http://localhost:9200/_search/scroll [status:200 duration:0.002s]
2026-06-03 21:38:54,720 INFO HTTP Request: POST https://open.bigmodel.cn/api/paas/v4/embeddings "HTTP/1.1 200 OK"
2026-06-03 21:38:54,813 INFO PUT http://localhost:9200/_bulk?refresh=false [status:200 duration:0.029s]
2026-06-03 21:38:54,813 INFO Progress: 35020/51354 (66.1/s) — ETA 247s
2026-06-03 21:38:54,815 INFO POST http://localhost:9200/_search/scroll [status:200 duration:0.002s]
2026-06-03 21:38:54,970 INFO HTTP Request: POST https://open.bigmodel.cn/api/paas/v4/embeddings "HTTP/1.1 200 OK"
2026-06-03 21:38:55,055 INFO PUT http://localhost:9200/_bulk?refresh=false [status:200 duration:0.029s]
2026-06-03 21:38:55,055 INFO Progress: 35040/51354 (66.1/s) — ETA 247s
2026-06-03 21:38:55,057 INFO POST http://localhost:9200/_search/scroll [status:200 duration:0.002s]
2026-06-03 21:38:55,218 INFO HTTP Request: POST https://open.bigmodel.cn/api/paas/v4/embeddings "HTTP/1.1 200 OK"
2026-06-03 21:38:55,307 INFO PUT http://localhost:9200/_bulk?refresh=false [status:200 duration:0.029s]
2026-06-03 21:38:55,307 INFO Progress: 35060/51354 (66.1/s) — ETA 247s
2026-06-03 21:38:55,310 INFO POST http://localhost:9200/_search/scroll [status:200 duration:0.002s]
2026-06-03 21:38:55,502 INFO HTTP Request: POST https://open.bigmodel.cn/api/paas/v4/embeddings "HTTP/1.1 200 OK"
2026-06-03 21:38:55,589 INFO PUT http://localhost:9200/_bulk?refresh=false [status:200 duration:0.028s]
2026-06-03 21:38:55,589 INFO Progress: 35080/51354 (66.1/s) — ETA 246s
2026-06-03 21:38:55,591 INFO POST http://localhost:9200/_search/scroll [status:200 duration:0.002s]
2026-06-03 21:38:55,812 INFO HTTP Request: POST https://open.bigmodel.cn/api/paas/v4/embeddings "HTTP/1.1 200 OK"
2026-06-03 21:38:55,883 INFO PUT http://localhost:9200/_bulk?refresh=false [status:200 duration:0.029s]
2026-06-03 21:38:55,884 INFO Progress: 35100/51354 (66.1/s) — ETA 246s
2026-06-03 21:38:55,887 INFO POST http://localhost:9200/_search/scroll [status:200 duration:0.003s]
2026-06-03 21:38:56,068 INFO HTTP Request: POST https://open.bigmodel.cn/api/paas/v4/embeddings "HTTP/1.1 200 OK"
2026-06-03 21:38:56,134 INFO PUT http://localhost:9200/_bulk?refresh=false [status:200 duration:0.033s]
2026-06-03 21:38:56,135 INFO Progress: 35120/51354 (66.1/s) — ETA 246s
2026-06-03 21:38:56,137 INFO POST http://localhost:9200/_search/scroll [status:200 duration:0.003s]
2026-06-03 21:38:56,341 INFO HTTP Request: POST https://open.bigmodel.cn/api/paas/v4/embeddings "HTTP/1.1 200 OK"
2026-06-03 21:38:56,417 INFO PUT http://localhost:9200/_bulk?refresh=false [status:200 duration:0.028s]
2026-06-03 21:38:56,417 INFO Progress: 35140/51354 (66.1/s) — ETA 245s
2026-06-03 21:38:56,420 INFO POST http://localhost:9200/_search/scroll [status:200 duration:0.002s]
2026-06-03 21:38:56,577 INFO HTTP Request: POST https://open.bigmodel.cn/api/paas/v4/embeddings "HTTP/1.1 200 OK"
2026-06-03 21:38:56,664 INFO PUT http://localhost:9200/_bulk?refresh=false [status:200 duration:0.027s]
2026-06-03 21:38:56,664 INFO Progress: 35160/51354 (66.1/s) — ETA 245s
2026-06-03 21:38:56,667 INFO POST http://localhost:9200/_search/scroll [status:200 duration:0.002s]
2026-06-03 21:38:56,829 INFO HTTP Request: POST https://open.bigmodel.cn/api/paas/v4/embeddings "HTTP/1.1 200 OK"
2026-06-03 21:38:56,918 INFO PUT http://localhost:9200/_bulk?refresh=false [status:200 duration:0.028s]
2026-06-03 21:38:56,918 INFO Progress: 35180/51354 (66.1/s) — ETA 245s
2026-06-03 21:38:56,921 INFO POST http://localhost:9200/_search/scroll [status:200 duration:0.002s]
2026-06-03 21:38:57,102 INFO HTTP Request: POST https://open.bigmodel.cn/api/paas/v4/embeddings "HTTP/1.1 200 OK"
2026-06-03 21:38:57,187 INFO PUT http://localhost:9200/_bulk?refresh=false [status:200 duration:0.028s]
2026-06-03 21:38:57,187 INFO Progress: 35200/51354 (66.1/s) — ETA 244s
2026-06-03 21:38:57,190 INFO POST http://localhost:9200/_search/scroll [status:200 duration:0.003s]
2026-06-03 21:38:57,402 INFO HTTP Request: POST https://open.bigmodel.cn/api/paas/v4/embeddings "HTTP/1.1 200 OK"
2026-06-03 21:38:57,478 INFO PUT http://localhost:9200/_bulk?refresh=false [status:200 duration:0.030s]
2026-06-03 21:38:57,479 INFO Progress: 35220/51354 (66.1/s) — ETA 244s
2026-06-03 21:38:57,481 INFO POST http://localhost:9200/_search/scroll [status:200 duration:0.002s]
2026-06-03 21:38:57,709 INFO HTTP Request: POST https://open.bigmodel.cn/api/paas/v4/embeddings "HTTP/1.1 200 OK"
2026-06-03 21:38:57,800 INFO PUT http://localhost:9200/_bulk?refresh=false [status:200 duration:0.030s]
2026-06-03 21:38:57,801 INFO Progress: 35240/51354 (66.1/s) — ETA 244s
2026-06-03 21:38:57,803 INFO POST http://localhost:9200/_search/scroll [status:200 duration:0.002s]
2026-06-03 21:38:57,990 INFO HTTP Request: POST https://open.bigmodel.cn/api/paas/v4/embeddings "HTTP/1.1 200 OK"
2026-06-03 21:38:58,074 INFO PUT http://localhost:9200/_bulk?refresh=false [status:200 duration:0.027s]
2026-06-03 21:38:58,074 INFO Progress: 35260/51354 (66.1/s) — ETA 243s
2026-06-03 21:38:58,077 INFO POST http://localhost:9200/_search/scroll [status:200 duration:0.002s]
2026-06-03 21:38:58,283 INFO HTTP Request: POST https://open.bigmodel.cn/api/paas/v4/embeddings "HTTP/1.1 200 OK"
2026-06-03 21:38:58,348 INFO PUT http://localhost:9200/_bulk?refresh=false [status:200 duration:0.027s]
2026-06-03 21:38:58,349 INFO Progress: 35280/51354 (66.1/s) — ETA 243s
2026-06-03 21:38:58,351 INFO POST http://localhost:9200/_search/scroll [status:200 duration:0.002s]
2026-06-03 21:38:58,563 INFO HTTP Request: POST https://open.bigmodel.cn/api/paas/v4/embeddings "HTTP/1.1 200 OK"
2026-06-03 21:38:58,650 INFO PUT http://localhost:9200/_bulk?refresh=false [status:200 duration:0.031s]
2026-06-03 21:38:58,650 INFO Progress: 35300/51354 (66.1/s) — ETA 243s
2026-06-03 21:38:58,652 INFO POST http://localhost:9200/_search/scroll [status:200 duration:0.002s]
2026-06-03 21:38:58,872 INFO HTTP Request: POST https://open.bigmodel.cn/api/paas/v4/embeddings "HTTP/1.1 200 OK"
2026-06-03 21:38:58,945 INFO PUT http://localhost:9200/_bulk?refresh=false [status:200 duration:0.034s]
2026-06-03 21:38:58,945 INFO Progress: 35320/51354 (66.1/s) — ETA 242s
2026-06-03 21:38:58,948 INFO POST http://localhost:9200/_search/scroll [status:200 duration:0.002s]
2026-06-03 21:38:59,145 INFO HTTP Request: POST https://open.bigmodel.cn/api/paas/v4/embeddings "HTTP/1.1 200 OK"
2026-06-03 21:38:59,211 INFO PUT http://localhost:9200/_bulk?refresh=false [status:200 duration:0.028s]
2026-06-03 21:38:59,211 INFO Progress: 35340/51354 (66.1/s) — ETA 242s
2026-06-03 21:38:59,214 INFO POST http://localhost:9200/_search/scroll [status:200 duration:0.003s]
2026-06-03 21:38:59,425 INFO HTTP Request: POST https://open.bigmodel.cn/api/paas/v4/embeddings "HTTP/1.1 200 OK"
2026-06-03 21:38:59,509 INFO PUT http://localhost:9200/_bulk?refresh=false [status:200 duration:0.029s]
2026-06-03 21:38:59,510 INFO Progress: 35360/51354 (66.1/s) — ETA 242s
2026-06-03 21:38:59,512 INFO POST http://localhost:9200/_search/scroll [status:200 duration:0.002s]
2026-06-03 21:38:59,700 INFO HTTP Request: POST https://open.bigmodel.cn/api/paas/v4/embeddings "HTTP/1.1 200 OK"
2026-06-03 21:38:59,787 INFO PUT http://localhost:9200/_bulk?refresh=false [status:200 duration:0.027s]
2026-06-03 21:38:59,788 INFO Progress: 35380/51354 (66.1/s) — ETA 242s
2026-06-03 21:38:59,790 INFO POST http://localhost:9200/_search/scroll [status:200 duration:0.002s]
2026-06-03 21:38:59,997 INFO HTTP Request: POST https://open.bigmodel.cn/api/paas/v4/embeddings "HTTP/1.1 200 OK"
2026-06-03 21:39:00,074 INFO PUT http://localhost:9200/_bulk?refresh=false [status:200 duration:0.027s]
2026-06-03 21:39:00,074 INFO Progress: 35400/51354 (66.1/s) — ETA 241s
2026-06-03 21:39:00,076 INFO POST http://localhost:9200/_search/scroll [status:200 duration:0.002s]
2026-06-03 21:39:00,229 INFO HTTP Request: POST https://open.bigmodel.cn/api/paas/v4/embeddings "HTTP/1.1 200 OK"
2026-06-03 21:39:00,314 INFO PUT http://localhost:9200/_bulk?refresh=false [status:200 duration:0.030s]
2026-06-03 21:39:00,315 INFO Progress: 35420/51354 (66.1/s) — ETA 241s
2026-06-03 21:39:00,317 INFO POST http://localhost:9200/_search/scroll [status:200 duration:0.003s]
2026-06-03 21:39:00,504 INFO HTTP Request: POST https://open.bigmodel.cn/api/paas/v4/embeddings "HTTP/1.1 200 OK"
2026-06-03 21:39:00,570 INFO PUT http://localhost:9200/_bulk?refresh=false [status:200 duration:0.028s]
2026-06-03 21:39:00,570 INFO Progress: 35440/51354 (66.2/s) — ETA 241s
2026-06-03 21:39:00,573 INFO POST http://localhost:9200/_search/scroll [status:200 duration:0.003s]
2026-06-03 21:39:00,761 INFO HTTP Request: POST https://open.bigmodel.cn/api/paas/v4/embeddings "HTTP/1.1 200 OK"
2026-06-03 21:39:00,844 INFO PUT http://localhost:9200/_bulk?refresh=false [status:200 duration:0.029s]
2026-06-03 21:39:00,844 INFO Progress: 35460/51354 (66.2/s) — ETA 240s
2026-06-03 21:39:00,846 INFO POST http://localhost:9200/_search/scroll [status:200 duration:0.002s]
2026-06-03 21:39:01,022 INFO HTTP Request: POST https://open.bigmodel.cn/api/paas/v4/embeddings "HTTP/1.1 200 OK"
2026-06-03 21:39:01,097 INFO PUT http://localhost:9200/_bulk?refresh=false [status:200 duration:0.028s]
2026-06-03 21:39:01,098 INFO Progress: 35480/51354 (66.2/s) — ETA 240s
2026-06-03 21:39:01,100 INFO POST http://localhost:9200/_search/scroll [status:200 duration:0.002s]
2026-06-03 21:39:01,261 INFO HTTP Request: POST https://open.bigmodel.cn/api/paas/v4/embeddings "HTTP/1.1 200 OK"
2026-06-03 21:39:01,341 INFO PUT http://localhost:9200/_bulk?refresh=false [status:200 duration:0.028s]
2026-06-03 21:39:01,342 INFO Progress: 35500/51354 (66.2/s) — ETA 240s
2026-06-03 21:39:01,344 INFO POST http://localhost:9200/_search/scroll [status:200 duration:0.003s]
2026-06-03 21:39:01,516 INFO HTTP Request: POST https://open.bigmodel.cn/api/paas/v4/embeddings "HTTP/1.1 200 OK"
2026-06-03 21:39:01,609 INFO PUT http://localhost:9200/_bulk?refresh=false [status:200 duration:0.030s]
2026-06-03 21:39:01,609 INFO Progress: 35520/51354 (66.2/s) — ETA 239s
2026-06-03 21:39:01,612 INFO POST http://localhost:9200/_search/scroll [status:200 duration:0.002s]
2026-06-03 21:39:01,822 INFO HTTP Request: POST https://open.bigmodel.cn/api/paas/v4/embeddings "HTTP/1.1 200 OK"
2026-06-03 21:39:01,908 INFO PUT http://localhost:9200/_bulk?refresh=false [status:200 duration:0.030s]
2026-06-03 21:39:01,908 INFO Progress: 35540/51354 (66.2/s) — ETA 239s
2026-06-03 21:39:01,911 INFO POST http://localhost:9200/_search/scroll [status:200 duration:0.002s]
2026-06-03 21:39:02,078 INFO HTTP Request: POST https://open.bigmodel.cn/api/paas/v4/embeddings "HTTP/1.1 200 OK"
2026-06-03 21:39:02,164 INFO PUT http://localhost:9200/_bulk?refresh=false [status:200 duration:0.029s]
2026-06-03 21:39:02,164 INFO Progress: 35560/51354 (66.2/s) — ETA 239s
2026-06-03 21:39:02,166 INFO POST http://localhost:9200/_search/scroll [status:200 duration:0.002s]
2026-06-03 21:39:02,340 INFO HTTP Request: POST https://open.bigmodel.cn/api/paas/v4/embeddings "HTTP/1.1 200 OK"
2026-06-03 21:39:02,414 INFO PUT http://localhost:9200/_bulk?refresh=false [status:200 duration:0.029s]
2026-06-03 21:39:02,414 INFO Progress: 35580/51354 (66.2/s) — ETA 238s
2026-06-03 21:39:02,417 INFO POST http://localhost:9200/_search/scroll [status:200 duration:0.003s]
2026-06-03 21:39:02,586 INFO HTTP Request: POST https://open.bigmodel.cn/api/paas/v4/embeddings "HTTP/1.1 200 OK"
2026-06-03 21:39:02,670 INFO PUT http://localhost:9200/_bulk?refresh=false [status:200 duration:0.028s]
2026-06-03 21:39:02,670 INFO Progress: 35600/51354 (66.2/s) — ETA 238s
2026-06-03 21:39:02,672 INFO POST http://localhost:9200/_search/scroll [status:200 duration:0.002s]
2026-06-03 21:39:02,912 INFO HTTP Request: POST https://open.bigmodel.cn/api/paas/v4/embeddings "HTTP/1.1 200 OK"
2026-06-03 21:39:02,997 INFO PUT http://localhost:9200/_bulk?refresh=false [status:200 duration:0.031s]
2026-06-03 21:39:02,997 INFO Progress: 35620/51354 (66.2/s) — ETA 238s
2026-06-03 21:39:03,000 INFO POST http://localhost:9200/_search/scroll [status:200 duration:0.002s]
2026-06-03 21:39:03,178 INFO HTTP Request: POST https://open.bigmodel.cn/api/paas/v4/embeddings "HTTP/1.1 200 OK"
2026-06-03 21:39:03,265 INFO PUT http://localhost:9200/_bulk?refresh=false [status:200 duration:0.028s]
2026-06-03 21:39:03,265 INFO Progress: 35640/51354 (66.2/s) — ETA 237s
2026-06-03 21:39:03,268 INFO POST http://localhost:9200/_search/scroll [status:200 duration:0.002s]
2026-06-03 21:39:03,444 INFO HTTP Request: POST https://open.bigmodel.cn/api/paas/v4/embeddings "HTTP/1.1 200 OK"
2026-06-03 21:39:03,525 INFO PUT http://localhost:9200/_bulk?refresh=false [status:200 duration:0.040s]
2026-06-03 21:39:03,525 INFO Progress: 35660/51354 (66.2/s) — ETA 237s
2026-06-03 21:39:03,530 INFO POST http://localhost:9200/_search/scroll [status:200 duration:0.005s]
2026-06-03 21:39:03,743 INFO HTTP Request: POST https://open.bigmodel.cn/api/paas/v4/embeddings "HTTP/1.1 200 OK"
2026-06-03 21:39:03,835 INFO PUT http://localhost:9200/_bulk?refresh=false [status:200 duration:0.033s]
2026-06-03 21:39:03,836 INFO Progress: 35680/51354 (66.2/s) — ETA 237s
2026-06-03 21:39:03,840 INFO POST http://localhost:9200/_search/scroll [status:200 duration:0.004s]
2026-06-03 21:39:04,037 INFO HTTP Request: POST https://open.bigmodel.cn/api/paas/v4/embeddings "HTTP/1.1 200 OK"
2026-06-03 21:39:04,121 INFO PUT http://localhost:9200/_bulk?refresh=false [status:200 duration:0.030s]
2026-06-03 21:39:04,121 INFO Progress: 35700/51354 (66.2/s) — ETA 236s
2026-06-03 21:39:04,125 INFO POST http://localhost:9200/_search/scroll [status:200 duration:0.003s]
2026-06-03 21:39:04,308 INFO HTTP Request: POST https://open.bigmodel.cn/api/paas/v4/embeddings "HTTP/1.1 200 OK"
2026-06-03 21:39:04,387 INFO PUT http://localhost:9200/_bulk?refresh=false [status:200 duration:0.029s]
2026-06-03 21:39:04,387 INFO Progress: 35720/51354 (66.2/s) — ETA 236s
2026-06-03 21:39:04,390 INFO POST http://localhost:9200/_search/scroll [status:200 duration:0.002s]
2026-06-03 21:39:04,600 INFO HTTP Request: POST https://open.bigmodel.cn/api/paas/v4/embeddings "HTTP/1.1 200 OK"
2026-06-03 21:39:04,687 INFO PUT http://localhost:9200/_bulk?refresh=false [status:200 duration:0.030s]
2026-06-03 21:39:04,688 INFO Progress: 35740/51354 (66.2/s) — ETA 236s
2026-06-03 21:39:04,690 INFO POST http://localhost:9200/_search/scroll [status:200 duration:0.002s]
2026-06-03 21:39:04,869 INFO HTTP Request: POST https://open.bigmodel.cn/api/paas/v4/embeddings "HTTP/1.1 200 OK"
2026-06-03 21:39:04,957 INFO PUT http://localhost:9200/_bulk?refresh=false [status:200 duration:0.030s]
2026-06-03 21:39:04,957 INFO Progress: 35760/51354 (66.2/s) — ETA 236s
2026-06-03 21:39:04,960 INFO POST http://localhost:9200/_search/scroll [status:200 duration:0.002s]
2026-06-03 21:39:05,133 INFO HTTP Request: POST https://open.bigmodel.cn/api/paas/v4/embeddings "HTTP/1.1 200 OK"
2026-06-03 21:39:05,222 INFO PUT http://localhost:9200/_bulk?refresh=false [status:200 duration:0.030s]
2026-06-03 21:39:05,222 INFO Progress: 35780/51354 (66.2/s) — ETA 235s
2026-06-03 21:39:05,225 INFO POST http://localhost:9200/_search/scroll [status:200 duration:0.003s]
2026-06-03 21:39:05,398 INFO HTTP Request: POST https://open.bigmodel.cn/api/paas/v4/embeddings "HTTP/1.1 200 OK"
2026-06-03 21:39:05,487 INFO PUT http://localhost:9200/_bulk?refresh=false [status:200 duration:0.031s]
2026-06-03 21:39:05,488 INFO Progress: 35800/51354 (66.2/s) — ETA 235s
2026-06-03 21:39:05,490 INFO POST http://localhost:9200/_search/scroll [status:200 duration:0.003s]
2026-06-03 21:39:05,661 INFO HTTP Request: POST https://open.bigmodel.cn/api/paas/v4/embeddings "HTTP/1.1 200 OK"
2026-06-03 21:39:05,726 INFO PUT http://localhost:9200/_bulk?refresh=false [status:200 duration:0.030s]
2026-06-03 21:39:05,726 INFO Progress: 35820/51354 (66.2/s) — ETA 235s
2026-06-03 21:39:05,729 INFO POST http://localhost:9200/_search/scroll [status:200 duration:0.002s]
2026-06-03 21:39:05,915 INFO HTTP Request: POST https://open.bigmodel.cn/api/paas/v4/embeddings "HTTP/1.1 200 OK"
2026-06-03 21:39:06,006 INFO PUT http://localhost:9200/_bulk?refresh=false [status:200 duration:0.033s]
2026-06-03 21:39:06,006 INFO Progress: 35840/51354 (66.2/s) — ETA 234s
2026-06-03 21:39:06,009 INFO POST http://localhost:9200/_search/scroll [status:200 duration:0.002s]
2026-06-03 21:39:06,229 INFO HTTP Request: POST https://open.bigmodel.cn/api/paas/v4/embeddings "HTTP/1.1 200 OK"
2026-06-03 21:39:06,317 INFO PUT http://localhost:9200/_bulk?refresh=false [status:200 duration:0.028s]
2026-06-03 21:39:06,317 INFO Progress: 35860/51354 (66.2/s) — ETA 234s
2026-06-03 21:39:06,320 INFO POST http://localhost:9200/_search/scroll [status:200 duration:0.002s]
2026-06-03 21:39:06,514 INFO HTTP Request: POST https://open.bigmodel.cn/api/paas/v4/embeddings "HTTP/1.1 200 OK"
2026-06-03 21:39:06,590 INFO PUT http://localhost:9200/_bulk?refresh=false [status:200 duration:0.029s]
2026-06-03 21:39:06,591 INFO Progress: 35880/51354 (66.2/s) — ETA 234s
2026-06-03 21:39:06,593 INFO POST http://localhost:9200/_search/scroll [status:200 duration:0.003s]
2026-06-03 21:39:06,814 INFO HTTP Request: POST https://open.bigmodel.cn/api/paas/v4/embeddings "HTTP/1.1 200 OK"
2026-06-03 21:39:06,893 INFO PUT http://localhost:9200/_bulk?refresh=false [status:200 duration:0.029s]
2026-06-03 21:39:06,893 INFO Progress: 35900/51354 (66.2/s) — ETA 233s
2026-06-03 21:39:06,896 INFO POST http://localhost:9200/_search/scroll [status:200 duration:0.002s]
2026-06-03 21:39:07,075 INFO HTTP Request: POST https://open.bigmodel.cn/api/paas/v4/embeddings "HTTP/1.1 200 OK"
2026-06-03 21:39:07,163 INFO PUT http://localhost:9200/_bulk?refresh=false [status:200 duration:0.031s]
2026-06-03 21:39:07,163 INFO Progress: 35920/51354 (66.2/s) — ETA 233s
2026-06-03 21:39:07,166 INFO POST http://localhost:9200/_search/scroll [status:200 duration:0.002s]
2026-06-03 21:39:07,387 INFO HTTP Request: POST https://open.bigmodel.cn/api/paas/v4/embeddings "HTTP/1.1 200 OK"
2026-06-03 21:39:07,485 INFO PUT http://localhost:9200/_bulk?refresh=false [status:200 duration:0.036s]
2026-06-03 21:39:07,485 INFO Progress: 35940/51354 (66.2/s) — ETA 233s
2026-06-03 21:39:07,488 INFO POST http://localhost:9200/_search/scroll [status:200 duration:0.002s]
2026-06-03 21:39:07,693 INFO HTTP Request: POST https://open.bigmodel.cn/api/paas/v4/embeddings "HTTP/1.1 200 OK"
2026-06-03 21:39:07,923 INFO PUT http://localhost:9200/_bulk?refresh=false [status:200 duration:0.178s]
2026-06-03 21:39:07,923 INFO Progress: 35960/51354 (66.2/s) — ETA 232s
2026-06-03 21:39:07,926 INFO POST http://localhost:9200/_search/scroll [status:200 duration:0.003s]
2026-06-03 21:39:08,147 INFO HTTP Request: POST https://open.bigmodel.cn/api/paas/v4/embeddings "HTTP/1.1 200 OK"
2026-06-03 21:39:08,230 INFO PUT http://localhost:9200/_bulk?refresh=false [status:200 duration:0.025s]
2026-06-03 21:39:08,230 INFO Progress: 35980/51354 (66.2/s) — ETA 232s
2026-06-03 21:39:08,233 INFO POST http://localhost:9200/_search/scroll [status:200 duration:0.003s]
2026-06-03 21:39:08,418 INFO HTTP Request: POST https://open.bigmodel.cn/api/paas/v4/embeddings "HTTP/1.1 200 OK"
2026-06-03 21:39:08,498 INFO PUT http://localhost:9200/_bulk?refresh=false [status:200 duration:0.023s]
2026-06-03 21:39:08,499 INFO Progress: 36000/51354 (66.2/s) — ETA 232s
2026-06-03 21:39:08,501 INFO POST http://localhost:9200/_search/scroll [status:200 duration:0.002s]
2026-06-03 21:39:08,688 INFO HTTP Request: POST https://open.bigmodel.cn/api/paas/v4/embeddings "HTTP/1.1 200 OK"
2026-06-03 21:39:08,772 INFO PUT http://localhost:9200/_bulk?refresh=false [status:200 duration:0.025s]
2026-06-03 21:39:08,772 INFO Progress: 36020/51354 (66.2/s) — ETA 232s
2026-06-03 21:39:08,775 INFO POST http://localhost:9200/_search/scroll [status:200 duration:0.003s]
2026-06-03 21:39:08,943 INFO HTTP Request: POST https://open.bigmodel.cn/api/paas/v4/embeddings "HTTP/1.1 200 OK"
2026-06-03 21:39:09,028 INFO PUT http://localhost:9200/_bulk?refresh=false [status:200 duration:0.024s]
2026-06-03 21:39:09,029 INFO Progress: 36040/51354 (66.2/s) — ETA 231s
2026-06-03 21:39:09,031 INFO POST http://localhost:9200/_search/scroll [status:200 duration:0.002s]
2026-06-03 21:39:09,223 INFO HTTP Request: POST https://open.bigmodel.cn/api/paas/v4/embeddings "HTTP/1.1 200 OK"
2026-06-03 21:39:09,301 INFO PUT http://localhost:9200/_bulk?refresh=false [status:200 duration:0.026s]
2026-06-03 21:39:09,301 INFO Progress: 36060/51354 (66.2/s) — ETA 231s
2026-06-03 21:39:09,304 INFO POST http://localhost:9200/_search/scroll [status:200 duration:0.002s]
2026-06-03 21:39:09,481 INFO HTTP Request: POST https://open.bigmodel.cn/api/paas/v4/embeddings "HTTP/1.1 200 OK"
2026-06-03 21:39:09,559 INFO PUT http://localhost:9200/_bulk?refresh=false [status:200 duration:0.025s]
2026-06-03 21:39:09,559 INFO Progress: 36080/51354 (66.2/s) — ETA 231s
2026-06-03 21:39:09,562 INFO POST http://localhost:9200/_search/scroll [status:200 duration:0.002s]
2026-06-03 21:39:09,754 INFO HTTP Request: POST https://open.bigmodel.cn/api/paas/v4/embeddings "HTTP/1.1 200 OK"
2026-06-03 21:39:09,815 INFO PUT http://localhost:9200/_bulk?refresh=false [status:200 duration:0.025s]
2026-06-03 21:39:09,815 INFO Progress: 36100/51354 (66.2/s) — ETA 230s
2026-06-03 21:39:09,817 INFO POST http://localhost:9200/_search/scroll [status:200 duration:0.002s]
2026-06-03 21:39:10,014 INFO HTTP Request: POST https://open.bigmodel.cn/api/paas/v4/embeddings "HTTP/1.1 200 OK"
2026-06-03 21:39:10,084 INFO PUT http://localhost:9200/_bulk?refresh=false [status:200 duration:0.024s]
2026-06-03 21:39:10,084 INFO Progress: 36120/51354 (66.2/s) — ETA 230s
2026-06-03 21:39:10,087 INFO POST http://localhost:9200/_search/scroll [status:200 duration:0.002s]
2026-06-03 21:39:10,291 INFO HTTP Request: POST https://open.bigmodel.cn/api/paas/v4/embeddings "HTTP/1.1 200 OK"
2026-06-03 21:39:10,367 INFO PUT http://localhost:9200/_bulk?refresh=false [status:200 duration:0.024s]
2026-06-03 21:39:10,367 INFO Progress: 36140/51354 (66.3/s) — ETA 230s
2026-06-03 21:39:10,370 INFO POST http://localhost:9200/_search/scroll [status:200 duration:0.002s]
2026-06-03 21:39:10,557 INFO HTTP Request: POST https://open.bigmodel.cn/api/paas/v4/embeddings "HTTP/1.1 200 OK"
2026-06-03 21:39:10,643 INFO PUT http://localhost:9200/_bulk?refresh=false [status:200 duration:0.027s]
2026-06-03 21:39:10,643 INFO Progress: 36160/51354 (66.3/s) — ETA 229s
2026-06-03 21:39:10,646 INFO POST http://localhost:9200/_search/scroll [status:200 duration:0.003s]
2026-06-03 21:39:10,903 INFO HTTP Request: POST https://open.bigmodel.cn/api/paas/v4/embeddings "HTTP/1.1 200 OK"
2026-06-03 21:39:10,982 INFO PUT http://localhost:9200/_bulk?refresh=false [status:200 duration:0.026s]
2026-06-03 21:39:10,983 INFO Progress: 36180/51354 (66.2/s) — ETA 229s
2026-06-03 21:39:10,985 INFO POST http://localhost:9200/_search/scroll [status:200 duration:0.002s]
2026-06-03 21:39:11,165 INFO HTTP Request: POST https://open.bigmodel.cn/api/paas/v4/embeddings "HTTP/1.1 200 OK"
2026-06-03 21:39:11,230 INFO PUT http://localhost:9200/_bulk?refresh=false [status:200 duration:0.029s]
2026-06-03 21:39:11,231 INFO Progress: 36200/51354 (66.3/s) — ETA 229s
2026-06-03 21:39:11,234 INFO POST http://localhost:9200/_search/scroll [status:200 duration:0.003s]
2026-06-03 21:39:11,424 INFO HTTP Request: POST https://open.bigmodel.cn/api/paas/v4/embeddings "HTTP/1.1 200 OK"
2026-06-03 21:39:11,509 INFO PUT http://localhost:9200/_bulk?refresh=false [status:200 duration:0.024s]
2026-06-03 21:39:11,510 INFO Progress: 36220/51354 (66.3/s) — ETA 228s
2026-06-03 21:39:11,512 INFO POST http://localhost:9200/_search/scroll [status:200 duration:0.003s]
2026-06-03 21:39:11,731 INFO HTTP Request: POST https://open.bigmodel.cn/api/paas/v4/embeddings "HTTP/1.1 200 OK"
2026-06-03 21:39:11,815 INFO PUT http://localhost:9200/_bulk?refresh=false [status:200 duration:0.024s]
2026-06-03 21:39:11,815 INFO Progress: 36240/51354 (66.3/s) — ETA 228s
2026-06-03 21:39:11,818 INFO POST http://localhost:9200/_search/scroll [status:200 duration:0.002s]
2026-06-03 21:39:12,006 INFO HTTP Request: POST https://open.bigmodel.cn/api/paas/v4/embeddings "HTTP/1.1 200 OK"
2026-06-03 21:39:12,083 INFO PUT http://localhost:9200/_bulk?refresh=false [status:200 duration:0.023s]
2026-06-03 21:39:12,084 INFO Progress: 36260/51354 (66.3/s) — ETA 228s
2026-06-03 21:39:12,086 INFO POST http://localhost:9200/_search/scroll [status:200 duration:0.002s]
2026-06-03 21:39:12,290 INFO HTTP Request: POST https://open.bigmodel.cn/api/paas/v4/embeddings "HTTP/1.1 200 OK"
2026-06-03 21:39:12,349 INFO PUT http://localhost:9200/_bulk?refresh=false [status:200 duration:0.024s]
2026-06-03 21:39:12,349 INFO Progress: 36280/51354 (66.3/s) — ETA 227s
2026-06-03 21:39:12,352 INFO POST http://localhost:9200/_search/scroll [status:200 duration:0.003s]
2026-06-03 21:39:12,535 INFO HTTP Request: POST https://open.bigmodel.cn/api/paas/v4/embeddings "HTTP/1.1 200 OK"
2026-06-03 21:39:12,597 INFO PUT http://localhost:9200/_bulk?refresh=false [status:200 duration:0.025s]
2026-06-03 21:39:12,598 INFO Progress: 36300/51354 (66.3/s) — ETA 227s
2026-06-03 21:39:12,600 INFO POST http://localhost:9200/_search/scroll [status:200 duration:0.002s]
2026-06-03 21:39:12,775 INFO HTTP Request: POST https://open.bigmodel.cn/api/paas/v4/embeddings "HTTP/1.1 200 OK"
2026-06-03 21:39:12,854 INFO PUT http://localhost:9200/_bulk?refresh=false [status:200 duration:0.026s]
2026-06-03 21:39:12,854 INFO Progress: 36320/51354 (66.3/s) — ETA 227s
2026-06-03 21:39:12,857 INFO POST http://localhost:9200/_search/scroll [status:200 duration:0.003s]
2026-06-03 21:39:13,050 INFO HTTP Request: POST https://open.bigmodel.cn/api/paas/v4/embeddings "HTTP/1.1 200 OK"
2026-06-03 21:39:13,115 INFO PUT http://localhost:9200/_bulk?refresh=false [status:200 duration:0.024s]
2026-06-03 21:39:13,115 INFO Progress: 36340/51354 (66.3/s) — ETA 227s
2026-06-03 21:39:13,118 INFO POST http://localhost:9200/_search/scroll [status:200 duration:0.003s]
2026-06-03 21:39:13,318 INFO HTTP Request: POST https://open.bigmodel.cn/api/paas/v4/embeddings "HTTP/1.1 200 OK"
2026-06-03 21:39:13,406 INFO PUT http://localhost:9200/_bulk?refresh=false [status:200 duration:0.027s]
2026-06-03 21:39:13,406 INFO Progress: 36360/51354 (66.3/s) — ETA 226s
2026-06-03 21:39:13,409 INFO POST http://localhost:9200/_search/scroll [status:200 duration:0.003s]
2026-06-03 21:39:13,600 INFO HTTP Request: POST https://open.bigmodel.cn/api/paas/v4/embeddings "HTTP/1.1 200 OK"
2026-06-03 21:39:13,687 INFO PUT http://localhost:9200/_bulk?refresh=false [status:200 duration:0.025s]
2026-06-03 21:39:13,687 INFO Progress: 36380/51354 (66.3/s) — ETA 226s
2026-06-03 21:39:13,690 INFO POST http://localhost:9200/_search/scroll [status:200 duration:0.003s]
2026-06-03 21:39:13,865 INFO HTTP Request: POST https://open.bigmodel.cn/api/paas/v4/embeddings "HTTP/1.1 200 OK"
2026-06-03 21:39:13,958 INFO PUT http://localhost:9200/_bulk?refresh=false [status:200 duration:0.026s]
2026-06-03 21:39:13,958 INFO Progress: 36400/51354 (66.3/s) — ETA 226s
2026-06-03 21:39:13,961 INFO POST http://localhost:9200/_search/scroll [status:200 duration:0.003s]
2026-06-03 21:39:14,191 INFO HTTP Request: POST https://open.bigmodel.cn/api/paas/v4/embeddings "HTTP/1.1 200 OK"
2026-06-03 21:39:14,277 INFO PUT http://localhost:9200/_bulk?refresh=false [status:200 duration:0.025s]
2026-06-03 21:39:14,277 INFO Progress: 36420/51354 (66.3/s) — ETA 225s
2026-06-03 21:39:14,280 INFO POST http://localhost:9200/_search/scroll [status:200 duration:0.002s]
2026-06-03 21:39:14,496 INFO HTTP Request: POST https://open.bigmodel.cn/api/paas/v4/embeddings "HTTP/1.1 200 OK"
2026-06-03 21:39:14,561 INFO PUT http://localhost:9200/_bulk?refresh=false [status:200 duration:0.025s]
2026-06-03 21:39:14,561 INFO Progress: 36440/51354 (66.3/s) — ETA 225s
2026-06-03 21:39:14,564 INFO POST http://localhost:9200/_search/scroll [status:200 duration:0.002s]
2026-06-03 21:39:14,720 INFO HTTP Request: POST https://open.bigmodel.cn/api/paas/v4/embeddings "HTTP/1.1 200 OK"
2026-06-03 21:39:14,783 INFO PUT http://localhost:9200/_bulk?refresh=false [status:200 duration:0.029s]
2026-06-03 21:39:14,784 INFO Progress: 36460/51354 (66.3/s) — ETA 225s
2026-06-03 21:39:14,786 INFO POST http://localhost:9200/_search/scroll [status:200 duration:0.003s]
2026-06-03 21:39:14,963 INFO HTTP Request: POST https://open.bigmodel.cn/api/paas/v4/embeddings "HTTP/1.1 200 OK"
2026-06-03 21:39:15,045 INFO PUT http://localhost:9200/_bulk?refresh=false [status:200 duration:0.024s]
2026-06-03 21:39:15,045 INFO Progress: 36480/51354 (66.3/s) — ETA 224s
2026-06-03 21:39:15,048 INFO POST http://localhost:9200/_search/scroll [status:200 duration:0.002s]
2026-06-03 21:39:15,227 INFO HTTP Request: POST https://open.bigmodel.cn/api/paas/v4/embeddings "HTTP/1.1 200 OK"
2026-06-03 21:39:15,309 INFO PUT http://localhost:9200/_bulk?refresh=false [status:200 duration:0.024s]
2026-06-03 21:39:15,310 INFO Progress: 36500/51354 (66.3/s) — ETA 224s
2026-06-03 21:39:15,317 INFO POST http://localhost:9200/_search/scroll [status:200 duration:0.008s]
2026-06-03 21:39:15,508 INFO HTTP Request: POST https://open.bigmodel.cn/api/paas/v4/embeddings "HTTP/1.1 200 OK"
2026-06-03 21:39:15,581 INFO PUT http://localhost:9200/_bulk?refresh=false [status:200 duration:0.028s]
2026-06-03 21:39:15,581 INFO Progress: 36520/51354 (66.3/s) — ETA 224s
2026-06-03 21:39:15,585 INFO POST http://localhost:9200/_search/scroll [status:200 duration:0.004s]
2026-06-03 21:39:15,748 INFO HTTP Request: POST https://open.bigmodel.cn/api/paas/v4/embeddings "HTTP/1.1 200 OK"
2026-06-03 21:39:15,813 INFO PUT http://localhost:9200/_bulk?refresh=false [status:200 duration:0.026s]
2026-06-03 21:39:15,813 INFO Progress: 36540/51354 (66.3/s) — ETA 223s
2026-06-03 21:39:15,815 INFO POST http://localhost:9200/_search/scroll [status:200 duration:0.002s]
2026-06-03 21:39:15,998 INFO HTTP Request: POST https://open.bigmodel.cn/api/paas/v4/embeddings "HTTP/1.1 200 OK"
2026-06-03 21:39:16,080 INFO PUT http://localhost:9200/_bulk?refresh=false [status:200 duration:0.026s]
2026-06-03 21:39:16,080 INFO Progress: 36560/51354 (66.3/s) — ETA 223s
2026-06-03 21:39:16,083 INFO POST http://localhost:9200/_search/scroll [status:200 duration:0.003s]
2026-06-03 21:39:16,274 INFO HTTP Request: POST https://open.bigmodel.cn/api/paas/v4/embeddings "HTTP/1.1 200 OK"
2026-06-03 21:39:16,352 INFO PUT http://localhost:9200/_bulk?refresh=false [status:200 duration:0.025s]
2026-06-03 21:39:16,353 INFO Progress: 36580/51354 (66.3/s) — ETA 223s
2026-06-03 21:39:16,355 INFO POST http://localhost:9200/_search/scroll [status:200 duration:0.002s]
2026-06-03 21:39:16,554 INFO HTTP Request: POST https://open.bigmodel.cn/api/paas/v4/embeddings "HTTP/1.1 200 OK"
2026-06-03 21:39:16,641 INFO PUT http://localhost:9200/_bulk?refresh=false [status:200 duration:0.026s]
2026-06-03 21:39:16,641 INFO Progress: 36600/51354 (66.3/s) — ETA 222s
2026-06-03 21:39:16,643 INFO POST http://localhost:9200/_search/scroll [status:200 duration:0.002s]
2026-06-03 21:39:16,814 INFO HTTP Request: POST https://open.bigmodel.cn/api/paas/v4/embeddings "HTTP/1.1 200 OK"
2026-06-03 21:39:16,899 INFO PUT http://localhost:9200/_bulk?refresh=false [status:200 duration:0.029s]
2026-06-03 21:39:16,899 INFO Progress: 36620/51354 (66.3/s) — ETA 222s
2026-06-03 21:39:16,902 INFO POST http://localhost:9200/_search/scroll [status:200 duration:0.003s]
2026-06-03 21:39:17,079 INFO HTTP Request: POST https://open.bigmodel.cn/api/paas/v4/embeddings "HTTP/1.1 200 OK"
2026-06-03 21:39:17,159 INFO PUT http://localhost:9200/_bulk?refresh=false [status:200 duration:0.025s]
2026-06-03 21:39:17,160 INFO Progress: 36640/51354 (66.3/s) — ETA 222s
2026-06-03 21:39:17,162 INFO POST http://localhost:9200/_search/scroll [status:200 duration:0.002s]
2026-06-03 21:39:17,327 INFO HTTP Request: POST https://open.bigmodel.cn/api/paas/v4/embeddings "HTTP/1.1 200 OK"
2026-06-03 21:39:17,389 INFO PUT http://localhost:9200/_bulk?refresh=false [status:200 duration:0.027s]
2026-06-03 21:39:17,389 INFO Progress: 36660/51354 (66.3/s) — ETA 221s
2026-06-03 21:39:17,392 INFO POST http://localhost:9200/_search/scroll [status:200 duration:0.002s]
2026-06-03 21:39:17,595 INFO HTTP Request: POST https://open.bigmodel.cn/api/paas/v4/embeddings "HTTP/1.1 200 OK"
2026-06-03 21:39:17,681 INFO PUT http://localhost:9200/_bulk?refresh=false [status:200 duration:0.025s]
2026-06-03 21:39:17,681 INFO Progress: 36680/51354 (66.4/s) — ETA 221s
2026-06-03 21:39:17,684 INFO POST http://localhost:9200/_search/scroll [status:200 duration:0.002s]
2026-06-03 21:39:17,855 INFO HTTP Request: POST https://open.bigmodel.cn/api/paas/v4/embeddings "HTTP/1.1 200 OK"
2026-06-03 21:39:17,937 INFO PUT http://localhost:9200/_bulk?refresh=false [status:200 duration:0.025s]
2026-06-03 21:39:17,937 INFO Progress: 36700/51354 (66.4/s) — ETA 221s
2026-06-03 21:39:17,940 INFO POST http://localhost:9200/_search/scroll [status:200 duration:0.003s]
2026-06-03 21:39:18,141 INFO HTTP Request: POST https://open.bigmodel.cn/api/paas/v4/embeddings "HTTP/1.1 200 OK"
2026-06-03 21:39:18,225 INFO PUT http://localhost:9200/_bulk?refresh=false [status:200 duration:0.028s]
2026-06-03 21:39:18,225 INFO Progress: 36720/51354 (66.4/s) — ETA 221s
2026-06-03 21:39:18,229 INFO POST http://localhost:9200/_search/scroll [status:200 duration:0.003s]
2026-06-03 21:39:18,407 INFO HTTP Request: POST https://open.bigmodel.cn/api/paas/v4/embeddings "HTTP/1.1 200 OK"
2026-06-03 21:39:18,494 INFO PUT http://localhost:9200/_bulk?refresh=false [status:200 duration:0.028s]
2026-06-03 21:39:18,494 INFO Progress: 36740/51354 (66.4/s) — ETA 220s
2026-06-03 21:39:18,497 INFO POST http://localhost:9200/_search/scroll [status:200 duration:0.002s]
2026-06-03 21:39:18,723 INFO HTTP Request: POST https://open.bigmodel.cn/api/paas/v4/embeddings "HTTP/1.1 200 OK"
2026-06-03 21:39:18,798 INFO PUT http://localhost:9200/_bulk?refresh=false [status:200 duration:0.026s]
2026-06-03 21:39:18,798 INFO Progress: 36760/51354 (66.4/s) — ETA 220s
2026-06-03 21:39:18,801 INFO POST http://localhost:9200/_search/scroll [status:200 duration:0.003s]
2026-06-03 21:39:18,977 INFO HTTP Request: POST https://open.bigmodel.cn/api/paas/v4/embeddings "HTTP/1.1 200 OK"
2026-06-03 21:39:19,069 INFO PUT http://localhost:9200/_bulk?refresh=false [status:200 duration:0.029s]
2026-06-03 21:39:19,070 INFO Progress: 36780/51354 (66.4/s) — ETA 220s
2026-06-03 21:39:19,072 INFO POST http://localhost:9200/_search/scroll [status:200 duration:0.003s]
2026-06-03 21:39:19,253 INFO HTTP Request: POST https://open.bigmodel.cn/api/paas/v4/embeddings "HTTP/1.1 200 OK"
2026-06-03 21:39:19,327 INFO PUT http://localhost:9200/_bulk?refresh=false [status:200 duration:0.026s]
2026-06-03 21:39:19,327 INFO Progress: 36800/51354 (66.4/s) — ETA 219s
2026-06-03 21:39:19,330 INFO POST http://localhost:9200/_search/scroll [status:200 duration:0.002s]
2026-06-03 21:39:19,519 INFO HTTP Request: POST https://open.bigmodel.cn/api/paas/v4/embeddings "HTTP/1.1 200 OK"
2026-06-03 21:39:19,583 INFO PUT http://localhost:9200/_bulk?refresh=false [status:200 duration:0.026s]
2026-06-03 21:39:19,584 INFO Progress: 36820/51354 (66.4/s) — ETA 219s
2026-06-03 21:39:19,586 INFO POST http://localhost:9200/_search/scroll [status:200 duration:0.002s]
2026-06-03 21:39:19,776 INFO HTTP Request: POST https://open.bigmodel.cn/api/paas/v4/embeddings "HTTP/1.1 200 OK"
2026-06-03 21:39:19,856 INFO PUT http://localhost:9200/_bulk?refresh=false [status:200 duration:0.027s]
2026-06-03 21:39:19,857 INFO Progress: 36840/51354 (66.4/s) — ETA 219s
2026-06-03 21:39:19,859 INFO POST http://localhost:9200/_search/scroll [status:200 duration:0.002s]
2026-06-03 21:39:20,034 INFO HTTP Request: POST https://open.bigmodel.cn/api/paas/v4/embeddings "HTTP/1.1 200 OK"
2026-06-03 21:39:20,101 INFO PUT http://localhost:9200/_bulk?refresh=false [status:200 duration:0.029s]
2026-06-03 21:39:20,101 INFO Progress: 36860/51354 (66.4/s) — ETA 218s
2026-06-03 21:39:20,104 INFO POST http://localhost:9200/_search/scroll [status:200 duration:0.003s]
2026-06-03 21:39:20,286 INFO HTTP Request: POST https://open.bigmodel.cn/api/paas/v4/embeddings "HTTP/1.1 200 OK"
2026-06-03 21:39:20,355 INFO PUT http://localhost:9200/_bulk?refresh=false [status:200 duration:0.026s]
2026-06-03 21:39:20,355 INFO Progress: 36880/51354 (66.4/s) — ETA 218s
2026-06-03 21:39:20,357 INFO POST http://localhost:9200/_search/scroll [status:200 duration:0.002s]
2026-06-03 21:39:20,539 INFO HTTP Request: POST https://open.bigmodel.cn/api/paas/v4/embeddings "HTTP/1.1 200 OK"
2026-06-03 21:39:20,629 INFO PUT http://localhost:9200/_bulk?refresh=false [status:200 duration:0.028s]
2026-06-03 21:39:20,630 INFO Progress: 36900/51354 (66.4/s) — ETA 218s
2026-06-03 21:39:20,632 INFO POST http://localhost:9200/_search/scroll [status:200 duration:0.002s]
2026-06-03 21:39:20,882 INFO HTTP Request: POST https://open.bigmodel.cn/api/paas/v4/embeddings "HTTP/1.1 200 OK"
2026-06-03 21:39:20,966 INFO PUT http://localhost:9200/_bulk?refresh=false [status:200 duration:0.029s]
2026-06-03 21:39:20,966 INFO Progress: 36920/51354 (66.4/s) — ETA 217s
2026-06-03 21:39:20,969 INFO POST http://localhost:9200/_search/scroll [status:200 duration:0.002s]
2026-06-03 21:39:21,145 INFO HTTP Request: POST https://open.bigmodel.cn/api/paas/v4/embeddings "HTTP/1.1 200 OK"
2026-06-03 21:39:21,235 INFO PUT http://localhost:9200/_bulk?refresh=false [status:200 duration:0.028s]
2026-06-03 21:39:21,235 INFO Progress: 36940/51354 (66.4/s) — ETA 217s
2026-06-03 21:39:21,238 INFO POST http://localhost:9200/_search/scroll [status:200 duration:0.003s]
2026-06-03 21:39:21,424 INFO HTTP Request: POST https://open.bigmodel.cn/api/paas/v4/embeddings "HTTP/1.1 200 OK"
2026-06-03 21:39:21,495 INFO PUT http://localhost:9200/_bulk?refresh=false [status:200 duration:0.027s]
2026-06-03 21:39:21,496 INFO Progress: 36960/51354 (66.4/s) — ETA 217s
2026-06-03 21:39:21,498 INFO POST http://localhost:9200/_search/scroll [status:200 duration:0.002s]
2026-06-03 21:39:21,664 INFO HTTP Request: POST https://open.bigmodel.cn/api/paas/v4/embeddings "HTTP/1.1 200 OK"
2026-06-03 21:39:21,737 INFO PUT http://localhost:9200/_bulk?refresh=false [status:200 duration:0.027s]
2026-06-03 21:39:21,738 INFO Progress: 36980/51354 (66.4/s) — ETA 216s
2026-06-03 21:39:21,741 INFO POST http://localhost:9200/_search/scroll [status:200 duration:0.003s]
2026-06-03 21:39:21,953 INFO HTTP Request: POST https://open.bigmodel.cn/api/paas/v4/embeddings "HTTP/1.1 200 OK"
2026-06-03 21:39:22,042 INFO PUT http://localhost:9200/_bulk?refresh=false [status:200 duration:0.028s]
2026-06-03 21:39:22,042 INFO Progress: 37000/51354 (66.4/s) — ETA 216s
2026-06-03 21:39:22,045 INFO POST http://localhost:9200/_search/scroll [status:200 duration:0.003s]
2026-06-03 21:39:22,222 INFO HTTP Request: POST https://open.bigmodel.cn/api/paas/v4/embeddings "HTTP/1.1 200 OK"
2026-06-03 21:39:22,313 INFO PUT http://localhost:9200/_bulk?refresh=false [status:200 duration:0.032s]
2026-06-03 21:39:22,313 INFO Progress: 37020/51354 (66.4/s) — ETA 216s
2026-06-03 21:39:22,316 INFO POST http://localhost:9200/_search/scroll [status:200 duration:0.002s]
2026-06-03 21:39:22,502 INFO HTTP Request: POST https://open.bigmodel.cn/api/paas/v4/embeddings "HTTP/1.1 200 OK"
2026-06-03 21:39:22,583 INFO PUT http://localhost:9200/_bulk?refresh=false [status:200 duration:0.026s]
2026-06-03 21:39:22,583 INFO Progress: 37040/51354 (66.4/s) — ETA 216s
2026-06-03 21:39:22,586 INFO POST http://localhost:9200/_search/scroll [status:200 duration:0.003s]
2026-06-03 21:39:22,812 INFO HTTP Request: POST https://open.bigmodel.cn/api/paas/v4/embeddings "HTTP/1.1 200 OK"
2026-06-03 21:39:22,881 INFO PUT http://localhost:9200/_bulk?refresh=false [status:200 duration:0.029s]
2026-06-03 21:39:22,881 INFO Progress: 37060/51354 (66.4/s) — ETA 215s
2026-06-03 21:39:22,885 INFO POST http://localhost:9200/_search/scroll [status:200 duration:0.003s]
2026-06-03 21:39:23,079 INFO HTTP Request: POST https://open.bigmodel.cn/api/paas/v4/embeddings "HTTP/1.1 200 OK"
2026-06-03 21:39:23,168 INFO PUT http://localhost:9200/_bulk?refresh=false [status:200 duration:0.029s]
2026-06-03 21:39:23,168 INFO Progress: 37080/51354 (66.4/s) — ETA 215s
2026-06-03 21:39:23,171 INFO POST http://localhost:9200/_search/scroll [status:200 duration:0.003s]
2026-06-03 21:39:23,368 INFO HTTP Request: POST https://open.bigmodel.cn/api/paas/v4/embeddings "HTTP/1.1 200 OK"
2026-06-03 21:39:23,431 INFO PUT http://localhost:9200/_bulk?refresh=false [status:200 duration:0.027s]
2026-06-03 21:39:23,432 INFO Progress: 37100/51354 (66.4/s) — ETA 215s
2026-06-03 21:39:23,435 INFO POST http://localhost:9200/_search/scroll [status:200 duration:0.003s]
2026-06-03 21:39:23,653 INFO HTTP Request: POST https://open.bigmodel.cn/api/paas/v4/embeddings "HTTP/1.1 200 OK"
2026-06-03 21:39:23,739 INFO PUT http://localhost:9200/_bulk?refresh=false [status:200 duration:0.026s]
2026-06-03 21:39:23,739 INFO Progress: 37120/51354 (66.4/s) — ETA 214s
2026-06-03 21:39:23,742 INFO POST http://localhost:9200/_search/scroll [status:200 duration:0.003s]
2026-06-03 21:39:23,955 INFO HTTP Request: POST https://open.bigmodel.cn/api/paas/v4/embeddings "HTTP/1.1 200 OK"
2026-06-03 21:39:24,042 INFO PUT http://localhost:9200/_bulk?refresh=false [status:200 duration:0.030s]
2026-06-03 21:39:24,042 INFO Progress: 37140/51354 (66.4/s) — ETA 214s
2026-06-03 21:39:24,045 INFO POST http://localhost:9200/_search/scroll [status:200 duration:0.002s]
2026-06-03 21:39:24,252 INFO HTTP Request: POST https://open.bigmodel.cn/api/paas/v4/embeddings "HTTP/1.1 200 OK"
2026-06-03 21:39:24,335 INFO PUT http://localhost:9200/_bulk?refresh=false [status:200 duration:0.027s]
2026-06-03 21:39:24,335 INFO Progress: 37160/51354 (66.4/s) — ETA 214s
2026-06-03 21:39:24,338 INFO POST http://localhost:9200/_search/scroll [status:200 duration:0.002s]
2026-06-03 21:39:24,525 INFO HTTP Request: POST https://open.bigmodel.cn/api/paas/v4/embeddings "HTTP/1.1 200 OK"
2026-06-03 21:39:24,609 INFO PUT http://localhost:9200/_bulk?refresh=false [status:200 duration:0.027s]
2026-06-03 21:39:24,609 INFO Progress: 37180/51354 (66.4/s) — ETA 213s
2026-06-03 21:39:24,612 INFO POST http://localhost:9200/_search/scroll [status:200 duration:0.002s]
2026-06-03 21:39:24,804 INFO HTTP Request: POST https://open.bigmodel.cn/api/paas/v4/embeddings "HTTP/1.1 200 OK"
2026-06-03 21:39:24,891 INFO PUT http://localhost:9200/_bulk?refresh=false [status:200 duration:0.029s]
2026-06-03 21:39:24,891 INFO Progress: 37200/51354 (66.4/s) — ETA 213s
2026-06-03 21:39:24,895 INFO POST http://localhost:9200/_search/scroll [status:200 duration:0.003s]
2026-06-03 21:39:25,071 INFO HTTP Request: POST https://open.bigmodel.cn/api/paas/v4/embeddings "HTTP/1.1 200 OK"
2026-06-03 21:39:25,142 INFO PUT http://localhost:9200/_bulk?refresh=false [status:200 duration:0.032s]
2026-06-03 21:39:25,143 INFO Progress: 37220/51354 (66.4/s) — ETA 213s
2026-06-03 21:39:25,146 INFO POST http://localhost:9200/_search/scroll [status:200 duration:0.003s]
2026-06-03 21:39:25,359 INFO HTTP Request: POST https://open.bigmodel.cn/api/paas/v4/embeddings "HTTP/1.1 200 OK"
2026-06-03 21:39:25,454 INFO PUT http://localhost:9200/_bulk?refresh=false [status:200 duration:0.029s]
2026-06-03 21:39:25,454 INFO Progress: 37240/51354 (66.4/s) — ETA 212s
2026-06-03 21:39:25,457 INFO POST http://localhost:9200/_search/scroll [status:200 duration:0.003s]
2026-06-03 21:39:25,636 INFO HTTP Request: POST https://open.bigmodel.cn/api/paas/v4/embeddings "HTTP/1.1 200 OK"
2026-06-03 21:39:25,753 INFO PUT http://localhost:9200/_bulk?refresh=false [status:200 duration:0.052s]
2026-06-03 21:39:25,753 INFO Progress: 37260/51354 (66.4/s) — ETA 212s
2026-06-03 21:39:25,760 INFO POST http://localhost:9200/_search/scroll [status:200 duration:0.006s]
2026-06-03 21:39:25,946 INFO HTTP Request: POST https://open.bigmodel.cn/api/paas/v4/embeddings "HTTP/1.1 200 OK"
2026-06-03 21:39:26,036 INFO PUT http://localhost:9200/_bulk?refresh=false [status:200 duration:0.031s]
2026-06-03 21:39:26,036 INFO Progress: 37280/51354 (66.4/s) — ETA 212s
2026-06-03 21:39:26,039 INFO POST http://localhost:9200/_search/scroll [status:200 duration:0.003s]
2026-06-03 21:39:26,202 INFO HTTP Request: POST https://open.bigmodel.cn/api/paas/v4/embeddings "HTTP/1.1 200 OK"
2026-06-03 21:39:26,284 INFO PUT http://localhost:9200/_bulk?refresh=false [status:200 duration:0.027s]
2026-06-03 21:39:26,284 INFO Progress: 37300/51354 (66.4/s) — ETA 212s
2026-06-03 21:39:26,287 INFO POST http://localhost:9200/_search/scroll [status:200 duration:0.003s]
2026-06-03 21:39:26,491 INFO HTTP Request: POST https://open.bigmodel.cn/api/paas/v4/embeddings "HTTP/1.1 200 OK"
2026-06-03 21:39:26,573 INFO PUT http://localhost:9200/_bulk?refresh=false [status:200 duration:0.029s]
2026-06-03 21:39:26,573 INFO Progress: 37320/51354 (66.4/s) — ETA 211s
2026-06-03 21:39:26,576 INFO POST http://localhost:9200/_search/scroll [status:200 duration:0.003s]
2026-06-03 21:39:26,767 INFO HTTP Request: POST https://open.bigmodel.cn/api/paas/v4/embeddings "HTTP/1.1 200 OK"
2026-06-03 21:39:26,862 INFO PUT http://localhost:9200/_bulk?refresh=false [status:200 duration:0.031s]
2026-06-03 21:39:26,862 INFO Progress: 37340/51354 (66.4/s) — ETA 211s
2026-06-03 21:39:26,866 INFO POST http://localhost:9200/_search/scroll [status:200 duration:0.003s]
2026-06-03 21:39:27,072 INFO HTTP Request: POST https://open.bigmodel.cn/api/paas/v4/embeddings "HTTP/1.1 200 OK"
2026-06-03 21:39:27,167 INFO PUT http://localhost:9200/_bulk?refresh=false [status:200 duration:0.029s]
2026-06-03 21:39:27,168 INFO Progress: 37360/51354 (66.4/s) — ETA 211s
2026-06-03 21:39:27,172 INFO POST http://localhost:9200/_search/scroll [status:200 duration:0.004s]
2026-06-03 21:39:27,347 INFO HTTP Request: POST https://open.bigmodel.cn/api/paas/v4/embeddings "HTTP/1.1 200 OK"
2026-06-03 21:39:27,439 INFO PUT http://localhost:9200/_bulk?refresh=false [status:200 duration:0.029s]
2026-06-03 21:39:27,439 INFO Progress: 37380/51354 (66.4/s) — ETA 210s
2026-06-03 21:39:27,443 INFO POST http://localhost:9200/_search/scroll [status:200 duration:0.003s]
2026-06-03 21:39:27,661 INFO HTTP Request: POST https://open.bigmodel.cn/api/paas/v4/embeddings "HTTP/1.1 200 OK"
2026-06-03 21:39:27,753 INFO PUT http://localhost:9200/_bulk?refresh=false [status:200 duration:0.031s]
2026-06-03 21:39:27,753 INFO Progress: 37400/51354 (66.4/s) — ETA 210s
2026-06-03 21:39:27,761 INFO POST http://localhost:9200/_search/scroll [status:200 duration:0.007s]
2026-06-03 21:39:27,970 INFO HTTP Request: POST https://open.bigmodel.cn/api/paas/v4/embeddings "HTTP/1.1 200 OK"
2026-06-03 21:39:28,043 INFO PUT http://localhost:9200/_bulk?refresh=false [status:200 duration:0.032s]
2026-06-03 21:39:28,043 INFO Progress: 37420/51354 (66.4/s) — ETA 210s
2026-06-03 21:39:28,047 INFO POST http://localhost:9200/_search/scroll [status:200 duration:0.003s]
2026-06-03 21:39:28,250 INFO HTTP Request: POST https://open.bigmodel.cn/api/paas/v4/embeddings "HTTP/1.1 200 OK"
2026-06-03 21:39:28,349 INFO PUT http://localhost:9200/_bulk?refresh=false [status:200 duration:0.030s]
2026-06-03 21:39:28,349 INFO Progress: 37440/51354 (66.4/s) — ETA 209s
2026-06-03 21:39:28,353 INFO POST http://localhost:9200/_search/scroll [status:200 duration:0.003s]
2026-06-03 21:39:28,568 INFO HTTP Request: POST https://open.bigmodel.cn/api/paas/v4/embeddings "HTTP/1.1 200 OK"
2026-06-03 21:39:28,666 INFO PUT http://localhost:9200/_bulk?refresh=false [status:200 duration:0.042s]
2026-06-03 21:39:28,666 INFO Progress: 37460/51354 (66.4/s) — ETA 209s
2026-06-03 21:39:28,670 INFO POST http://localhost:9200/_search/scroll [status:200 duration:0.003s]
2026-06-03 21:39:28,874 INFO HTTP Request: POST https://open.bigmodel.cn/api/paas/v4/embeddings "HTTP/1.1 200 OK"
2026-06-03 21:39:28,961 INFO PUT http://localhost:9200/_bulk?refresh=false [status:200 duration:0.034s]
2026-06-03 21:39:28,961 INFO Progress: 37480/51354 (66.4/s) — ETA 209s
2026-06-03 21:39:28,965 INFO POST http://localhost:9200/_search/scroll [status:200 duration:0.004s]
2026-06-03 21:39:29,160 INFO HTTP Request: POST https://open.bigmodel.cn/api/paas/v4/embeddings "HTTP/1.1 200 OK"
2026-06-03 21:39:29,240 INFO PUT http://localhost:9200/_bulk?refresh=false [status:200 duration:0.032s]
2026-06-03 21:39:29,240 INFO Progress: 37500/51354 (66.4/s) — ETA 209s
2026-06-03 21:39:29,243 INFO POST http://localhost:9200/_search/scroll [status:200 duration:0.003s]
2026-06-03 21:39:29,465 INFO HTTP Request: POST https://open.bigmodel.cn/api/paas/v4/embeddings "HTTP/1.1 200 OK"
2026-06-03 21:39:29,552 INFO PUT http://localhost:9200/_bulk?refresh=false [status:200 duration:0.030s]
2026-06-03 21:39:29,552 INFO Progress: 37520/51354 (66.4/s) — ETA 208s
2026-06-03 21:39:29,555 INFO POST http://localhost:9200/_search/scroll [status:200 duration:0.003s]
2026-06-03 21:39:29,797 INFO HTTP Request: POST https://open.bigmodel.cn/api/paas/v4/embeddings "HTTP/1.1 200 OK"
2026-06-03 21:39:29,887 INFO PUT http://localhost:9200/_bulk?refresh=false [status:200 duration:0.030s]
2026-06-03 21:39:29,887 INFO Progress: 37540/51354 (66.4/s) — ETA 208s
2026-06-03 21:39:29,890 INFO POST http://localhost:9200/_search/scroll [status:200 duration:0.003s]
2026-06-03 21:39:30,089 INFO HTTP Request: POST https://open.bigmodel.cn/api/paas/v4/embeddings "HTTP/1.1 200 OK"
2026-06-03 21:39:30,181 INFO PUT http://localhost:9200/_bulk?refresh=false [status:200 duration:0.032s]
2026-06-03 21:39:30,181 INFO Progress: 37560/51354 (66.4/s) — ETA 208s
2026-06-03 21:39:30,184 INFO POST http://localhost:9200/_search/scroll [status:200 duration:0.003s]
2026-06-03 21:39:30,433 INFO HTTP Request: POST https://open.bigmodel.cn/api/paas/v4/embeddings "HTTP/1.1 200 OK"
2026-06-03 21:39:30,520 INFO PUT http://localhost:9200/_bulk?refresh=false [status:200 duration:0.033s]
2026-06-03 21:39:30,520 INFO Progress: 37580/51354 (66.4/s) — ETA 207s
2026-06-03 21:39:30,523 INFO POST http://localhost:9200/_search/scroll [status:200 duration:0.003s]
2026-06-03 21:39:30,775 INFO HTTP Request: POST https://open.bigmodel.cn/api/paas/v4/embeddings "HTTP/1.1 200 OK"
2026-06-03 21:39:30,870 INFO PUT http://localhost:9200/_bulk?refresh=false [status:200 duration:0.030s]
2026-06-03 21:39:30,870 INFO Progress: 37600/51354 (66.4/s) — ETA 207s
2026-06-03 21:39:30,873 INFO POST http://localhost:9200/_search/scroll [status:200 duration:0.003s]
2026-06-03 21:39:31,056 INFO HTTP Request: POST https://open.bigmodel.cn/api/paas/v4/embeddings "HTTP/1.1 200 OK"
2026-06-03 21:39:31,127 INFO PUT http://localhost:9200/_bulk?refresh=false [status:200 duration:0.033s]
2026-06-03 21:39:31,127 INFO Progress: 37620/51354 (66.4/s) — ETA 207s
2026-06-03 21:39:31,130 INFO POST http://localhost:9200/_search/scroll [status:200 duration:0.003s]
2026-06-03 21:39:31,323 INFO HTTP Request: POST https://open.bigmodel.cn/api/paas/v4/embeddings "HTTP/1.1 200 OK"
2026-06-03 21:39:31,398 INFO PUT http://localhost:9200/_bulk?refresh=false [status:200 duration:0.032s]
2026-06-03 21:39:31,398 INFO Progress: 37640/51354 (66.4/s) — ETA 206s
2026-06-03 21:39:31,401 INFO POST http://localhost:9200/_search/scroll [status:200 duration:0.003s]
2026-06-03 21:39:31,563 INFO HTTP Request: POST https://open.bigmodel.cn/api/paas/v4/embeddings "HTTP/1.1 200 OK"
2026-06-03 21:39:31,652 INFO PUT http://localhost:9200/_bulk?refresh=false [status:200 duration:0.028s]
2026-06-03 21:39:31,653 INFO Progress: 37660/51354 (66.4/s) — ETA 206s
2026-06-03 21:39:31,655 INFO POST http://localhost:9200/_search/scroll [status:200 duration:0.003s]
2026-06-03 21:39:31,876 INFO HTTP Request: POST https://open.bigmodel.cn/api/paas/v4/embeddings "HTTP/1.1 200 OK"
2026-06-03 21:39:31,937 INFO PUT http://localhost:9200/_bulk?refresh=false [status:200 duration:0.030s]
2026-06-03 21:39:31,938 INFO Progress: 37680/51354 (66.4/s) — ETA 206s
2026-06-03 21:39:31,941 INFO POST http://localhost:9200/_search/scroll [status:200 duration:0.003s]
2026-06-03 21:39:32,169 INFO HTTP Request: POST https://open.bigmodel.cn/api/paas/v4/embeddings "HTTP/1.1 200 OK"
2026-06-03 21:39:32,259 INFO PUT http://localhost:9200/_bulk?refresh=false [status:200 duration:0.033s]
2026-06-03 21:39:32,259 INFO Progress: 37700/51354 (66.4/s) — ETA 205s
2026-06-03 21:39:32,262 INFO POST http://localhost:9200/_search/scroll [status:200 duration:0.003s]
2026-06-03 21:39:32,466 INFO HTTP Request: POST https://open.bigmodel.cn/api/paas/v4/embeddings "HTTP/1.1 200 OK"
2026-06-03 21:39:32,561 INFO PUT http://localhost:9200/_bulk?refresh=false [status:200 duration:0.037s]
2026-06-03 21:39:32,561 INFO Progress: 37720/51354 (66.4/s) — ETA 205s
2026-06-03 21:39:32,564 INFO POST http://localhost:9200/_search/scroll [status:200 duration:0.003s]
2026-06-03 21:39:32,796 INFO HTTP Request: POST https://open.bigmodel.cn/api/paas/v4/embeddings "HTTP/1.1 200 OK"
2026-06-03 21:39:32,883 INFO PUT http://localhost:9200/_bulk?refresh=false [status:200 duration:0.028s]
2026-06-03 21:39:32,883 INFO Progress: 37740/51354 (66.4/s) — ETA 205s
2026-06-03 21:39:32,886 INFO POST http://localhost:9200/_search/scroll [status:200 duration:0.003s]
2026-06-03 21:39:33,113 INFO HTTP Request: POST https://open.bigmodel.cn/api/paas/v4/embeddings "HTTP/1.1 200 OK"
2026-06-03 21:39:33,193 INFO PUT http://localhost:9200/_bulk?refresh=false [status:200 duration:0.031s]
2026-06-03 21:39:33,193 INFO Progress: 37760/51354 (66.4/s) — ETA 205s
2026-06-03 21:39:33,196 INFO POST http://localhost:9200/_search/scroll [status:200 duration:0.003s]
2026-06-03 21:39:33,370 INFO HTTP Request: POST https://open.bigmodel.cn/api/paas/v4/embeddings "HTTP/1.1 200 OK"
2026-06-03 21:39:33,466 INFO PUT http://localhost:9200/_bulk?refresh=false [status:200 duration:0.030s]
2026-06-03 21:39:33,466 INFO Progress: 37780/51354 (66.4/s) — ETA 204s
2026-06-03 21:39:33,469 INFO POST http://localhost:9200/_search/scroll [status:200 duration:0.003s]
2026-06-03 21:39:33,634 INFO HTTP Request: POST https://open.bigmodel.cn/api/paas/v4/embeddings "HTTP/1.1 200 OK"
2026-06-03 21:39:33,793 INFO PUT http://localhost:9200/_bulk?refresh=false [status:200 duration:0.110s]
2026-06-03 21:39:33,793 INFO Progress: 37800/51354 (66.4/s) — ETA 204s
2026-06-03 21:39:33,796 INFO POST http://localhost:9200/_search/scroll [status:200 duration:0.003s]
2026-06-03 21:39:33,969 INFO HTTP Request: POST https://open.bigmodel.cn/api/paas/v4/embeddings "HTTP/1.1 200 OK"
2026-06-03 21:39:34,055 INFO PUT http://localhost:9200/_bulk?refresh=false [status:200 duration:0.028s]
2026-06-03 21:39:34,055 INFO Progress: 37820/51354 (66.4/s) — ETA 204s
2026-06-03 21:39:34,058 INFO POST http://localhost:9200/_search/scroll [status:200 duration:0.003s]
2026-06-03 21:39:34,238 INFO HTTP Request: POST https://open.bigmodel.cn/api/paas/v4/embeddings "HTTP/1.1 200 OK"
2026-06-03 21:39:34,327 INFO PUT http://localhost:9200/_bulk?refresh=false [status:200 duration:0.034s]
2026-06-03 21:39:34,327 INFO Progress: 37840/51354 (66.4/s) — ETA 203s
2026-06-03 21:39:34,330 INFO POST http://localhost:9200/_search/scroll [status:200 duration:0.003s]
2026-06-03 21:39:34,545 INFO HTTP Request: POST https://open.bigmodel.cn/api/paas/v4/embeddings "HTTP/1.1 200 OK"
2026-06-03 21:39:34,651 INFO PUT http://localhost:9200/_bulk?refresh=false [status:200 duration:0.042s]
2026-06-03 21:39:34,651 INFO Progress: 37860/51354 (66.4/s) — ETA 203s
2026-06-03 21:39:34,654 INFO POST http://localhost:9200/_search/scroll [status:200 duration:0.003s]
2026-06-03 21:39:34,818 INFO HTTP Request: POST https://open.bigmodel.cn/api/paas/v4/embeddings "HTTP/1.1 200 OK"
2026-06-03 21:39:34,908 INFO PUT http://localhost:9200/_bulk?refresh=false [status:200 duration:0.030s]
2026-06-03 21:39:34,908 INFO Progress: 37880/51354 (66.5/s) — ETA 203s
2026-06-03 21:39:34,911 INFO POST http://localhost:9200/_search/scroll [status:200 duration:0.003s]
2026-06-03 21:39:35,101 INFO HTTP Request: POST https://open.bigmodel.cn/api/paas/v4/embeddings "HTTP/1.1 200 OK"
2026-06-03 21:39:35,183 INFO PUT http://localhost:9200/_bulk?refresh=false [status:200 duration:0.046s]
2026-06-03 21:39:35,183 INFO Progress: 37900/51354 (66.5/s) — ETA 202s
2026-06-03 21:39:35,186 INFO POST http://localhost:9200/_search/scroll [status:200 duration:0.003s]
2026-06-03 21:39:35,351 INFO HTTP Request: POST https://open.bigmodel.cn/api/paas/v4/embeddings "HTTP/1.1 200 OK"
2026-06-03 21:39:35,440 INFO PUT http://localhost:9200/_bulk?refresh=false [status:200 duration:0.032s]
2026-06-03 21:39:35,440 INFO Progress: 37920/51354 (66.5/s) — ETA 202s
2026-06-03 21:39:35,443 INFO POST http://localhost:9200/_search/scroll [status:200 duration:0.003s]
2026-06-03 21:39:35,621 INFO HTTP Request: POST https://open.bigmodel.cn/api/paas/v4/embeddings "HTTP/1.1 200 OK"
2026-06-03 21:39:35,730 INFO PUT http://localhost:9200/_bulk?refresh=false [status:200 duration:0.045s]
2026-06-03 21:39:35,730 INFO Progress: 37940/51354 (66.5/s) — ETA 202s
2026-06-03 21:39:35,734 INFO POST http://localhost:9200/_search/scroll [status:200 duration:0.003s]
2026-06-03 21:39:35,954 INFO HTTP Request: POST https://open.bigmodel.cn/api/paas/v4/embeddings "HTTP/1.1 200 OK"
2026-06-03 21:39:36,041 INFO PUT http://localhost:9200/_bulk?refresh=false [status:200 duration:0.032s]
2026-06-03 21:39:36,041 INFO Progress: 37960/51354 (66.5/s) — ETA 202s
2026-06-03 21:39:36,044 INFO POST http://localhost:9200/_search/scroll [status:200 duration:0.003s]
2026-06-03 21:39:36,244 INFO HTTP Request: POST https://open.bigmodel.cn/api/paas/v4/embeddings "HTTP/1.1 200 OK"
2026-06-03 21:39:36,321 INFO PUT http://localhost:9200/_bulk?refresh=false [status:200 duration:0.034s]
2026-06-03 21:39:36,322 INFO Progress: 37980/51354 (66.5/s) — ETA 201s
2026-06-03 21:39:36,325 INFO POST http://localhost:9200/_search/scroll [status:200 duration:0.003s]
2026-06-03 21:39:36,513 INFO HTTP Request: POST https://open.bigmodel.cn/api/paas/v4/embeddings "HTTP/1.1 200 OK"
2026-06-03 21:39:36,621 INFO PUT http://localhost:9200/_bulk?refresh=false [status:200 duration:0.042s]
2026-06-03 21:39:36,621 INFO Progress: 38000/51354 (66.5/s) — ETA 201s
2026-06-03 21:39:36,627 INFO POST http://localhost:9200/_search/scroll [status:200 duration:0.006s]
2026-06-03 21:39:36,802 INFO HTTP Request: POST https://open.bigmodel.cn/api/paas/v4/embeddings "HTTP/1.1 200 OK"
2026-06-03 21:39:36,924 INFO PUT http://localhost:9200/_bulk?refresh=false [status:200 duration:0.050s]
2026-06-03 21:39:36,924 INFO Progress: 38020/51354 (66.5/s) — ETA 201s
2026-06-03 21:39:36,929 INFO POST http://localhost:9200/_search/scroll [status:200 duration:0.005s]
2026-06-03 21:39:37,100 INFO HTTP Request: POST https://open.bigmodel.cn/api/paas/v4/embeddings "HTTP/1.1 200 OK"
2026-06-03 21:39:37,188 INFO PUT http://localhost:9200/_bulk?refresh=false [status:200 duration:0.036s]
2026-06-03 21:39:37,188 INFO Progress: 38040/51354 (66.5/s) — ETA 200s
2026-06-03 21:39:37,192 INFO POST http://localhost:9200/_search/scroll [status:200 duration:0.003s]
2026-06-03 21:39:37,363 INFO HTTP Request: POST https://open.bigmodel.cn/api/paas/v4/embeddings "HTTP/1.1 200 OK"
2026-06-03 21:39:37,461 INFO PUT http://localhost:9200/_bulk?refresh=false [status:200 duration:0.044s]
2026-06-03 21:39:37,462 INFO Progress: 38060/51354 (66.5/s) — ETA 200s
2026-06-03 21:39:37,465 INFO POST http://localhost:9200/_search/scroll [status:200 duration:0.003s]
2026-06-03 21:39:37,643 INFO HTTP Request: POST https://open.bigmodel.cn/api/paas/v4/embeddings "HTTP/1.1 200 OK"
2026-06-03 21:39:37,748 INFO PUT http://localhost:9200/_bulk?refresh=false [status:200 duration:0.035s]
2026-06-03 21:39:37,749 INFO Progress: 38080/51354 (66.5/s) — ETA 200s
2026-06-03 21:39:37,752 INFO POST http://localhost:9200/_search/scroll [status:200 duration:0.003s]
2026-06-03 21:39:37,957 INFO HTTP Request: POST https://open.bigmodel.cn/api/paas/v4/embeddings "HTTP/1.1 200 OK"
2026-06-03 21:39:38,055 INFO PUT http://localhost:9200/_bulk?refresh=false [status:200 duration:0.034s]
2026-06-03 21:39:38,055 INFO Progress: 38100/51354 (66.5/s) — ETA 199s
2026-06-03 21:39:38,059 INFO POST http://localhost:9200/_search/scroll [status:200 duration:0.003s]
2026-06-03 21:39:38,252 INFO HTTP Request: POST https://open.bigmodel.cn/api/paas/v4/embeddings "HTTP/1.1 200 OK"
2026-06-03 21:39:38,341 INFO PUT http://localhost:9200/_bulk?refresh=false [status:200 duration:0.034s]
2026-06-03 21:39:38,341 INFO Progress: 38120/51354 (66.5/s) — ETA 199s
2026-06-03 21:39:38,344 INFO POST http://localhost:9200/_search/scroll [status:200 duration:0.003s]
2026-06-03 21:39:38,527 INFO HTTP Request: POST https://open.bigmodel.cn/api/paas/v4/embeddings "HTTP/1.1 200 OK"
2026-06-03 21:39:38,618 INFO PUT http://localhost:9200/_bulk?refresh=false [status:200 duration:0.029s]
2026-06-03 21:39:38,618 INFO Progress: 38140/51354 (66.5/s) — ETA 199s
2026-06-03 21:39:38,621 INFO POST http://localhost:9200/_search/scroll [status:200 duration:0.003s]
2026-06-03 21:39:38,888 INFO HTTP Request: POST https://open.bigmodel.cn/api/paas/v4/embeddings "HTTP/1.1 200 OK"
2026-06-03 21:39:39,298 INFO PUT http://localhost:9200/_bulk?refresh=false [status:200 duration:0.342s]
2026-06-03 21:39:39,299 INFO Progress: 38160/51354 (66.4/s) — ETA 199s
2026-06-03 21:39:39,302 INFO POST http://localhost:9200/_search/scroll [status:200 duration:0.003s]
2026-06-03 21:39:39,493 INFO HTTP Request: POST https://open.bigmodel.cn/api/paas/v4/embeddings "HTTP/1.1 200 OK"
2026-06-03 21:39:39,877 INFO PUT http://localhost:9200/_bulk?refresh=false [status:200 duration:0.330s]
2026-06-03 21:39:39,877 INFO Progress: 38180/51354 (66.4/s) — ETA 198s
2026-06-03 21:39:39,880 INFO POST http://localhost:9200/_search/scroll [status:200 duration:0.003s]
2026-06-03 21:39:40,088 INFO HTTP Request: POST https://open.bigmodel.cn/api/paas/v4/embeddings "HTTP/1.1 200 OK"
2026-06-03 21:39:40,664 INFO PUT http://localhost:9200/_bulk?refresh=false [status:200 duration:0.521s]
2026-06-03 21:39:40,665 INFO Progress: 38200/51354 (66.3/s) — ETA 198s
2026-06-03 21:39:40,668 INFO POST http://localhost:9200/_search/scroll [status:200 duration:0.003s]
2026-06-03 21:39:40,856 INFO HTTP Request: POST https://open.bigmodel.cn/api/paas/v4/embeddings "HTTP/1.1 200 OK"
2026-06-03 21:39:41,576 INFO PUT http://localhost:9200/_bulk?refresh=false [status:200 duration:0.678s]
2026-06-03 21:39:41,576 INFO Progress: 38220/51354 (66.3/s) — ETA 198s
2026-06-03 21:39:41,579 INFO POST http://localhost:9200/_search/scroll [status:200 duration:0.003s]
2026-06-03 21:39:41,836 INFO HTTP Request: POST https://open.bigmodel.cn/api/paas/v4/embeddings "HTTP/1.1 200 OK"
2026-06-03 21:39:41,921 INFO PUT http://localhost:9200/_bulk?refresh=false [status:200 duration:0.028s]
2026-06-03 21:39:41,921 INFO Progress: 38240/51354 (66.3/s) — ETA 198s
2026-06-03 21:39:41,924 INFO POST http://localhost:9200/_search/scroll [status:200 duration:0.003s]
2026-06-03 21:39:42,132 INFO HTTP Request: POST https://open.bigmodel.cn/api/paas/v4/embeddings "HTTP/1.1 200 OK"
2026-06-03 21:39:42,198 INFO PUT http://localhost:9200/_bulk?refresh=false [status:200 duration:0.031s]
2026-06-03 21:39:42,199 INFO Progress: 38260/51354 (66.3/s) — ETA 198s
2026-06-03 21:39:42,201 INFO POST http://localhost:9200/_search/scroll [status:200 duration:0.003s]
2026-06-03 21:39:42,395 INFO HTTP Request: POST https://open.bigmodel.cn/api/paas/v4/embeddings "HTTP/1.1 200 OK"
2026-06-03 21:39:42,482 INFO PUT http://localhost:9200/_bulk?refresh=false [status:200 duration:0.026s]
2026-06-03 21:39:42,482 INFO Progress: 38280/51354 (66.3/s) — ETA 197s
2026-06-03 21:39:42,485 INFO POST http://localhost:9200/_search/scroll [status:200 duration:0.002s]
2026-06-03 21:39:42,671 INFO HTTP Request: POST https://open.bigmodel.cn/api/paas/v4/embeddings "HTTP/1.1 200 OK"
2026-06-03 21:39:42,751 INFO PUT http://localhost:9200/_bulk?refresh=false [status:200 duration:0.027s]
2026-06-03 21:39:42,751 INFO Progress: 38300/51354 (66.3/s) — ETA 197s
2026-06-03 21:39:42,754 INFO POST http://localhost:9200/_search/scroll [status:200 duration:0.002s]
2026-06-03 21:39:42,957 INFO HTTP Request: POST https://open.bigmodel.cn/api/paas/v4/embeddings "HTTP/1.1 200 OK"
2026-06-03 21:39:43,022 INFO PUT http://localhost:9200/_bulk?refresh=false [status:200 duration:0.028s]
2026-06-03 21:39:43,022 INFO Progress: 38320/51354 (66.3/s) — ETA 197s
2026-06-03 21:39:43,025 INFO POST http://localhost:9200/_search/scroll [status:200 duration:0.003s]
2026-06-03 21:39:43,247 INFO HTTP Request: POST https://open.bigmodel.cn/api/paas/v4/embeddings "HTTP/1.1 200 OK"
2026-06-03 21:39:43,335 INFO PUT http://localhost:9200/_bulk?refresh=false [status:200 duration:0.028s]
2026-06-03 21:39:43,336 INFO Progress: 38340/51354 (66.3/s) — ETA 196s
2026-06-03 21:39:43,338 INFO POST http://localhost:9200/_search/scroll [status:200 duration:0.003s]
2026-06-03 21:39:43,532 INFO HTTP Request: POST https://open.bigmodel.cn/api/paas/v4/embeddings "HTTP/1.1 200 OK"
2026-06-03 21:39:43,619 INFO PUT http://localhost:9200/_bulk?refresh=false [status:200 duration:0.028s]
2026-06-03 21:39:43,619 INFO Progress: 38360/51354 (66.3/s) — ETA 196s
2026-06-03 21:39:43,622 INFO POST http://localhost:9200/_search/scroll [status:200 duration:0.003s]
2026-06-03 21:39:43,795 INFO HTTP Request: POST https://open.bigmodel.cn/api/paas/v4/embeddings "HTTP/1.1 200 OK"
2026-06-03 21:39:43,881 INFO PUT http://localhost:9200/_bulk?refresh=false [status:200 duration:0.027s]
2026-06-03 21:39:43,882 INFO Progress: 38380/51354 (66.3/s) — ETA 196s
2026-06-03 21:39:43,884 INFO POST http://localhost:9200/_search/scroll [status:200 duration:0.002s]
2026-06-03 21:39:44,058 INFO HTTP Request: POST https://open.bigmodel.cn/api/paas/v4/embeddings "HTTP/1.1 200 OK"
2026-06-03 21:39:44,130 INFO PUT http://localhost:9200/_bulk?refresh=false [status:200 duration:0.030s]
2026-06-03 21:39:44,131 INFO Progress: 38400/51354 (66.3/s) — ETA 195s
2026-06-03 21:39:44,133 INFO POST http://localhost:9200/_search/scroll [status:200 duration:0.003s]
2026-06-03 21:39:44,368 INFO HTTP Request: POST https://open.bigmodel.cn/api/paas/v4/embeddings "HTTP/1.1 200 OK"
2026-06-03 21:39:44,456 INFO PUT http://localhost:9200/_bulk?refresh=false [status:200 duration:0.029s]
2026-06-03 21:39:44,457 INFO Progress: 38420/51354 (66.3/s) — ETA 195s
2026-06-03 21:39:44,459 INFO POST http://localhost:9200/_search/scroll [status:200 duration:0.002s]
2026-06-03 21:39:44,685 INFO HTTP Request: POST https://open.bigmodel.cn/api/paas/v4/embeddings "HTTP/1.1 200 OK"
2026-06-03 21:39:44,774 INFO PUT http://localhost:9200/_bulk?refresh=false [status:200 duration:0.028s]
2026-06-03 21:39:44,774 INFO Progress: 38440/51354 (66.3/s) — ETA 195s
2026-06-03 21:39:44,777 INFO POST http://localhost:9200/_search/scroll [status:200 duration:0.003s]
2026-06-03 21:39:44,961 INFO HTTP Request: POST https://open.bigmodel.cn/api/paas/v4/embeddings "HTTP/1.1 200 OK"
2026-06-03 21:39:45,041 INFO PUT http://localhost:9200/_bulk?refresh=false [status:200 duration:0.027s]
2026-06-03 21:39:45,041 INFO Progress: 38460/51354 (66.3/s) — ETA 195s
2026-06-03 21:39:45,044 INFO POST http://localhost:9200/_search/scroll [status:200 duration:0.003s]
2026-06-03 21:39:45,212 INFO HTTP Request: POST https://open.bigmodel.cn/api/paas/v4/embeddings "HTTP/1.1 200 OK"
2026-06-03 21:39:45,288 INFO PUT http://localhost:9200/_bulk?refresh=false [status:200 duration:0.030s]
2026-06-03 21:39:45,288 INFO Progress: 38480/51354 (66.3/s) — ETA 194s
2026-06-03 21:39:45,291 INFO POST http://localhost:9200/_search/scroll [status:200 duration:0.002s]
2026-06-03 21:39:45,466 INFO HTTP Request: POST https://open.bigmodel.cn/api/paas/v4/embeddings "HTTP/1.1 200 OK"
2026-06-03 21:39:45,538 INFO PUT http://localhost:9200/_bulk?refresh=false [status:200 duration:0.027s]
2026-06-03 21:39:45,538 INFO Progress: 38500/51354 (66.3/s) — ETA 194s
2026-06-03 21:39:45,541 INFO POST http://localhost:9200/_search/scroll [status:200 duration:0.002s]
2026-06-03 21:39:45,750 INFO HTTP Request: POST https://open.bigmodel.cn/api/paas/v4/embeddings "HTTP/1.1 200 OK"
2026-06-03 21:39:45,838 INFO PUT http://localhost:9200/_bulk?refresh=false [status:200 duration:0.030s]
2026-06-03 21:39:45,838 INFO Progress: 38520/51354 (66.3/s) — ETA 194s
2026-06-03 21:39:45,841 INFO POST http://localhost:9200/_search/scroll [status:200 duration:0.003s]
2026-06-03 21:39:46,037 INFO HTTP Request: POST https://open.bigmodel.cn/api/paas/v4/embeddings "HTTP/1.1 200 OK"
2026-06-03 21:39:46,122 INFO PUT http://localhost:9200/_bulk?refresh=false [status:200 duration:0.028s]
2026-06-03 21:39:46,122 INFO Progress: 38540/51354 (66.3/s) — ETA 193s
2026-06-03 21:39:46,125 INFO POST http://localhost:9200/_search/scroll [status:200 duration:0.003s]
2026-06-03 21:39:46,370 INFO HTTP Request: POST https://open.bigmodel.cn/api/paas/v4/embeddings "HTTP/1.1 200 OK"
2026-06-03 21:39:46,446 INFO PUT http://localhost:9200/_bulk?refresh=false [status:200 duration:0.028s]
2026-06-03 21:39:46,446 INFO Progress: 38560/51354 (66.3/s) — ETA 193s
2026-06-03 21:39:46,449 INFO POST http://localhost:9200/_search/scroll [status:200 duration:0.002s]
2026-06-03 21:39:46,662 INFO HTTP Request: POST https://open.bigmodel.cn/api/paas/v4/embeddings "HTTP/1.1 200 OK"
2026-06-03 21:39:46,729 INFO PUT http://localhost:9200/_bulk?refresh=false [status:200 duration:0.028s]
2026-06-03 21:39:46,729 INFO Progress: 38580/51354 (66.3/s) — ETA 193s
2026-06-03 21:39:46,732 INFO POST http://localhost:9200/_search/scroll [status:200 duration:0.003s]
2026-06-03 21:39:46,914 INFO HTTP Request: POST https://open.bigmodel.cn/api/paas/v4/embeddings "HTTP/1.1 200 OK"
2026-06-03 21:39:47,006 INFO PUT http://localhost:9200/_bulk?refresh=false [status:200 duration:0.034s]
2026-06-03 21:39:47,006 INFO Progress: 38600/51354 (66.3/s) — ETA 192s
2026-06-03 21:39:47,009 INFO POST http://localhost:9200/_search/scroll [status:200 duration:0.003s]
2026-06-03 21:39:47,221 INFO HTTP Request: POST https://open.bigmodel.cn/api/paas/v4/embeddings "HTTP/1.1 200 OK"
2026-06-03 21:39:47,297 INFO PUT http://localhost:9200/_bulk?refresh=false [status:200 duration:0.026s]
2026-06-03 21:39:47,298 INFO Progress: 38620/51354 (66.3/s) — ETA 192s
2026-06-03 21:39:47,300 INFO POST http://localhost:9200/_search/scroll [status:200 duration:0.003s]
2026-06-03 21:39:47,507 INFO HTTP Request: POST https://open.bigmodel.cn/api/paas/v4/embeddings "HTTP/1.1 200 OK"
2026-06-03 21:39:47,586 INFO PUT http://localhost:9200/_bulk?refresh=false [status:200 duration:0.026s]
2026-06-03 21:39:47,586 INFO Progress: 38640/51354 (66.3/s) — ETA 192s
2026-06-03 21:39:47,589 INFO POST http://localhost:9200/_search/scroll [status:200 duration:0.002s]
2026-06-03 21:39:47,767 INFO HTTP Request: POST https://open.bigmodel.cn/api/paas/v4/embeddings "HTTP/1.1 200 OK"
2026-06-03 21:39:47,857 INFO PUT http://localhost:9200/_bulk?refresh=false [status:200 duration:0.027s]
2026-06-03 21:39:47,858 INFO Progress: 38660/51354 (66.3/s) — ETA 191s
2026-06-03 21:39:47,860 INFO POST http://localhost:9200/_search/scroll [status:200 duration:0.002s]
2026-06-03 21:39:48,048 INFO HTTP Request: POST https://open.bigmodel.cn/api/paas/v4/embeddings "HTTP/1.1 200 OK"
2026-06-03 21:39:48,133 INFO PUT http://localhost:9200/_bulk?refresh=false [status:200 duration:0.029s]
2026-06-03 21:39:48,133 INFO Progress: 38680/51354 (66.3/s) — ETA 191s
2026-06-03 21:39:48,135 INFO POST http://localhost:9200/_search/scroll [status:200 duration:0.002s]
2026-06-03 21:39:48,321 INFO HTTP Request: POST https://open.bigmodel.cn/api/paas/v4/embeddings "HTTP/1.1 200 OK"
2026-06-03 21:39:48,392 INFO PUT http://localhost:9200/_bulk?refresh=false [status:200 duration:0.027s]
2026-06-03 21:39:48,392 INFO Progress: 38700/51354 (66.3/s) — ETA 191s
2026-06-03 21:39:48,395 INFO POST http://localhost:9200/_search/scroll [status:200 duration:0.002s]
2026-06-03 21:39:48,609 INFO HTTP Request: POST https://open.bigmodel.cn/api/paas/v4/embeddings "HTTP/1.1 200 OK"
2026-06-03 21:39:48,699 INFO PUT http://localhost:9200/_bulk?refresh=false [status:200 duration:0.029s]
2026-06-03 21:39:48,700 INFO Progress: 38720/51354 (66.3/s) — ETA 191s
2026-06-03 21:39:48,702 INFO POST http://localhost:9200/_search/scroll [status:200 duration:0.003s]
2026-06-03 21:39:48,919 INFO HTTP Request: POST https://open.bigmodel.cn/api/paas/v4/embeddings "HTTP/1.1 200 OK"
2026-06-03 21:39:48,995 INFO PUT http://localhost:9200/_bulk?refresh=false [status:200 duration:0.028s]
2026-06-03 21:39:48,995 INFO Progress: 38740/51354 (66.3/s) — ETA 190s
2026-06-03 21:39:48,998 INFO POST http://localhost:9200/_search/scroll [status:200 duration:0.002s]
2026-06-03 21:39:49,197 INFO HTTP Request: POST https://open.bigmodel.cn/api/paas/v4/embeddings "HTTP/1.1 200 OK"
2026-06-03 21:39:49,278 INFO PUT http://localhost:9200/_bulk?refresh=false [status:200 duration:0.028s]
2026-06-03 21:39:49,278 INFO Progress: 38760/51354 (66.3/s) — ETA 190s
2026-06-03 21:39:49,280 INFO POST http://localhost:9200/_search/scroll [status:200 duration:0.002s]
2026-06-03 21:39:49,483 INFO HTTP Request: POST https://open.bigmodel.cn/api/paas/v4/embeddings "HTTP/1.1 200 OK"
2026-06-03 21:39:49,571 INFO PUT http://localhost:9200/_bulk?refresh=false [status:200 duration:0.028s]
2026-06-03 21:39:49,571 INFO Progress: 38780/51354 (66.3/s) — ETA 190s
2026-06-03 21:39:49,574 INFO POST http://localhost:9200/_search/scroll [status:200 duration:0.002s]
2026-06-03 21:39:49,810 INFO HTTP Request: POST https://open.bigmodel.cn/api/paas/v4/embeddings "HTTP/1.1 200 OK"
2026-06-03 21:39:49,894 INFO PUT http://localhost:9200/_bulk?refresh=false [status:200 duration:0.030s]
2026-06-03 21:39:49,894 INFO Progress: 38800/51354 (66.3/s) — ETA 189s
2026-06-03 21:39:49,896 INFO POST http://localhost:9200/_search/scroll [status:200 duration:0.003s]
2026-06-03 21:39:50,058 INFO HTTP Request: POST https://open.bigmodel.cn/api/paas/v4/embeddings "HTTP/1.1 200 OK"
2026-06-03 21:39:50,127 INFO PUT http://localhost:9200/_bulk?refresh=false [status:200 duration:0.026s]
2026-06-03 21:39:50,127 INFO Progress: 38820/51354 (66.3/s) — ETA 189s
2026-06-03 21:39:50,130 INFO POST http://localhost:9200/_search/scroll [status:200 duration:0.002s]
2026-06-03 21:39:50,333 INFO HTTP Request: POST https://open.bigmodel.cn/api/paas/v4/embeddings "HTTP/1.1 200 OK"
2026-06-03 21:39:50,414 INFO PUT http://localhost:9200/_bulk?refresh=false [status:200 duration:0.028s]
2026-06-03 21:39:50,414 INFO Progress: 38840/51354 (66.3/s) — ETA 189s
2026-06-03 21:39:50,417 INFO POST http://localhost:9200/_search/scroll [status:200 duration:0.002s]
2026-06-03 21:39:50,621 INFO HTTP Request: POST https://open.bigmodel.cn/api/paas/v4/embeddings "HTTP/1.1 200 OK"
2026-06-03 21:39:50,709 INFO PUT http://localhost:9200/_bulk?refresh=false [status:200 duration:0.032s]
2026-06-03 21:39:50,709 INFO Progress: 38860/51354 (66.3/s) — ETA 188s
2026-06-03 21:39:50,712 INFO POST http://localhost:9200/_search/scroll [status:200 duration:0.002s]
2026-06-03 21:39:50,885 INFO HTTP Request: POST https://open.bigmodel.cn/api/paas/v4/embeddings "HTTP/1.1 200 OK"
2026-06-03 21:39:50,968 INFO PUT http://localhost:9200/_bulk?refresh=false [status:200 duration:0.029s]
2026-06-03 21:39:50,969 INFO Progress: 38880/51354 (66.3/s) — ETA 188s
2026-06-03 21:39:50,971 INFO POST http://localhost:9200/_search/scroll [status:200 duration:0.002s]
2026-06-03 21:39:51,142 INFO HTTP Request: POST https://open.bigmodel.cn/api/paas/v4/embeddings "HTTP/1.1 200 OK"
2026-06-03 21:39:51,228 INFO PUT http://localhost:9200/_bulk?refresh=false [status:200 duration:0.027s]
2026-06-03 21:39:51,228 INFO Progress: 38900/51354 (66.3/s) — ETA 188s
2026-06-03 21:39:51,230 INFO POST http://localhost:9200/_search/scroll [status:200 duration:0.002s]
2026-06-03 21:39:51,435 INFO HTTP Request: POST https://open.bigmodel.cn/api/paas/v4/embeddings "HTTP/1.1 200 OK"
2026-06-03 21:39:51,516 INFO PUT http://localhost:9200/_bulk?refresh=false [status:200 duration:0.031s]
2026-06-03 21:39:51,517 INFO Progress: 38920/51354 (66.3/s) — ETA 187s
2026-06-03 21:39:51,519 INFO POST http://localhost:9200/_search/scroll [status:200 duration:0.003s]
2026-06-03 21:39:51,710 INFO HTTP Request: POST https://open.bigmodel.cn/api/paas/v4/embeddings "HTTP/1.1 200 OK"
2026-06-03 21:39:51,805 INFO PUT http://localhost:9200/_bulk?refresh=false [status:200 duration:0.037s]
2026-06-03 21:39:51,805 INFO Progress: 38940/51354 (66.3/s) — ETA 187s
2026-06-03 21:39:51,810 INFO POST http://localhost:9200/_search/scroll [status:200 duration:0.005s]
2026-06-03 21:39:52,017 INFO HTTP Request: POST https://open.bigmodel.cn/api/paas/v4/embeddings "HTTP/1.1 200 OK"
2026-06-03 21:39:52,092 INFO PUT http://localhost:9200/_bulk?refresh=false [status:200 duration:0.035s]
2026-06-03 21:39:52,092 INFO Progress: 38960/51354 (66.3/s) — ETA 187s
2026-06-03 21:39:52,096 INFO POST http://localhost:9200/_search/scroll [status:200 duration:0.004s]
2026-06-03 21:39:52,300 INFO HTTP Request: POST https://open.bigmodel.cn/api/paas/v4/embeddings "HTTP/1.1 200 OK"
2026-06-03 21:39:52,380 INFO PUT http://localhost:9200/_bulk?refresh=false [status:200 duration:0.032s]
2026-06-03 21:39:52,380 INFO Progress: 38980/51354 (66.3/s) — ETA 187s
2026-06-03 21:39:52,383 INFO POST http://localhost:9200/_search/scroll [status:200 duration:0.003s]
2026-06-03 21:39:52,605 INFO HTTP Request: POST https://open.bigmodel.cn/api/paas/v4/embeddings "HTTP/1.1 200 OK"
2026-06-03 21:39:52,697 INFO PUT http://localhost:9200/_bulk?refresh=false [status:200 duration:0.028s]
2026-06-03 21:39:52,697 INFO Progress: 39000/51354 (66.3/s) — ETA 186s
2026-06-03 21:39:52,700 INFO POST http://localhost:9200/_search/scroll [status:200 duration:0.003s]
2026-06-03 21:39:52,930 INFO HTTP Request: POST https://open.bigmodel.cn/api/paas/v4/embeddings "HTTP/1.1 200 OK"
2026-06-03 21:39:53,018 INFO PUT http://localhost:9200/_bulk?refresh=false [status:200 duration:0.029s]
2026-06-03 21:39:53,019 INFO Progress: 39020/51354 (66.3/s) — ETA 186s
2026-06-03 21:39:53,021 INFO POST http://localhost:9200/_search/scroll [status:200 duration:0.002s]
2026-06-03 21:39:53,212 INFO HTTP Request: POST https://open.bigmodel.cn/api/paas/v4/embeddings "HTTP/1.1 200 OK"
2026-06-03 21:39:53,275 INFO PUT http://localhost:9200/_bulk?refresh=false [status:200 duration:0.027s]
2026-06-03 21:39:53,275 INFO Progress: 39040/51354 (66.3/s) — ETA 186s
2026-06-03 21:39:53,278 INFO POST http://localhost:9200/_search/scroll [status:200 duration:0.003s]
2026-06-03 21:39:53,480 INFO HTTP Request: POST https://open.bigmodel.cn/api/paas/v4/embeddings "HTTP/1.1 200 OK"
2026-06-03 21:39:53,566 INFO PUT http://localhost:9200/_bulk?refresh=false [status:200 duration:0.032s]
2026-06-03 21:39:53,566 INFO Progress: 39060/51354 (66.3/s) — ETA 185s
2026-06-03 21:39:53,569 INFO POST http://localhost:9200/_search/scroll [status:200 duration:0.003s]
2026-06-03 21:39:53,758 INFO HTTP Request: POST https://open.bigmodel.cn/api/paas/v4/embeddings "HTTP/1.1 200 OK"
2026-06-03 21:39:53,840 INFO PUT http://localhost:9200/_bulk?refresh=false [status:200 duration:0.029s]
2026-06-03 21:39:53,841 INFO Progress: 39080/51354 (66.4/s) — ETA 185s
2026-06-03 21:39:53,843 INFO POST http://localhost:9200/_search/scroll [status:200 duration:0.003s]
2026-06-03 21:39:54,138 INFO HTTP Request: POST https://open.bigmodel.cn/api/paas/v4/embeddings "HTTP/1.1 200 OK"
2026-06-03 21:39:54,227 INFO PUT http://localhost:9200/_bulk?refresh=false [status:200 duration:0.030s]
2026-06-03 21:39:54,227 INFO Progress: 39100/51354 (66.3/s) — ETA 185s
2026-06-03 21:39:54,231 INFO POST http://localhost:9200/_search/scroll [status:200 duration:0.003s]
2026-06-03 21:39:54,470 INFO HTTP Request: POST https://open.bigmodel.cn/api/paas/v4/embeddings "HTTP/1.1 200 OK"
2026-06-03 21:39:54,561 INFO PUT http://localhost:9200/_bulk?refresh=false [status:200 duration:0.031s]
2026-06-03 21:39:54,561 INFO Progress: 39120/51354 (66.3/s) — ETA 184s
2026-06-03 21:39:54,564 INFO POST http://localhost:9200/_search/scroll [status:200 duration:0.003s]
2026-06-03 21:39:54,798 INFO HTTP Request: POST https://open.bigmodel.cn/api/paas/v4/embeddings "HTTP/1.1 200 OK"
2026-06-03 21:39:54,883 INFO PUT http://localhost:9200/_bulk?refresh=false [status:200 duration:0.027s]
2026-06-03 21:39:54,883 INFO Progress: 39140/51354 (66.3/s) — ETA 184s
2026-06-03 21:39:54,886 INFO POST http://localhost:9200/_search/scroll [status:200 duration:0.002s]
2026-06-03 21:39:55,155 INFO HTTP Request: POST https://open.bigmodel.cn/api/paas/v4/embeddings "HTTP/1.1 200 OK"
2026-06-03 21:39:55,239 INFO PUT http://localhost:9200/_bulk?refresh=false [status:200 duration:0.027s]
2026-06-03 21:39:55,240 INFO Progress: 39160/51354 (66.3/s) — ETA 184s
2026-06-03 21:39:55,242 INFO POST http://localhost:9200/_search/scroll [status:200 duration:0.002s]
2026-06-03 21:39:55,456 INFO HTTP Request: POST https://open.bigmodel.cn/api/paas/v4/embeddings "HTTP/1.1 200 OK"
2026-06-03 21:39:55,546 INFO PUT http://localhost:9200/_bulk?refresh=false [status:200 duration:0.030s]
2026-06-03 21:39:55,546 INFO Progress: 39180/51354 (66.3/s) — ETA 184s
2026-06-03 21:39:55,548 INFO POST http://localhost:9200/_search/scroll [status:200 duration:0.002s]
2026-06-03 21:39:55,763 INFO HTTP Request: POST https://open.bigmodel.cn/api/paas/v4/embeddings "HTTP/1.1 200 OK"
2026-06-03 21:39:55,831 INFO PUT http://localhost:9200/_bulk?refresh=false [status:200 duration:0.030s]
2026-06-03 21:39:55,831 INFO Progress: 39200/51354 (66.3/s) — ETA 183s
2026-06-03 21:39:55,834 INFO POST http://localhost:9200/_search/scroll [status:200 duration:0.003s]
2026-06-03 21:39:56,031 INFO HTTP Request: POST https://open.bigmodel.cn/api/paas/v4/embeddings "HTTP/1.1 200 OK"
2026-06-03 21:39:56,112 INFO PUT http://localhost:9200/_bulk?refresh=false [status:200 duration:0.028s]
2026-06-03 21:39:56,112 INFO Progress: 39220/51354 (66.3/s) — ETA 183s
2026-06-03 21:39:56,115 INFO POST http://localhost:9200/_search/scroll [status:200 duration:0.002s]
2026-06-03 21:39:56,318 INFO HTTP Request: POST https://open.bigmodel.cn/api/paas/v4/embeddings "HTTP/1.1 200 OK"
2026-06-03 21:39:56,401 INFO PUT http://localhost:9200/_bulk?refresh=false [status:200 duration:0.029s]
2026-06-03 21:39:56,402 INFO Progress: 39240/51354 (66.3/s) — ETA 183s
2026-06-03 21:39:56,404 INFO POST http://localhost:9200/_search/scroll [status:200 duration:0.003s]
2026-06-03 21:39:56,643 INFO HTTP Request: POST https://open.bigmodel.cn/api/paas/v4/embeddings "HTTP/1.1 200 OK"
2026-06-03 21:39:56,737 INFO PUT http://localhost:9200/_bulk?refresh=false [status:200 duration:0.034s]
2026-06-03 21:39:56,737 INFO Progress: 39260/51354 (66.3/s) — ETA 182s
2026-06-03 21:39:56,740 INFO POST http://localhost:9200/_search/scroll [status:200 duration:0.002s]
2026-06-03 21:39:56,939 INFO HTTP Request: POST https://open.bigmodel.cn/api/paas/v4/embeddings "HTTP/1.1 200 OK"
2026-06-03 21:39:57,029 INFO PUT http://localhost:9200/_bulk?refresh=false [status:200 duration:0.031s]
2026-06-03 21:39:57,029 INFO Progress: 39280/51354 (66.3/s) — ETA 182s
2026-06-03 21:39:57,032 INFO POST http://localhost:9200/_search/scroll [status:200 duration:0.003s]
2026-06-03 21:39:57,209 INFO HTTP Request: POST https://open.bigmodel.cn/api/paas/v4/embeddings "HTTP/1.1 200 OK"
2026-06-03 21:39:57,299 INFO PUT http://localhost:9200/_bulk?refresh=false [status:200 duration:0.033s]
2026-06-03 21:39:57,300 INFO Progress: 39300/51354 (66.3/s) — ETA 182s
2026-06-03 21:39:57,302 INFO POST http://localhost:9200/_search/scroll [status:200 duration:0.003s]
2026-06-03 21:39:57,478 INFO HTTP Request: POST https://open.bigmodel.cn/api/paas/v4/embeddings "HTTP/1.1 200 OK"
2026-06-03 21:39:57,555 INFO PUT http://localhost:9200/_bulk?refresh=false [status:200 duration:0.029s]
2026-06-03 21:39:57,556 INFO Progress: 39320/51354 (66.3/s) — ETA 181s
2026-06-03 21:39:57,558 INFO POST http://localhost:9200/_search/scroll [status:200 duration:0.002s]
2026-06-03 21:39:57,810 INFO HTTP Request: POST https://open.bigmodel.cn/api/paas/v4/embeddings "HTTP/1.1 200 OK"
2026-06-03 21:39:57,877 INFO PUT http://localhost:9200/_bulk?refresh=false [status:200 duration:0.030s]
2026-06-03 21:39:57,877 INFO Progress: 39340/51354 (66.3/s) — ETA 181s
2026-06-03 21:39:57,880 INFO POST http://localhost:9200/_search/scroll [status:200 duration:0.003s]
2026-06-03 21:39:58,113 INFO HTTP Request: POST https://open.bigmodel.cn/api/paas/v4/embeddings "HTTP/1.1 200 OK"
2026-06-03 21:39:58,193 INFO PUT http://localhost:9200/_bulk?refresh=false [status:200 duration:0.030s]
2026-06-03 21:39:58,193 INFO Progress: 39360/51354 (66.3/s) — ETA 181s
2026-06-03 21:39:58,196 INFO POST http://localhost:9200/_search/scroll [status:200 duration:0.003s]
2026-06-03 21:39:58,420 INFO HTTP Request: POST https://open.bigmodel.cn/api/paas/v4/embeddings "HTTP/1.1 200 OK"
2026-06-03 21:39:58,511 INFO PUT http://localhost:9200/_bulk?refresh=false [status:200 duration:0.030s]
2026-06-03 21:39:58,511 INFO Progress: 39380/51354 (66.3/s) — ETA 181s
2026-06-03 21:39:58,514 INFO POST http://localhost:9200/_search/scroll [status:200 duration:0.003s]
2026-06-03 21:39:58,727 INFO HTTP Request: POST https://open.bigmodel.cn/api/paas/v4/embeddings "HTTP/1.1 200 OK"
2026-06-03 21:39:58,815 INFO PUT http://localhost:9200/_bulk?refresh=false [status:200 duration:0.027s]
2026-06-03 21:39:58,815 INFO Progress: 39400/51354 (66.3/s) — ETA 180s
2026-06-03 21:39:58,818 INFO POST http://localhost:9200/_search/scroll [status:200 duration:0.003s]
2026-06-03 21:39:59,020 INFO HTTP Request: POST https://open.bigmodel.cn/api/paas/v4/embeddings "HTTP/1.1 200 OK"
2026-06-03 21:39:59,112 INFO PUT http://localhost:9200/_bulk?refresh=false [status:200 duration:0.030s]
2026-06-03 21:39:59,112 INFO Progress: 39420/51354 (66.3/s) — ETA 180s
2026-06-03 21:39:59,115 INFO POST http://localhost:9200/_search/scroll [status:200 duration:0.002s]
2026-06-03 21:39:59,309 INFO HTTP Request: POST https://open.bigmodel.cn/api/paas/v4/embeddings "HTTP/1.1 200 OK"
2026-06-03 21:39:59,383 INFO PUT http://localhost:9200/_bulk?refresh=false [status:200 duration:0.029s]
2026-06-03 21:39:59,383 INFO Progress: 39440/51354 (66.3/s) — ETA 180s
2026-06-03 21:39:59,386 INFO POST http://localhost:9200/_search/scroll [status:200 duration:0.002s]
2026-06-03 21:39:59,635 INFO HTTP Request: POST https://open.bigmodel.cn/api/paas/v4/embeddings "HTTP/1.1 200 OK"
2026-06-03 21:39:59,715 INFO PUT http://localhost:9200/_bulk?refresh=false [status:200 duration:0.029s]
2026-06-03 21:39:59,715 INFO Progress: 39460/51354 (66.3/s) — ETA 179s
2026-06-03 21:39:59,718 INFO POST http://localhost:9200/_search/scroll [status:200 duration:0.003s]
2026-06-03 21:39:59,914 INFO HTTP Request: POST https://open.bigmodel.cn/api/paas/v4/embeddings "HTTP/1.1 200 OK"
2026-06-03 21:39:59,986 INFO PUT http://localhost:9200/_bulk?refresh=false [status:200 duration:0.033s]
2026-06-03 21:39:59,986 INFO Progress: 39480/51354 (66.3/s) — ETA 179s
2026-06-03 21:39:59,989 INFO POST http://localhost:9200/_search/scroll [status:200 duration:0.002s]
2026-06-03 21:40:00,183 INFO HTTP Request: POST https://open.bigmodel.cn/api/paas/v4/embeddings "HTTP/1.1 200 OK"
2026-06-03 21:40:00,266 INFO PUT http://localhost:9200/_bulk?refresh=false [status:200 duration:0.025s]
2026-06-03 21:40:00,266 INFO Progress: 39500/51354 (66.3/s) — ETA 179s
2026-06-03 21:40:00,268 INFO POST http://localhost:9200/_search/scroll [status:200 duration:0.002s]
2026-06-03 21:40:00,433 INFO HTTP Request: POST https://open.bigmodel.cn/api/paas/v4/embeddings "HTTP/1.1 200 OK"
2026-06-03 21:40:00,518 INFO PUT http://localhost:9200/_bulk?refresh=false [status:200 duration:0.025s]
2026-06-03 21:40:00,519 INFO Progress: 39520/51354 (66.3/s) — ETA 178s
2026-06-03 21:40:00,521 INFO POST http://localhost:9200/_search/scroll [status:200 duration:0.002s]
2026-06-03 21:40:00,753 INFO HTTP Request: POST https://open.bigmodel.cn/api/paas/v4/embeddings "HTTP/1.1 200 OK"
2026-06-03 21:40:00,834 INFO PUT http://localhost:9200/_bulk?refresh=false [status:200 duration:0.024s]
2026-06-03 21:40:00,834 INFO Progress: 39540/51354 (66.3/s) — ETA 178s
2026-06-03 21:40:00,837 INFO POST http://localhost:9200/_search/scroll [status:200 duration:0.002s]
2026-06-03 21:40:00,997 INFO HTTP Request: POST https://open.bigmodel.cn/api/paas/v4/embeddings "HTTP/1.1 200 OK"
2026-06-03 21:40:01,056 INFO PUT http://localhost:9200/_bulk?refresh=false [status:200 duration:0.024s]
2026-06-03 21:40:01,057 INFO Progress: 39560/51354 (66.4/s) — ETA 178s
2026-06-03 21:40:01,059 INFO POST http://localhost:9200/_search/scroll [status:200 duration:0.003s]
2026-06-03 21:40:01,269 INFO HTTP Request: POST https://open.bigmodel.cn/api/paas/v4/embeddings "HTTP/1.1 200 OK"
2026-06-03 21:40:01,354 INFO PUT http://localhost:9200/_bulk?refresh=false [status:200 duration:0.034s]
2026-06-03 21:40:01,354 INFO Progress: 39580/51354 (66.4/s) — ETA 177s
2026-06-03 21:40:01,357 INFO POST http://localhost:9200/_search/scroll [status:200 duration:0.003s]
2026-06-03 21:40:01,612 INFO HTTP Request: POST https://open.bigmodel.cn/api/paas/v4/embeddings "HTTP/1.1 200 OK"
2026-06-03 21:40:01,678 INFO PUT http://localhost:9200/_bulk?refresh=false [status:200 duration:0.029s]
2026-06-03 21:40:01,679 INFO Progress: 39600/51354 (66.4/s) — ETA 177s
2026-06-03 21:40:01,682 INFO POST http://localhost:9200/_search/scroll [status:200 duration:0.003s]
2026-06-03 21:40:01,950 INFO HTTP Request: POST https://open.bigmodel.cn/api/paas/v4/embeddings "HTTP/1.1 200 OK"
2026-06-03 21:40:02,026 INFO PUT http://localhost:9200/_bulk?refresh=false [status:200 duration:0.030s]
2026-06-03 21:40:02,027 INFO Progress: 39620/51354 (66.3/s) — ETA 177s
2026-06-03 21:40:02,029 INFO POST http://localhost:9200/_search/scroll [status:200 duration:0.003s]
2026-06-03 21:40:02,280 INFO HTTP Request: POST https://open.bigmodel.cn/api/paas/v4/embeddings "HTTP/1.1 200 OK"
2026-06-03 21:40:02,344 INFO PUT http://localhost:9200/_bulk?refresh=false [status:200 duration:0.031s]
2026-06-03 21:40:02,344 INFO Progress: 39640/51354 (66.3/s) — ETA 177s
2026-06-03 21:40:02,347 INFO POST http://localhost:9200/_search/scroll [status:200 duration:0.003s]
2026-06-03 21:40:02,540 INFO HTTP Request: POST https://open.bigmodel.cn/api/paas/v4/embeddings "HTTP/1.1 200 OK"
2026-06-03 21:40:02,613 INFO PUT http://localhost:9200/_bulk?refresh=false [status:200 duration:0.030s]
2026-06-03 21:40:02,613 INFO Progress: 39660/51354 (66.3/s) — ETA 176s
2026-06-03 21:40:02,616 INFO POST http://localhost:9200/_search/scroll [status:200 duration:0.002s]
2026-06-03 21:40:02,817 INFO HTTP Request: POST https://open.bigmodel.cn/api/paas/v4/embeddings "HTTP/1.1 200 OK"
2026-06-03 21:40:02,892 INFO PUT http://localhost:9200/_bulk?refresh=false [status:200 duration:0.030s]
2026-06-03 21:40:02,892 INFO Progress: 39680/51354 (66.4/s) — ETA 176s
2026-06-03 21:40:02,895 INFO POST http://localhost:9200/_search/scroll [status:200 duration:0.003s]
2026-06-03 21:40:03,088 INFO HTTP Request: POST https://open.bigmodel.cn/api/paas/v4/embeddings "HTTP/1.1 200 OK"
2026-06-03 21:40:03,174 INFO PUT http://localhost:9200/_bulk?refresh=false [status:200 duration:0.030s]
2026-06-03 21:40:03,174 INFO Progress: 39700/51354 (66.4/s) — ETA 176s
2026-06-03 21:40:03,177 INFO POST http://localhost:9200/_search/scroll [status:200 duration:0.003s]
2026-06-03 21:40:03,447 INFO HTTP Request: POST https://open.bigmodel.cn/api/paas/v4/embeddings "HTTP/1.1 200 OK"
2026-06-03 21:40:03,528 INFO PUT http://localhost:9200/_bulk?refresh=false [status:200 duration:0.027s]
2026-06-03 21:40:03,528 INFO Progress: 39720/51354 (66.3/s) — ETA 175s
2026-06-03 21:40:03,530 INFO POST http://localhost:9200/_search/scroll [status:200 duration:0.002s]
2026-06-03 21:40:03,738 INFO HTTP Request: POST https://open.bigmodel.cn/api/paas/v4/embeddings "HTTP/1.1 200 OK"
2026-06-03 21:40:03,825 INFO PUT http://localhost:9200/_bulk?refresh=false [status:200 duration:0.028s]
2026-06-03 21:40:03,825 INFO Progress: 39740/51354 (66.3/s) — ETA 175s
2026-06-03 21:40:03,827 INFO POST http://localhost:9200/_search/scroll [status:200 duration:0.003s]
2026-06-03 21:40:04,067 INFO HTTP Request: POST https://open.bigmodel.cn/api/paas/v4/embeddings "HTTP/1.1 200 OK"
2026-06-03 21:40:04,155 INFO PUT http://localhost:9200/_bulk?refresh=false [status:200 duration:0.028s]
2026-06-03 21:40:04,155 INFO Progress: 39760/51354 (66.3/s) — ETA 175s
2026-06-03 21:40:04,158 INFO POST http://localhost:9200/_search/scroll [status:200 duration:0.002s]
2026-06-03 21:40:04,396 INFO HTTP Request: POST https://open.bigmodel.cn/api/paas/v4/embeddings "HTTP/1.1 200 OK"
2026-06-03 21:40:04,464 INFO PUT http://localhost:9200/_bulk?refresh=false [status:200 duration:0.031s]
2026-06-03 21:40:04,464 INFO Progress: 39780/51354 (66.3/s) — ETA 174s
2026-06-03 21:40:04,467 INFO POST http://localhost:9200/_search/scroll [status:200 duration:0.003s]
2026-06-03 21:40:04,672 INFO HTTP Request: POST https://open.bigmodel.cn/api/paas/v4/embeddings "HTTP/1.1 200 OK"
2026-06-03 21:40:04,765 INFO PUT http://localhost:9200/_bulk?refresh=false [status:200 duration:0.031s]
2026-06-03 21:40:04,765 INFO Progress: 39800/51354 (66.3/s) — ETA 174s
2026-06-03 21:40:04,768 INFO POST http://localhost:9200/_search/scroll [status:200 duration:0.003s]
2026-06-03 21:40:04,986 INFO HTTP Request: POST https://open.bigmodel.cn/api/paas/v4/embeddings "HTTP/1.1 200 OK"
2026-06-03 21:40:05,058 INFO PUT http://localhost:9200/_bulk?refresh=false [status:200 duration:0.028s]
2026-06-03 21:40:05,058 INFO Progress: 39820/51354 (66.3/s) — ETA 174s
2026-06-03 21:40:05,061 INFO POST http://localhost:9200/_search/scroll [status:200 duration:0.002s]
2026-06-03 21:40:05,262 INFO HTTP Request: POST https://open.bigmodel.cn/api/paas/v4/embeddings "HTTP/1.1 200 OK"
2026-06-03 21:40:05,349 INFO PUT http://localhost:9200/_bulk?refresh=false [status:200 duration:0.030s]
2026-06-03 21:40:05,349 INFO Progress: 39840/51354 (66.3/s) — ETA 174s
2026-06-03 21:40:05,352 INFO POST http://localhost:9200/_search/scroll [status:200 duration:0.003s]
2026-06-03 21:40:05,567 INFO HTTP Request: POST https://open.bigmodel.cn/api/paas/v4/embeddings "HTTP/1.1 200 OK"
2026-06-03 21:40:05,656 INFO PUT http://localhost:9200/_bulk?refresh=false [status:200 duration:0.032s]
2026-06-03 21:40:05,656 INFO Progress: 39860/51354 (66.3/s) — ETA 173s
2026-06-03 21:40:05,659 INFO POST http://localhost:9200/_search/scroll [status:200 duration:0.002s]
2026-06-03 21:40:05,856 INFO HTTP Request: POST https://open.bigmodel.cn/api/paas/v4/embeddings "HTTP/1.1 200 OK"
2026-06-03 21:40:05,936 INFO PUT http://localhost:9200/_bulk?refresh=false [status:200 duration:0.029s]
2026-06-03 21:40:05,936 INFO Progress: 39880/51354 (66.3/s) — ETA 173s
2026-06-03 21:40:05,939 INFO POST http://localhost:9200/_search/scroll [status:200 duration:0.002s]
2026-06-03 21:40:06,147 INFO HTTP Request: POST https://open.bigmodel.cn/api/paas/v4/embeddings "HTTP/1.1 200 OK"
2026-06-03 21:40:06,230 INFO PUT http://localhost:9200/_bulk?refresh=false [status:200 duration:0.030s]
2026-06-03 21:40:06,230 INFO Progress: 39900/51354 (66.3/s) — ETA 173s
2026-06-03 21:40:06,237 INFO POST http://localhost:9200/_search/scroll [status:200 duration:0.007s]
2026-06-03 21:40:06,452 INFO HTTP Request: POST https://open.bigmodel.cn/api/paas/v4/embeddings "HTTP/1.1 200 OK"
2026-06-03 21:40:06,537 INFO PUT http://localhost:9200/_bulk?refresh=false [status:200 duration:0.034s]
2026-06-03 21:40:06,538 INFO Progress: 39920/51354 (66.3/s) — ETA 172s
2026-06-03 21:40:06,542 INFO POST http://localhost:9200/_search/scroll [status:200 duration:0.004s]
2026-06-03 21:40:06,721 INFO HTTP Request: POST https://open.bigmodel.cn/api/paas/v4/embeddings "HTTP/1.1 200 OK"
2026-06-03 21:40:06,805 INFO PUT http://localhost:9200/_bulk?refresh=false [status:200 duration:0.026s]
2026-06-03 21:40:06,805 INFO Progress: 39940/51354 (66.4/s) — ETA 172s
2026-06-03 21:40:06,808 INFO POST http://localhost:9200/_search/scroll [status:200 duration:0.003s]
2026-06-03 21:40:06,996 INFO HTTP Request: POST https://open.bigmodel.cn/api/paas/v4/embeddings "HTTP/1.1 200 OK"
2026-06-03 21:40:07,085 INFO PUT http://localhost:9200/_bulk?refresh=false [status:200 duration:0.029s]
2026-06-03 21:40:07,085 INFO Progress: 39960/51354 (66.4/s) — ETA 172s
2026-06-03 21:40:07,089 INFO POST http://localhost:9200/_search/scroll [status:200 duration:0.003s]
2026-06-03 21:40:07,327 INFO HTTP Request: POST https://open.bigmodel.cn/api/paas/v4/embeddings "HTTP/1.1 200 OK"
2026-06-03 21:40:07,412 INFO PUT http://localhost:9200/_bulk?refresh=false [status:200 duration:0.026s]
2026-06-03 21:40:07,412 INFO Progress: 39980/51354 (66.4/s) — ETA 171s
2026-06-03 21:40:07,414 INFO POST http://localhost:9200/_search/scroll [status:200 duration:0.002s]
2026-06-03 21:40:07,608 INFO HTTP Request: POST https://open.bigmodel.cn/api/paas/v4/embeddings "HTTP/1.1 200 OK"
2026-06-03 21:40:07,669 INFO PUT http://localhost:9200/_bulk?refresh=false [status:200 duration:0.026s]
2026-06-03 21:40:07,669 INFO Progress: 40000/51354 (66.4/s) — ETA 171s
2026-06-03 21:40:07,672 INFO POST http://localhost:9200/_search/scroll [status:200 duration:0.002s]
2026-06-03 21:40:07,882 INFO HTTP Request: POST https://open.bigmodel.cn/api/paas/v4/embeddings "HTTP/1.1 200 OK"
2026-06-03 21:40:08,249 INFO PUT http://localhost:9200/_bulk?refresh=false [status:200 duration:0.306s]
2026-06-03 21:40:08,250 INFO Progress: 40020/51354 (66.3/s) — ETA 171s
2026-06-03 21:40:08,252 INFO POST http://localhost:9200/_search/scroll [status:200 duration:0.003s]
2026-06-03 21:40:08,473 INFO HTTP Request: POST https://open.bigmodel.cn/api/paas/v4/embeddings "HTTP/1.1 200 OK"
2026-06-03 21:40:08,907 INFO PUT http://localhost:9200/_bulk?refresh=false [status:200 duration:0.375s]
2026-06-03 21:40:08,908 INFO Progress: 40040/51354 (66.3/s) — ETA 171s
2026-06-03 21:40:08,911 INFO POST http://localhost:9200/_search/scroll [status:200 duration:0.003s]
2026-06-03 21:40:09,097 INFO HTTP Request: POST https://open.bigmodel.cn/api/paas/v4/embeddings "HTTP/1.1 200 OK"
2026-06-03 21:40:09,237 INFO PUT http://localhost:9200/_bulk?refresh=false [status:200 duration:0.094s]
2026-06-03 21:40:09,237 INFO Progress: 40060/51354 (66.3/s) — ETA 170s
2026-06-03 21:40:09,240 INFO POST http://localhost:9200/_search/scroll [status:200 duration:0.003s]
2026-06-03 21:40:09,491 INFO HTTP Request: POST https://open.bigmodel.cn/api/paas/v4/embeddings "HTTP/1.1 200 OK"
2026-06-03 21:40:09,574 INFO PUT http://localhost:9200/_bulk?refresh=false [status:200 duration:0.025s]
2026-06-03 21:40:09,574 INFO Progress: 40080/51354 (66.3/s) — ETA 170s
2026-06-03 21:40:09,577 INFO POST http://localhost:9200/_search/scroll [status:200 duration:0.002s]
2026-06-03 21:40:09,810 INFO HTTP Request: POST https://open.bigmodel.cn/api/paas/v4/embeddings "HTTP/1.1 200 OK"
2026-06-03 21:40:09,891 INFO PUT http://localhost:9200/_bulk?refresh=false [status:200 duration:0.023s]
2026-06-03 21:40:09,891 INFO Progress: 40100/51354 (66.3/s) — ETA 170s
2026-06-03 21:40:09,894 INFO POST http://localhost:9200/_search/scroll [status:200 duration:0.003s]
2026-06-03 21:40:10,129 INFO HTTP Request: POST https://open.bigmodel.cn/api/paas/v4/embeddings "HTTP/1.1 200 OK"
2026-06-03 21:40:10,190 INFO PUT http://localhost:9200/_bulk?refresh=false [status:200 duration:0.025s]
2026-06-03 21:40:10,190 INFO Progress: 40120/51354 (66.3/s) — ETA 169s
2026-06-03 21:40:10,193 INFO POST http://localhost:9200/_search/scroll [status:200 duration:0.003s]
2026-06-03 21:40:10,408 INFO HTTP Request: POST https://open.bigmodel.cn/api/paas/v4/embeddings "HTTP/1.1 200 OK"
2026-06-03 21:40:10,466 INFO PUT http://localhost:9200/_bulk?refresh=false [status:200 duration:0.022s]
2026-06-03 21:40:10,467 INFO Progress: 40140/51354 (66.3/s) — ETA 169s
2026-06-03 21:40:10,469 INFO POST http://localhost:9200/_search/scroll [status:200 duration:0.003s]
2026-06-03 21:40:10,671 INFO HTTP Request: POST https://open.bigmodel.cn/api/paas/v4/embeddings "HTTP/1.1 200 OK"
2026-06-03 21:40:10,753 INFO PUT http://localhost:9200/_bulk?refresh=false [status:200 duration:0.024s]
2026-06-03 21:40:10,753 INFO Progress: 40160/51354 (66.3/s) — ETA 169s
2026-06-03 21:40:10,756 INFO POST http://localhost:9200/_search/scroll [status:200 duration:0.002s]
2026-06-03 21:40:10,959 INFO HTTP Request: POST https://open.bigmodel.cn/api/paas/v4/embeddings "HTTP/1.1 200 OK"
2026-06-03 21:40:11,039 INFO PUT http://localhost:9200/_bulk?refresh=false [status:200 duration:0.023s]
2026-06-03 21:40:11,039 INFO Progress: 40180/51354 (66.3/s) — ETA 169s
2026-06-03 21:40:11,042 INFO POST http://localhost:9200/_search/scroll [status:200 duration:0.003s]
2026-06-03 21:40:11,278 INFO HTTP Request: POST https://open.bigmodel.cn/api/paas/v4/embeddings "HTTP/1.1 200 OK"
2026-06-03 21:40:11,360 INFO PUT http://localhost:9200/_bulk?refresh=false [status:200 duration:0.027s]
2026-06-03 21:40:11,360 INFO Progress: 40200/51354 (66.3/s) — ETA 168s
2026-06-03 21:40:11,363 INFO POST http://localhost:9200/_search/scroll [status:200 duration:0.003s]
2026-06-03 21:40:11,569 INFO HTTP Request: POST https://open.bigmodel.cn/api/paas/v4/embeddings "HTTP/1.1 200 OK"
2026-06-03 21:40:11,648 INFO PUT http://localhost:9200/_bulk?refresh=false [status:200 duration:0.024s]
2026-06-03 21:40:11,648 INFO Progress: 40220/51354 (66.3/s) — ETA 168s
2026-06-03 21:40:11,651 INFO POST http://localhost:9200/_search/scroll [status:200 duration:0.003s]
2026-06-03 21:40:11,840 INFO HTTP Request: POST https://open.bigmodel.cn/api/paas/v4/embeddings "HTTP/1.1 200 OK"
2026-06-03 21:40:11,920 INFO PUT http://localhost:9200/_bulk?refresh=false [status:200 duration:0.023s]
2026-06-03 21:40:11,920 INFO Progress: 40240/51354 (66.3/s) — ETA 168s
2026-06-03 21:40:11,923 INFO POST http://localhost:9200/_search/scroll [status:200 duration:0.003s]
2026-06-03 21:40:12,138 INFO HTTP Request: POST https://open.bigmodel.cn/api/paas/v4/embeddings "HTTP/1.1 200 OK"
2026-06-03 21:40:12,209 INFO PUT http://localhost:9200/_bulk?refresh=false [status:200 duration:0.024s]
2026-06-03 21:40:12,209 INFO Progress: 40260/51354 (66.3/s) — ETA 167s
2026-06-03 21:40:12,212 INFO POST http://localhost:9200/_search/scroll [status:200 duration:0.002s]
2026-06-03 21:40:12,380 INFO HTTP Request: POST https://open.bigmodel.cn/api/paas/v4/embeddings "HTTP/1.1 200 OK"
2026-06-03 21:40:12,465 INFO PUT http://localhost:9200/_bulk?refresh=false [status:200 duration:0.023s]
2026-06-03 21:40:12,465 INFO Progress: 40280/51354 (66.3/s) — ETA 167s
2026-06-03 21:40:12,468 INFO POST http://localhost:9200/_search/scroll [status:200 duration:0.003s]
2026-06-03 21:40:12,713 INFO HTTP Request: POST https://open.bigmodel.cn/api/paas/v4/embeddings "HTTP/1.1 200 OK"
2026-06-03 21:40:12,773 INFO PUT http://localhost:9200/_bulk?refresh=false [status:200 duration:0.023s]
2026-06-03 21:40:12,773 INFO Progress: 40300/51354 (66.3/s) — ETA 167s
2026-06-03 21:40:12,776 INFO POST http://localhost:9200/_search/scroll [status:200 duration:0.003s]
2026-06-03 21:40:12,954 INFO HTTP Request: POST https://open.bigmodel.cn/api/paas/v4/embeddings "HTTP/1.1 200 OK"
2026-06-03 21:40:13,040 INFO PUT http://localhost:9200/_bulk?refresh=false [status:200 duration:0.024s]
2026-06-03 21:40:13,040 INFO Progress: 40320/51354 (66.3/s) — ETA 166s
2026-06-03 21:40:13,043 INFO POST http://localhost:9200/_search/scroll [status:200 duration:0.003s]
2026-06-03 21:40:13,261 INFO HTTP Request: POST https://open.bigmodel.cn/api/paas/v4/embeddings "HTTP/1.1 200 OK"
2026-06-03 21:40:13,343 INFO PUT http://localhost:9200/_bulk?refresh=false [status:200 duration:0.024s]
2026-06-03 21:40:13,344 INFO Progress: 40340/51354 (66.3/s) — ETA 166s
2026-06-03 21:40:13,346 INFO POST http://localhost:9200/_search/scroll [status:200 duration:0.003s]
2026-06-03 21:40:13,582 INFO HTTP Request: POST https://open.bigmodel.cn/api/paas/v4/embeddings "HTTP/1.1 200 OK"
2026-06-03 21:40:13,652 INFO PUT http://localhost:9200/_bulk?refresh=false [status:200 duration:0.025s]
2026-06-03 21:40:13,652 INFO Progress: 40360/51354 (66.3/s) — ETA 166s
2026-06-03 21:40:13,655 INFO POST http://localhost:9200/_search/scroll [status:200 duration:0.003s]
2026-06-03 21:40:13,853 INFO HTTP Request: POST https://open.bigmodel.cn/api/paas/v4/embeddings "HTTP/1.1 200 OK"
2026-06-03 21:40:13,936 INFO PUT http://localhost:9200/_bulk?refresh=false [status:200 duration:0.025s]
2026-06-03 21:40:13,936 INFO Progress: 40380/51354 (66.3/s) — ETA 166s
2026-06-03 21:40:13,939 INFO POST http://localhost:9200/_search/scroll [status:200 duration:0.002s]
2026-06-03 21:40:14,116 INFO HTTP Request: POST https://open.bigmodel.cn/api/paas/v4/embeddings "HTTP/1.1 200 OK"
2026-06-03 21:40:14,204 INFO PUT http://localhost:9200/_bulk?refresh=false [status:200 duration:0.025s]
2026-06-03 21:40:14,204 INFO Progress: 40400/51354 (66.3/s) — ETA 165s
2026-06-03 21:40:14,206 INFO POST http://localhost:9200/_search/scroll [status:200 duration:0.003s]
2026-06-03 21:40:14,409 INFO HTTP Request: POST https://open.bigmodel.cn/api/paas/v4/embeddings "HTTP/1.1 200 OK"
2026-06-03 21:40:14,471 INFO PUT http://localhost:9200/_bulk?refresh=false [status:200 duration:0.024s]
2026-06-03 21:40:14,471 INFO Progress: 40420/51354 (66.3/s) — ETA 165s
2026-06-03 21:40:14,473 INFO POST http://localhost:9200/_search/scroll [status:200 duration:0.003s]
2026-06-03 21:40:14,656 INFO HTTP Request: POST https://open.bigmodel.cn/api/paas/v4/embeddings "HTTP/1.1 200 OK"
2026-06-03 21:40:14,716 INFO PUT http://localhost:9200/_bulk?refresh=false [status:200 duration:0.024s]
2026-06-03 21:40:14,717 INFO Progress: 40440/51354 (66.3/s) — ETA 165s
2026-06-03 21:40:14,719 INFO POST http://localhost:9200/_search/scroll [status:200 duration:0.003s]
2026-06-03 21:40:14,921 INFO HTTP Request: POST https://open.bigmodel.cn/api/paas/v4/embeddings "HTTP/1.1 200 OK"
2026-06-03 21:40:15,005 INFO PUT http://localhost:9200/_bulk?refresh=false [status:200 duration:0.027s]
2026-06-03 21:40:15,006 INFO Progress: 40460/51354 (66.3/s) — ETA 164s
2026-06-03 21:40:15,009 INFO POST http://localhost:9200/_search/scroll [status:200 duration:0.003s]
2026-06-03 21:40:15,260 INFO HTTP Request: POST https://open.bigmodel.cn/api/paas/v4/embeddings "HTTP/1.1 200 OK"
2026-06-03 21:40:15,336 INFO PUT http://localhost:9200/_bulk?refresh=false [status:200 duration:0.024s]
2026-06-03 21:40:15,336 INFO Progress: 40480/51354 (66.3/s) — ETA 164s
2026-06-03 21:40:15,339 INFO POST http://localhost:9200/_search/scroll [status:200 duration:0.002s]
2026-06-03 21:40:15,590 INFO HTTP Request: POST https://open.bigmodel.cn/api/paas/v4/embeddings "HTTP/1.1 200 OK"
2026-06-03 21:40:15,675 INFO PUT http://localhost:9200/_bulk?refresh=false [status:200 duration:0.025s]
2026-06-03 21:40:15,675 INFO Progress: 40500/51354 (66.3/s) — ETA 164s
2026-06-03 21:40:15,678 INFO POST http://localhost:9200/_search/scroll [status:200 duration:0.003s]
2026-06-03 21:40:15,896 INFO HTTP Request: POST https://open.bigmodel.cn/api/paas/v4/embeddings "HTTP/1.1 200 OK"
2026-06-03 21:40:15,978 INFO PUT http://localhost:9200/_bulk?refresh=false [status:200 duration:0.030s]
2026-06-03 21:40:15,978 INFO Progress: 40520/51354 (66.3/s) — ETA 163s
2026-06-03 21:40:15,981 INFO POST http://localhost:9200/_search/scroll [status:200 duration:0.003s]
2026-06-03 21:40:16,161 INFO HTTP Request: POST https://open.bigmodel.cn/api/paas/v4/embeddings "HTTP/1.1 200 OK"
2026-06-03 21:40:16,247 INFO PUT http://localhost:9200/_bulk?refresh=false [status:200 duration:0.025s]
2026-06-03 21:40:16,247 INFO Progress: 40540/51354 (66.3/s) — ETA 163s
2026-06-03 21:40:16,250 INFO POST http://localhost:9200/_search/scroll [status:200 duration:0.003s]
2026-06-03 21:40:16,481 INFO HTTP Request: POST https://open.bigmodel.cn/api/paas/v4/embeddings "HTTP/1.1 200 OK"
2026-06-03 21:40:16,552 INFO PUT http://localhost:9200/_bulk?refresh=false [status:200 duration:0.025s]
2026-06-03 21:40:16,552 INFO Progress: 40560/51354 (66.3/s) — ETA 163s
2026-06-03 21:40:16,555 INFO POST http://localhost:9200/_search/scroll [status:200 duration:0.003s]
2026-06-03 21:40:16,818 INFO HTTP Request: POST https://open.bigmodel.cn/api/paas/v4/embeddings "HTTP/1.1 200 OK"
2026-06-03 21:40:16,880 INFO PUT http://localhost:9200/_bulk?refresh=false [status:200 duration:0.027s]
2026-06-03 21:40:16,880 INFO Progress: 40580/51354 (66.3/s) — ETA 162s
2026-06-03 21:40:16,883 INFO POST http://localhost:9200/_search/scroll [status:200 duration:0.003s]
2026-06-03 21:40:17,130 INFO HTTP Request: POST https://open.bigmodel.cn/api/paas/v4/embeddings "HTTP/1.1 200 OK"
2026-06-03 21:40:17,212 INFO PUT http://localhost:9200/_bulk?refresh=false [status:200 duration:0.026s]
2026-06-03 21:40:17,212 INFO Progress: 40600/51354 (66.3/s) — ETA 162s
2026-06-03 21:40:17,215 INFO POST http://localhost:9200/_search/scroll [status:200 duration:0.003s]
2026-06-03 21:40:17,419 INFO HTTP Request: POST https://open.bigmodel.cn/api/paas/v4/embeddings "HTTP/1.1 200 OK"
2026-06-03 21:40:17,503 INFO PUT http://localhost:9200/_bulk?refresh=false [status:200 duration:0.025s]
2026-06-03 21:40:17,503 INFO Progress: 40620/51354 (66.3/s) — ETA 162s
2026-06-03 21:40:17,506 INFO POST http://localhost:9200/_search/scroll [status:200 duration:0.002s]
2026-06-03 21:40:17,707 INFO HTTP Request: POST https://open.bigmodel.cn/api/paas/v4/embeddings "HTTP/1.1 200 OK"
2026-06-03 21:40:17,790 INFO PUT http://localhost:9200/_bulk?refresh=false [status:200 duration:0.025s]
2026-06-03 21:40:17,790 INFO Progress: 40640/51354 (66.3/s) — ETA 162s
2026-06-03 21:40:17,793 INFO POST http://localhost:9200/_search/scroll [status:200 duration:0.003s]
2026-06-03 21:40:18,009 INFO HTTP Request: POST https://open.bigmodel.cn/api/paas/v4/embeddings "HTTP/1.1 200 OK"
2026-06-03 21:40:18,093 INFO PUT http://localhost:9200/_bulk?refresh=false [status:200 duration:0.025s]
2026-06-03 21:40:18,093 INFO Progress: 40660/51354 (66.3/s) — ETA 161s
2026-06-03 21:40:18,096 INFO POST http://localhost:9200/_search/scroll [status:200 duration:0.003s]
2026-06-03 21:40:18,278 INFO HTTP Request: POST https://open.bigmodel.cn/api/paas/v4/embeddings "HTTP/1.1 200 OK"
2026-06-03 21:40:18,360 INFO PUT http://localhost:9200/_bulk?refresh=false [status:200 duration:0.025s]
2026-06-03 21:40:18,360 INFO Progress: 40680/51354 (66.3/s) — ETA 161s
2026-06-03 21:40:18,363 INFO POST http://localhost:9200/_search/scroll [status:200 duration:0.003s]
2026-06-03 21:40:18,556 INFO HTTP Request: POST https://open.bigmodel.cn/api/paas/v4/embeddings "HTTP/1.1 200 OK"
2026-06-03 21:40:18,638 INFO PUT http://localhost:9200/_bulk?refresh=false [status:200 duration:0.024s]
2026-06-03 21:40:18,639 INFO Progress: 40700/51354 (66.3/s) — ETA 161s
2026-06-03 21:40:18,641 INFO POST http://localhost:9200/_search/scroll [status:200 duration:0.003s]
2026-06-03 21:40:18,851 INFO HTTP Request: POST https://open.bigmodel.cn/api/paas/v4/embeddings "HTTP/1.1 200 OK"
2026-06-03 21:40:18,935 INFO PUT http://localhost:9200/_bulk?refresh=false [status:200 duration:0.027s]
2026-06-03 21:40:18,935 INFO Progress: 40720/51354 (66.3/s) — ETA 160s
2026-06-03 21:40:18,938 INFO POST http://localhost:9200/_search/scroll [status:200 duration:0.003s]
2026-06-03 21:40:19,096 INFO HTTP Request: POST https://open.bigmodel.cn/api/paas/v4/embeddings "HTTP/1.1 200 OK"
2026-06-03 21:40:19,178 INFO PUT http://localhost:9200/_bulk?refresh=false [status:200 duration:0.024s]
2026-06-03 21:40:19,178 INFO Progress: 40740/51354 (66.3/s) — ETA 160s
2026-06-03 21:40:19,181 INFO POST http://localhost:9200/_search/scroll [status:200 duration:0.003s]
2026-06-03 21:40:19,414 INFO HTTP Request: POST https://open.bigmodel.cn/api/paas/v4/embeddings "HTTP/1.1 200 OK"
2026-06-03 21:40:19,475 INFO PUT http://localhost:9200/_bulk?refresh=false [status:200 duration:0.025s]
2026-06-03 21:40:19,475 INFO Progress: 40760/51354 (66.3/s) — ETA 160s
2026-06-03 21:40:19,478 INFO POST http://localhost:9200/_search/scroll [status:200 duration:0.003s]
2026-06-03 21:40:19,661 INFO HTTP Request: POST https://open.bigmodel.cn/api/paas/v4/embeddings "HTTP/1.1 200 OK"
2026-06-03 21:40:19,745 INFO PUT http://localhost:9200/_bulk?refresh=false [status:200 duration:0.025s]
2026-06-03 21:40:19,745 INFO Progress: 40780/51354 (66.3/s) — ETA 159s
2026-06-03 21:40:19,748 INFO POST http://localhost:9200/_search/scroll [status:200 duration:0.003s]
2026-06-03 21:40:19,919 INFO HTTP Request: POST https://open.bigmodel.cn/api/paas/v4/embeddings "HTTP/1.1 200 OK"
2026-06-03 21:40:20,006 INFO PUT http://localhost:9200/_bulk?refresh=false [status:200 duration:0.026s]
2026-06-03 21:40:20,006 INFO Progress: 40800/51354 (66.3/s) — ETA 159s
2026-06-03 21:40:20,009 INFO POST http://localhost:9200/_search/scroll [status:200 duration:0.003s]
2026-06-03 21:40:20,210 INFO HTTP Request: POST https://open.bigmodel.cn/api/paas/v4/embeddings "HTTP/1.1 200 OK"
2026-06-03 21:40:20,290 INFO PUT http://localhost:9200/_bulk?refresh=false [status:200 duration:0.034s]
2026-06-03 21:40:20,290 INFO Progress: 40820/51354 (66.3/s) — ETA 159s
2026-06-03 21:40:20,295 INFO POST http://localhost:9200/_search/scroll [status:200 duration:0.005s]
2026-06-03 21:40:20,477 INFO HTTP Request: POST https://open.bigmodel.cn/api/paas/v4/embeddings "HTTP/1.1 200 OK"
2026-06-03 21:40:20,566 INFO PUT http://localhost:9200/_bulk?refresh=false [status:200 duration:0.028s]
2026-06-03 21:40:20,566 INFO Progress: 40840/51354 (66.3/s) — ETA 159s
2026-06-03 21:40:20,570 INFO POST http://localhost:9200/_search/scroll [status:200 duration:0.004s]
2026-06-03 21:40:20,738 INFO HTTP Request: POST https://open.bigmodel.cn/api/paas/v4/embeddings "HTTP/1.1 200 OK"
2026-06-03 21:40:20,802 INFO PUT http://localhost:9200/_bulk?refresh=false [status:200 duration:0.026s]
2026-06-03 21:40:20,802 INFO Progress: 40860/51354 (66.3/s) — ETA 158s
2026-06-03 21:40:20,805 INFO POST http://localhost:9200/_search/scroll [status:200 duration:0.002s]
2026-06-03 21:40:21,010 INFO HTTP Request: POST https://open.bigmodel.cn/api/paas/v4/embeddings "HTTP/1.1 200 OK"
2026-06-03 21:40:21,097 INFO PUT http://localhost:9200/_bulk?refresh=false [status:200 duration:0.025s]
2026-06-03 21:40:21,097 INFO Progress: 40880/51354 (66.3/s) — ETA 158s
2026-06-03 21:40:21,100 INFO POST http://localhost:9200/_search/scroll [status:200 duration:0.003s]
2026-06-03 21:40:21,300 INFO HTTP Request: POST https://open.bigmodel.cn/api/paas/v4/embeddings "HTTP/1.1 200 OK"
2026-06-03 21:40:21,386 INFO PUT http://localhost:9200/_bulk?refresh=false [status:200 duration:0.027s]
2026-06-03 21:40:21,387 INFO Progress: 40900/51354 (66.3/s) — ETA 158s
2026-06-03 21:40:21,389 INFO POST http://localhost:9200/_search/scroll [status:200 duration:0.003s]
2026-06-03 21:40:21,566 INFO HTTP Request: POST https://open.bigmodel.cn/api/paas/v4/embeddings "HTTP/1.1 200 OK"
2026-06-03 21:40:21,651 INFO PUT http://localhost:9200/_bulk?refresh=false [status:200 duration:0.025s]
2026-06-03 21:40:21,651 INFO Progress: 40920/51354 (66.3/s) — ETA 157s
2026-06-03 21:40:21,654 INFO POST http://localhost:9200/_search/scroll [status:200 duration:0.003s]
2026-06-03 21:40:21,840 INFO HTTP Request: POST https://open.bigmodel.cn/api/paas/v4/embeddings "HTTP/1.1 200 OK"
2026-06-03 21:40:21,904 INFO PUT http://localhost:9200/_bulk?refresh=false [status:200 duration:0.025s]
2026-06-03 21:40:21,904 INFO Progress: 40940/51354 (66.3/s) — ETA 157s
2026-06-03 21:40:21,906 INFO POST http://localhost:9200/_search/scroll [status:200 duration:0.003s]
2026-06-03 21:40:22,121 INFO HTTP Request: POST https://open.bigmodel.cn/api/paas/v4/embeddings "HTTP/1.1 200 OK"
2026-06-03 21:40:22,202 INFO PUT http://localhost:9200/_bulk?refresh=false [status:200 duration:0.027s]
2026-06-03 21:40:22,202 INFO Progress: 40960/51354 (66.3/s) — ETA 157s
2026-06-03 21:40:22,205 INFO POST http://localhost:9200/_search/scroll [status:200 duration:0.003s]
2026-06-03 21:40:22,373 INFO HTTP Request: POST https://open.bigmodel.cn/api/paas/v4/embeddings "HTTP/1.1 200 OK"
2026-06-03 21:40:22,457 INFO PUT http://localhost:9200/_bulk?refresh=false [status:200 duration:0.027s]
2026-06-03 21:40:22,457 INFO Progress: 40980/51354 (66.4/s) — ETA 156s
2026-06-03 21:40:22,460 INFO POST http://localhost:9200/_search/scroll [status:200 duration:0.003s]
2026-06-03 21:40:22,670 INFO HTTP Request: POST https://open.bigmodel.cn/api/paas/v4/embeddings "HTTP/1.1 200 OK"
2026-06-03 21:40:22,755 INFO PUT http://localhost:9200/_bulk?refresh=false [status:200 duration:0.025s]
2026-06-03 21:40:22,755 INFO Progress: 41000/51354 (66.4/s) — ETA 156s
2026-06-03 21:40:22,758 INFO POST http://localhost:9200/_search/scroll [status:200 duration:0.003s]
2026-06-03 21:40:22,965 INFO HTTP Request: POST https://open.bigmodel.cn/api/paas/v4/embeddings "HTTP/1.1 200 OK"
2026-06-03 21:40:23,033 INFO PUT http://localhost:9200/_bulk?refresh=false [status:200 duration:0.025s]
2026-06-03 21:40:23,033 INFO Progress: 41020/51354 (66.4/s) — ETA 156s
2026-06-03 21:40:23,036 INFO POST http://localhost:9200/_search/scroll [status:200 duration:0.003s]
2026-06-03 21:40:23,220 INFO HTTP Request: POST https://open.bigmodel.cn/api/paas/v4/embeddings "HTTP/1.1 200 OK"
2026-06-03 21:40:23,305 INFO PUT http://localhost:9200/_bulk?refresh=false [status:200 duration:0.027s]
2026-06-03 21:40:23,305 INFO Progress: 41040/51354 (66.4/s) — ETA 155s
2026-06-03 21:40:23,308 INFO POST http://localhost:9200/_search/scroll [status:200 duration:0.003s]
2026-06-03 21:40:23,488 INFO HTTP Request: POST https://open.bigmodel.cn/api/paas/v4/embeddings "HTTP/1.1 200 OK"
2026-06-03 21:40:23,576 INFO PUT http://localhost:9200/_bulk?refresh=false [status:200 duration:0.026s]
2026-06-03 21:40:23,576 INFO Progress: 41060/51354 (66.4/s) — ETA 155s
2026-06-03 21:40:23,579 INFO POST http://localhost:9200/_search/scroll [status:200 duration:0.003s]
2026-06-03 21:40:23,754 INFO HTTP Request: POST https://open.bigmodel.cn/api/paas/v4/embeddings "HTTP/1.1 200 OK"
2026-06-03 21:40:23,835 INFO PUT http://localhost:9200/_bulk?refresh=false [status:200 duration:0.026s]
2026-06-03 21:40:23,836 INFO Progress: 41080/51354 (66.4/s) — ETA 155s
2026-06-03 21:40:23,838 INFO POST http://localhost:9200/_search/scroll [status:200 duration:0.003s]
2026-06-03 21:40:24,042 INFO HTTP Request: POST https://open.bigmodel.cn/api/paas/v4/embeddings "HTTP/1.1 200 OK"
2026-06-03 21:40:24,129 INFO PUT http://localhost:9200/_bulk?refresh=false [status:200 duration:0.027s]
2026-06-03 21:40:24,129 INFO Progress: 41100/51354 (66.4/s) — ETA 154s
2026-06-03 21:40:24,132 INFO POST http://localhost:9200/_search/scroll [status:200 duration:0.002s]
2026-06-03 21:40:24,332 INFO HTTP Request: POST https://open.bigmodel.cn/api/paas/v4/embeddings "HTTP/1.1 200 OK"
2026-06-03 21:40:24,404 INFO PUT http://localhost:9200/_bulk?refresh=false [status:200 duration:0.025s]
2026-06-03 21:40:24,404 INFO Progress: 41120/51354 (66.4/s) — ETA 154s
2026-06-03 21:40:24,406 INFO POST http://localhost:9200/_search/scroll [status:200 duration:0.002s]
2026-06-03 21:40:24,604 INFO HTTP Request: POST https://open.bigmodel.cn/api/paas/v4/embeddings "HTTP/1.1 200 OK"
2026-06-03 21:40:24,696 INFO PUT http://localhost:9200/_bulk?refresh=false [status:200 duration:0.032s]
2026-06-03 21:40:24,696 INFO Progress: 41140/51354 (66.4/s) — ETA 154s
2026-06-03 21:40:24,699 INFO POST http://localhost:9200/_search/scroll [status:200 duration:0.003s]
2026-06-03 21:40:24,871 INFO HTTP Request: POST https://open.bigmodel.cn/api/paas/v4/embeddings "HTTP/1.1 200 OK"
2026-06-03 21:40:24,933 INFO PUT http://localhost:9200/_bulk?refresh=false [status:200 duration:0.025s]
2026-06-03 21:40:24,934 INFO Progress: 41160/51354 (66.4/s) — ETA 154s
2026-06-03 21:40:24,936 INFO POST http://localhost:9200/_search/scroll [status:200 duration:0.003s]
2026-06-03 21:40:25,116 INFO HTTP Request: POST https://open.bigmodel.cn/api/paas/v4/embeddings "HTTP/1.1 200 OK"
2026-06-03 21:40:25,194 INFO PUT http://localhost:9200/_bulk?refresh=false [status:200 duration:0.025s]
2026-06-03 21:40:25,195 INFO Progress: 41180/51354 (66.4/s) — ETA 153s
2026-06-03 21:40:25,197 INFO POST http://localhost:9200/_search/scroll [status:200 duration:0.003s]
2026-06-03 21:40:25,368 INFO HTTP Request: POST https://open.bigmodel.cn/api/paas/v4/embeddings "HTTP/1.1 200 OK"
2026-06-03 21:40:25,445 INFO PUT http://localhost:9200/_bulk?refresh=false [status:200 duration:0.025s]
2026-06-03 21:40:25,446 INFO Progress: 41200/51354 (66.4/s) — ETA 153s
2026-06-03 21:40:25,448 INFO POST http://localhost:9200/_search/scroll [status:200 duration:0.002s]
2026-06-03 21:40:25,709 INFO HTTP Request: POST https://open.bigmodel.cn/api/paas/v4/embeddings "HTTP/1.1 200 OK"
2026-06-03 21:40:25,794 INFO PUT http://localhost:9200/_bulk?refresh=false [status:200 duration:0.027s]
2026-06-03 21:40:25,794 INFO Progress: 41220/51354 (66.4/s) — ETA 153s
2026-06-03 21:40:25,797 INFO POST http://localhost:9200/_search/scroll [status:200 duration:0.003s]
2026-06-03 21:40:26,000 INFO HTTP Request: POST https://open.bigmodel.cn/api/paas/v4/embeddings "HTTP/1.1 200 OK"
2026-06-03 21:40:26,078 INFO PUT http://localhost:9200/_bulk?refresh=false [status:200 duration:0.025s]
2026-06-03 21:40:26,078 INFO Progress: 41240/51354 (66.4/s) — ETA 152s
2026-06-03 21:40:26,081 INFO POST http://localhost:9200/_search/scroll [status:200 duration:0.003s]
2026-06-03 21:40:26,266 INFO HTTP Request: POST https://open.bigmodel.cn/api/paas/v4/embeddings "HTTP/1.1 200 OK"
2026-06-03 21:40:26,350 INFO PUT http://localhost:9200/_bulk?refresh=false [status:200 duration:0.027s]
2026-06-03 21:40:26,350 INFO Progress: 41260/51354 (66.4/s) — ETA 152s
2026-06-03 21:40:26,353 INFO POST http://localhost:9200/_search/scroll [status:200 duration:0.003s]
2026-06-03 21:40:26,553 INFO HTTP Request: POST https://open.bigmodel.cn/api/paas/v4/embeddings "HTTP/1.1 200 OK"
2026-06-03 21:40:26,616 INFO PUT http://localhost:9200/_bulk?refresh=false [status:200 duration:0.026s]
2026-06-03 21:40:26,616 INFO Progress: 41280/51354 (66.4/s) — ETA 152s
2026-06-03 21:40:26,619 INFO POST http://localhost:9200/_search/scroll [status:200 duration:0.003s]
2026-06-03 21:40:26,811 INFO HTTP Request: POST https://open.bigmodel.cn/api/paas/v4/embeddings "HTTP/1.1 200 OK"
2026-06-03 21:40:26,897 INFO PUT http://localhost:9200/_bulk?refresh=false [status:200 duration:0.026s]
2026-06-03 21:40:26,897 INFO Progress: 41300/51354 (66.4/s) — ETA 151s
2026-06-03 21:40:26,900 INFO POST http://localhost:9200/_search/scroll [status:200 duration:0.003s]
2026-06-03 21:40:27,158 INFO HTTP Request: POST https://open.bigmodel.cn/api/paas/v4/embeddings "HTTP/1.1 200 OK"
2026-06-03 21:40:27,227 INFO PUT http://localhost:9200/_bulk?refresh=false [status:200 duration:0.026s]
2026-06-03 21:40:27,227 INFO Progress: 41320/51354 (66.4/s) — ETA 151s
2026-06-03 21:40:27,230 INFO POST http://localhost:9200/_search/scroll [status:200 duration:0.003s]
2026-06-03 21:40:27,439 INFO HTTP Request: POST https://open.bigmodel.cn/api/paas/v4/embeddings "HTTP/1.1 200 OK"
2026-06-03 21:40:27,495 INFO PUT http://localhost:9200/_bulk?refresh=false [status:200 duration:0.026s]
2026-06-03 21:40:27,496 INFO Progress: 41340/51354 (66.4/s) — ETA 151s
2026-06-03 21:40:27,498 INFO POST http://localhost:9200/_search/scroll [status:200 duration:0.003s]
2026-06-03 21:40:27,688 INFO HTTP Request: POST https://open.bigmodel.cn/api/paas/v4/embeddings "HTTP/1.1 200 OK"
2026-06-03 21:40:27,774 INFO PUT http://localhost:9200/_bulk?refresh=false [status:200 duration:0.027s]
2026-06-03 21:40:27,774 INFO Progress: 41360/51354 (66.4/s) — ETA 151s
2026-06-03 21:40:27,777 INFO POST http://localhost:9200/_search/scroll [status:200 duration:0.003s]
2026-06-03 21:40:28,043 INFO HTTP Request: POST https://open.bigmodel.cn/api/paas/v4/embeddings "HTTP/1.1 200 OK"
2026-06-03 21:40:28,112 INFO PUT http://localhost:9200/_bulk?refresh=false [status:200 duration:0.027s]
2026-06-03 21:40:28,113 INFO Progress: 41380/51354 (66.4/s) — ETA 150s
2026-06-03 21:40:28,115 INFO POST http://localhost:9200/_search/scroll [status:200 duration:0.003s]
2026-06-03 21:40:28,309 INFO HTTP Request: POST https://open.bigmodel.cn/api/paas/v4/embeddings "HTTP/1.1 200 OK"
2026-06-03 21:40:28,396 INFO PUT http://localhost:9200/_bulk?refresh=false [status:200 duration:0.026s]
2026-06-03 21:40:28,396 INFO Progress: 41400/51354 (66.4/s) — ETA 150s
2026-06-03 21:40:28,399 INFO POST http://localhost:9200/_search/scroll [status:200 duration:0.003s]
2026-06-03 21:40:28,597 INFO HTTP Request: POST https://open.bigmodel.cn/api/paas/v4/embeddings "HTTP/1.1 200 OK"
2026-06-03 21:40:28,684 INFO PUT http://localhost:9200/_bulk?refresh=false [status:200 duration:0.029s]
2026-06-03 21:40:28,684 INFO Progress: 41420/51354 (66.4/s) — ETA 150s
2026-06-03 21:40:28,687 INFO POST http://localhost:9200/_search/scroll [status:200 duration:0.003s]
2026-06-03 21:40:28,917 INFO HTTP Request: POST https://open.bigmodel.cn/api/paas/v4/embeddings "HTTP/1.1 200 OK"
2026-06-03 21:40:29,004 INFO PUT http://localhost:9200/_bulk?refresh=false [status:200 duration:0.026s]
2026-06-03 21:40:29,004 INFO Progress: 41440/51354 (66.4/s) — ETA 149s
2026-06-03 21:40:29,007 INFO POST http://localhost:9200/_search/scroll [status:200 duration:0.003s]
2026-06-03 21:40:29,236 INFO HTTP Request: POST https://open.bigmodel.cn/api/paas/v4/embeddings "HTTP/1.1 200 OK"
2026-06-03 21:40:29,329 INFO PUT http://localhost:9200/_bulk?refresh=false [status:200 duration:0.031s]
2026-06-03 21:40:29,329 INFO Progress: 41460/51354 (66.4/s) — ETA 149s
2026-06-03 21:40:29,332 INFO POST http://localhost:9200/_search/scroll [status:200 duration:0.003s]
2026-06-03 21:40:29,577 INFO HTTP Request: POST https://open.bigmodel.cn/api/paas/v4/embeddings "HTTP/1.1 200 OK"
2026-06-03 21:40:29,655 INFO PUT http://localhost:9200/_bulk?refresh=false [status:200 duration:0.027s]
2026-06-03 21:40:29,656 INFO Progress: 41480/51354 (66.4/s) — ETA 149s
2026-06-03 21:40:29,658 INFO POST http://localhost:9200/_search/scroll [status:200 duration:0.002s]
2026-06-03 21:40:29,857 INFO HTTP Request: POST https://open.bigmodel.cn/api/paas/v4/embeddings "HTTP/1.1 200 OK"
2026-06-03 21:40:29,931 INFO PUT http://localhost:9200/_bulk?refresh=false [status:200 duration:0.026s]
2026-06-03 21:40:29,931 INFO Progress: 41500/51354 (66.4/s) — ETA 148s
2026-06-03 21:40:29,934 INFO POST http://localhost:9200/_search/scroll [status:200 duration:0.003s]
2026-06-03 21:40:30,133 INFO HTTP Request: POST https://open.bigmodel.cn/api/paas/v4/embeddings "HTTP/1.1 200 OK"
2026-06-03 21:40:30,201 INFO PUT http://localhost:9200/_bulk?refresh=false [status:200 duration:0.026s]
2026-06-03 21:40:30,201 INFO Progress: 41520/51354 (66.4/s) — ETA 148s
2026-06-03 21:40:30,204 INFO POST http://localhost:9200/_search/scroll [status:200 duration:0.002s]
2026-06-03 21:40:30,429 INFO HTTP Request: POST https://open.bigmodel.cn/api/paas/v4/embeddings "HTTP/1.1 200 OK"
2026-06-03 21:40:30,492 INFO PUT http://localhost:9200/_bulk?refresh=false [status:200 duration:0.026s]
2026-06-03 21:40:30,492 INFO Progress: 41540/51354 (66.4/s) — ETA 148s
2026-06-03 21:40:30,495 INFO POST http://localhost:9200/_search/scroll [status:200 duration:0.003s]
2026-06-03 21:40:30,703 INFO HTTP Request: POST https://open.bigmodel.cn/api/paas/v4/embeddings "HTTP/1.1 200 OK"
2026-06-03 21:40:30,788 INFO PUT http://localhost:9200/_bulk?refresh=false [status:200 duration:0.025s]
2026-06-03 21:40:30,788 INFO Progress: 41560/51354 (66.4/s) — ETA 148s
2026-06-03 21:40:30,791 INFO POST http://localhost:9200/_search/scroll [status:200 duration:0.003s]
2026-06-03 21:40:31,025 INFO HTTP Request: POST https://open.bigmodel.cn/api/paas/v4/embeddings "HTTP/1.1 200 OK"
2026-06-03 21:40:31,114 INFO PUT http://localhost:9200/_bulk?refresh=false [status:200 duration:0.028s]
2026-06-03 21:40:31,115 INFO Progress: 41580/51354 (66.4/s) — ETA 147s
2026-06-03 21:40:31,118 INFO POST http://localhost:9200/_search/scroll [status:200 duration:0.003s]
2026-06-03 21:40:31,384 INFO HTTP Request: POST https://open.bigmodel.cn/api/paas/v4/embeddings "HTTP/1.1 200 OK"
2026-06-03 21:40:31,458 INFO PUT http://localhost:9200/_bulk?refresh=false [status:200 duration:0.026s]
2026-06-03 21:40:31,458 INFO Progress: 41600/51354 (66.4/s) — ETA 147s
2026-06-03 21:40:31,461 INFO POST http://localhost:9200/_search/scroll [status:200 duration:0.003s]
2026-06-03 21:40:31,695 INFO HTTP Request: POST https://open.bigmodel.cn/api/paas/v4/embeddings "HTTP/1.1 200 OK"
2026-06-03 21:40:31,770 INFO PUT http://localhost:9200/_bulk?refresh=false [status:200 duration:0.027s]
2026-06-03 21:40:31,770 INFO Progress: 41620/51354 (66.4/s) — ETA 147s
2026-06-03 21:40:31,773 INFO POST http://localhost:9200/_search/scroll [status:200 duration:0.003s]
2026-06-03 21:40:31,946 INFO HTTP Request: POST https://open.bigmodel.cn/api/paas/v4/embeddings "HTTP/1.1 200 OK"
2026-06-03 21:40:32,027 INFO PUT http://localhost:9200/_bulk?refresh=false [status:200 duration:0.027s]
2026-06-03 21:40:32,028 INFO Progress: 41640/51354 (66.4/s) — ETA 146s
2026-06-03 21:40:32,031 INFO POST http://localhost:9200/_search/scroll [status:200 duration:0.003s]
2026-06-03 21:40:32,247 INFO HTTP Request: POST https://open.bigmodel.cn/api/paas/v4/embeddings "HTTP/1.1 200 OK"
2026-06-03 21:40:32,334 INFO PUT http://localhost:9200/_bulk?refresh=false [status:200 duration:0.026s]
2026-06-03 21:40:32,334 INFO Progress: 41660/51354 (66.4/s) — ETA 146s
2026-06-03 21:40:32,337 INFO POST http://localhost:9200/_search/scroll [status:200 duration:0.003s]
2026-06-03 21:40:32,556 INFO HTTP Request: POST https://open.bigmodel.cn/api/paas/v4/embeddings "HTTP/1.1 200 OK"
2026-06-03 21:40:32,618 INFO PUT http://localhost:9200/_bulk?refresh=false [status:200 duration:0.026s]
2026-06-03 21:40:32,618 INFO Progress: 41680/51354 (66.4/s) — ETA 146s
2026-06-03 21:40:32,621 INFO POST http://localhost:9200/_search/scroll [status:200 duration:0.003s]
2026-06-03 21:40:32,870 INFO HTTP Request: POST https://open.bigmodel.cn/api/paas/v4/embeddings "HTTP/1.1 200 OK"
2026-06-03 21:40:32,935 INFO PUT http://localhost:9200/_bulk?refresh=false [status:200 duration:0.027s]
2026-06-03 21:40:32,935 INFO Progress: 41700/51354 (66.4/s) — ETA 145s
2026-06-03 21:40:32,938 INFO POST http://localhost:9200/_search/scroll [status:200 duration:0.003s]
2026-06-03 21:40:33,136 INFO HTTP Request: POST https://open.bigmodel.cn/api/paas/v4/embeddings "HTTP/1.1 200 OK"
2026-06-03 21:40:33,222 INFO PUT http://localhost:9200/_bulk?refresh=false [status:200 duration:0.031s]
2026-06-03 21:40:33,222 INFO Progress: 41720/51354 (66.4/s) — ETA 145s
2026-06-03 21:40:33,225 INFO POST http://localhost:9200/_search/scroll [status:200 duration:0.003s]
2026-06-03 21:40:33,450 INFO HTTP Request: POST https://open.bigmodel.cn/api/paas/v4/embeddings "HTTP/1.1 200 OK"
2026-06-03 21:40:33,521 INFO PUT http://localhost:9200/_bulk?refresh=false [status:200 duration:0.025s]
2026-06-03 21:40:33,521 INFO Progress: 41740/51354 (66.4/s) — ETA 145s
2026-06-03 21:40:33,524 INFO POST http://localhost:9200/_search/scroll [status:200 duration:0.003s]
2026-06-03 21:40:33,702 INFO HTTP Request: POST https://open.bigmodel.cn/api/paas/v4/embeddings "HTTP/1.1 200 OK"
2026-06-03 21:40:33,771 INFO PUT http://localhost:9200/_bulk?refresh=false [status:200 duration:0.025s]
2026-06-03 21:40:33,771 INFO Progress: 41760/51354 (66.4/s) — ETA 144s
2026-06-03 21:40:33,774 INFO POST http://localhost:9200/_search/scroll [status:200 duration:0.003s]
2026-06-03 21:40:33,986 INFO HTTP Request: POST https://open.bigmodel.cn/api/paas/v4/embeddings "HTTP/1.1 200 OK"
2026-06-03 21:40:34,069 INFO PUT http://localhost:9200/_bulk?refresh=false [status:200 duration:0.035s]
2026-06-03 21:40:34,069 INFO Progress: 41780/51354 (66.4/s) — ETA 144s
2026-06-03 21:40:34,074 INFO POST http://localhost:9200/_search/scroll [status:200 duration:0.005s]
2026-06-03 21:40:34,266 INFO HTTP Request: POST https://open.bigmodel.cn/api/paas/v4/embeddings "HTTP/1.1 200 OK"
2026-06-03 21:40:34,356 INFO PUT http://localhost:9200/_bulk?refresh=false [status:200 duration:0.030s]
2026-06-03 21:40:34,356 INFO Progress: 41800/51354 (66.4/s) — ETA 144s
2026-06-03 21:40:34,360 INFO POST http://localhost:9200/_search/scroll [status:200 duration:0.004s]
2026-06-03 21:40:34,543 INFO HTTP Request: POST https://open.bigmodel.cn/api/paas/v4/embeddings "HTTP/1.1 200 OK"
2026-06-03 21:40:34,623 INFO PUT http://localhost:9200/_bulk?refresh=false [status:200 duration:0.025s]
2026-06-03 21:40:34,623 INFO Progress: 41820/51354 (66.4/s) — ETA 144s
2026-06-03 21:40:34,626 INFO POST http://localhost:9200/_search/scroll [status:200 duration:0.003s]
2026-06-03 21:40:34,831 INFO HTTP Request: POST https://open.bigmodel.cn/api/paas/v4/embeddings "HTTP/1.1 200 OK"
2026-06-03 21:40:34,913 INFO PUT http://localhost:9200/_bulk?refresh=false [status:200 duration:0.028s]
2026-06-03 21:40:34,914 INFO Progress: 41840/51354 (66.4/s) — ETA 143s
2026-06-03 21:40:34,916 INFO POST http://localhost:9200/_search/scroll [status:200 duration:0.003s]
2026-06-03 21:40:35,116 INFO HTTP Request: POST https://open.bigmodel.cn/api/paas/v4/embeddings "HTTP/1.1 200 OK"
2026-06-03 21:40:35,203 INFO PUT http://localhost:9200/_bulk?refresh=false [status:200 duration:0.026s]
2026-06-03 21:40:35,203 INFO Progress: 41860/51354 (66.4/s) — ETA 143s
2026-06-03 21:40:35,206 INFO POST http://localhost:9200/_search/scroll [status:200 duration:0.003s]
2026-06-03 21:40:35,365 INFO HTTP Request: POST https://open.bigmodel.cn/api/paas/v4/embeddings "HTTP/1.1 200 OK"
2026-06-03 21:40:35,449 INFO PUT http://localhost:9200/_bulk?refresh=false [status:200 duration:0.026s]
2026-06-03 21:40:35,450 INFO Progress: 41880/51354 (66.4/s) — ETA 143s
2026-06-03 21:40:35,453 INFO POST http://localhost:9200/_search/scroll [status:200 duration:0.003s]
2026-06-03 21:40:35,660 INFO HTTP Request: POST https://open.bigmodel.cn/api/paas/v4/embeddings "HTTP/1.1 200 OK"
2026-06-03 21:40:35,747 INFO PUT http://localhost:9200/_bulk?refresh=false [status:200 duration:0.028s]
2026-06-03 21:40:35,747 INFO Progress: 41900/51354 (66.4/s) — ETA 142s
2026-06-03 21:40:35,750 INFO POST http://localhost:9200/_search/scroll [status:200 duration:0.003s]
2026-06-03 21:40:35,966 INFO HTTP Request: POST https://open.bigmodel.cn/api/paas/v4/embeddings "HTTP/1.1 200 OK"
2026-06-03 21:40:36,050 INFO PUT http://localhost:9200/_bulk?refresh=false [status:200 duration:0.026s]
2026-06-03 21:40:36,051 INFO Progress: 41920/51354 (66.4/s) — ETA 142s
2026-06-03 21:40:36,053 INFO POST http://localhost:9200/_search/scroll [status:200 duration:0.003s]
2026-06-03 21:40:36,215 INFO HTTP Request: POST https://open.bigmodel.cn/api/paas/v4/embeddings "HTTP/1.1 200 OK"
2026-06-03 21:40:36,296 INFO PUT http://localhost:9200/_bulk?refresh=false [status:200 duration:0.027s]
2026-06-03 21:40:36,296 INFO Progress: 41940/51354 (66.4/s) — ETA 142s
2026-06-03 21:40:36,299 INFO POST http://localhost:9200/_search/scroll [status:200 duration:0.003s]
2026-06-03 21:40:36,533 INFO HTTP Request: POST https://open.bigmodel.cn/api/paas/v4/embeddings "HTTP/1.1 200 OK"
2026-06-03 21:40:36,610 INFO PUT http://localhost:9200/_bulk?refresh=false [status:200 duration:0.026s]
2026-06-03 21:40:36,610 INFO Progress: 41960/51354 (66.4/s) — ETA 141s
2026-06-03 21:40:36,613 INFO POST http://localhost:9200/_search/scroll [status:200 duration:0.003s]
2026-06-03 21:40:36,782 INFO HTTP Request: POST https://open.bigmodel.cn/api/paas/v4/embeddings "HTTP/1.1 200 OK"
2026-06-03 21:40:36,862 INFO PUT http://localhost:9200/_bulk?refresh=false [status:200 duration:0.026s]
2026-06-03 21:40:36,863 INFO Progress: 41980/51354 (66.4/s) — ETA 141s
2026-06-03 21:40:36,865 INFO POST http://localhost:9200/_search/scroll [status:200 duration:0.003s]
2026-06-03 21:40:37,047 INFO HTTP Request: POST https://open.bigmodel.cn/api/paas/v4/embeddings "HTTP/1.1 200 OK"
2026-06-03 21:40:37,140 INFO PUT http://localhost:9200/_bulk?refresh=false [status:200 duration:0.032s]
2026-06-03 21:40:37,140 INFO Progress: 42000/51354 (66.4/s) — ETA 141s
2026-06-03 21:40:37,143 INFO POST http://localhost:9200/_search/scroll [status:200 duration:0.003s]
2026-06-03 21:40:37,372 INFO HTTP Request: POST https://open.bigmodel.cn/api/paas/v4/embeddings "HTTP/1.1 200 OK"
2026-06-03 21:40:37,457 INFO PUT http://localhost:9200/_bulk?refresh=false [status:200 duration:0.026s]
2026-06-03 21:40:37,457 INFO Progress: 42020/51354 (66.4/s) — ETA 141s
2026-06-03 21:40:37,460 INFO POST http://localhost:9200/_search/scroll [status:200 duration:0.003s]
2026-06-03 21:40:37,671 INFO HTTP Request: POST https://open.bigmodel.cn/api/paas/v4/embeddings "HTTP/1.1 200 OK"
2026-06-03 21:40:37,760 INFO PUT http://localhost:9200/_bulk?refresh=false [status:200 duration:0.027s]
2026-06-03 21:40:37,760 INFO Progress: 42040/51354 (66.4/s) — ETA 140s
2026-06-03 21:40:37,763 INFO POST http://localhost:9200/_search/scroll [status:200 duration:0.003s]
2026-06-03 21:40:38,015 INFO HTTP Request: POST https://open.bigmodel.cn/api/paas/v4/embeddings "HTTP/1.1 200 OK"
2026-06-03 21:40:38,100 INFO PUT http://localhost:9200/_bulk?refresh=false [status:200 duration:0.026s]
2026-06-03 21:40:38,100 INFO Progress: 42060/51354 (66.4/s) — ETA 140s
2026-06-03 21:40:38,103 INFO POST http://localhost:9200/_search/scroll [status:200 duration:0.003s]
2026-06-03 21:40:38,272 INFO HTTP Request: POST https://open.bigmodel.cn/api/paas/v4/embeddings "HTTP/1.1 200 OK"
2026-06-03 21:40:38,355 INFO PUT http://localhost:9200/_bulk?refresh=false [status:200 duration:0.024s]
2026-06-03 21:40:38,355 INFO Progress: 42080/51354 (66.4/s) — ETA 140s
2026-06-03 21:40:38,357 INFO POST http://localhost:9200/_search/scroll [status:200 duration:0.002s]
2026-06-03 21:40:38,551 INFO HTTP Request: POST https://open.bigmodel.cn/api/paas/v4/embeddings "HTTP/1.1 200 OK"
2026-06-03 21:40:38,640 INFO PUT http://localhost:9200/_bulk?refresh=false [status:200 duration:0.030s]
2026-06-03 21:40:38,640 INFO Progress: 42100/51354 (66.4/s) — ETA 139s
2026-06-03 21:40:38,643 INFO POST http://localhost:9200/_search/scroll [status:200 duration:0.003s]
2026-06-03 21:40:38,833 INFO HTTP Request: POST https://open.bigmodel.cn/api/paas/v4/embeddings "HTTP/1.1 200 OK"
2026-06-03 21:40:38,904 INFO PUT http://localhost:9200/_bulk?refresh=false [status:200 duration:0.028s]
2026-06-03 21:40:38,905 INFO Progress: 42120/51354 (66.4/s) — ETA 139s
2026-06-03 21:40:38,907 INFO POST http://localhost:9200/_search/scroll [status:200 duration:0.003s]
2026-06-03 21:40:39,132 INFO HTTP Request: POST https://open.bigmodel.cn/api/paas/v4/embeddings "HTTP/1.1 200 OK"
2026-06-03 21:40:39,213 INFO PUT http://localhost:9200/_bulk?refresh=false [status:200 duration:0.029s]
2026-06-03 21:40:39,214 INFO Progress: 42140/51354 (66.4/s) — ETA 139s
2026-06-03 21:40:39,216 INFO POST http://localhost:9200/_search/scroll [status:200 duration:0.003s]
2026-06-03 21:40:39,429 INFO HTTP Request: POST https://open.bigmodel.cn/api/paas/v4/embeddings "HTTP/1.1 200 OK"
2026-06-03 21:40:39,498 INFO PUT http://localhost:9200/_bulk?refresh=false [status:200 duration:0.028s]
2026-06-03 21:40:39,499 INFO Progress: 42160/51354 (66.4/s) — ETA 138s
2026-06-03 21:40:39,502 INFO POST http://localhost:9200/_search/scroll [status:200 duration:0.003s]
2026-06-03 21:40:39,713 INFO HTTP Request: POST https://open.bigmodel.cn/api/paas/v4/embeddings "HTTP/1.1 200 OK"
2026-06-03 21:40:39,799 INFO PUT http://localhost:9200/_bulk?refresh=false [status:200 duration:0.028s]
2026-06-03 21:40:39,800 INFO Progress: 42180/51354 (66.4/s) — ETA 138s
2026-06-03 21:40:39,803 INFO POST http://localhost:9200/_search/scroll [status:200 duration:0.003s]
2026-06-03 21:40:40,050 INFO HTTP Request: POST https://open.bigmodel.cn/api/paas/v4/embeddings "HTTP/1.1 200 OK"
2026-06-03 21:40:40,136 INFO PUT http://localhost:9200/_bulk?refresh=false [status:200 duration:0.027s]
2026-06-03 21:40:40,136 INFO Progress: 42200/51354 (66.4/s) — ETA 138s
2026-06-03 21:40:40,139 INFO POST http://localhost:9200/_search/scroll [status:200 duration:0.003s]
2026-06-03 21:40:40,390 INFO HTTP Request: POST https://open.bigmodel.cn/api/paas/v4/embeddings "HTTP/1.1 200 OK"
2026-06-03 21:40:40,475 INFO PUT http://localhost:9200/_bulk?refresh=false [status:200 duration:0.027s]
2026-06-03 21:40:40,475 INFO Progress: 42220/51354 (66.4/s) — ETA 138s
2026-06-03 21:40:40,478 INFO POST http://localhost:9200/_search/scroll [status:200 duration:0.003s]
2026-06-03 21:40:40,657 INFO HTTP Request: POST https://open.bigmodel.cn/api/paas/v4/embeddings "HTTP/1.1 200 OK"
2026-06-03 21:40:40,739 INFO PUT http://localhost:9200/_bulk?refresh=false [status:200 duration:0.026s]
2026-06-03 21:40:40,739 INFO Progress: 42240/51354 (66.4/s) — ETA 137s
2026-06-03 21:40:40,742 INFO POST http://localhost:9200/_search/scroll [status:200 duration:0.002s]
2026-06-03 21:40:40,937 INFO HTTP Request: POST https://open.bigmodel.cn/api/paas/v4/embeddings "HTTP/1.1 200 OK"
2026-06-03 21:40:41,024 INFO PUT http://localhost:9200/_bulk?refresh=false [status:200 duration:0.027s]
2026-06-03 21:40:41,024 INFO Progress: 42260/51354 (66.4/s) — ETA 137s
2026-06-03 21:40:41,027 INFO POST http://localhost:9200/_search/scroll [status:200 duration:0.003s]
2026-06-03 21:40:41,184 INFO HTTP Request: POST https://open.bigmodel.cn/api/paas/v4/embeddings "HTTP/1.1 200 OK"
2026-06-03 21:40:41,255 INFO PUT http://localhost:9200/_bulk?refresh=false [status:200 duration:0.027s]
2026-06-03 21:40:41,255 INFO Progress: 42280/51354 (66.4/s) — ETA 137s
2026-06-03 21:40:41,258 INFO POST http://localhost:9200/_search/scroll [status:200 duration:0.003s]
2026-06-03 21:40:41,461 INFO HTTP Request: POST https://open.bigmodel.cn/api/paas/v4/embeddings "HTTP/1.1 200 OK"
2026-06-03 21:40:41,522 INFO PUT http://localhost:9200/_bulk?refresh=false [status:200 duration:0.027s]
2026-06-03 21:40:41,523 INFO Progress: 42300/51354 (66.4/s) — ETA 136s
2026-06-03 21:40:41,525 INFO POST http://localhost:9200/_search/scroll [status:200 duration:0.003s]
2026-06-03 21:40:41,782 INFO HTTP Request: POST https://open.bigmodel.cn/api/paas/v4/embeddings "HTTP/1.1 200 OK"
2026-06-03 21:40:41,865 INFO PUT http://localhost:9200/_bulk?refresh=false [status:200 duration:0.028s]
2026-06-03 21:40:41,865 INFO Progress: 42320/51354 (66.4/s) — ETA 136s
2026-06-03 21:40:41,868 INFO POST http://localhost:9200/_search/scroll [status:200 duration:0.002s]
2026-06-03 21:40:42,073 INFO HTTP Request: POST https://open.bigmodel.cn/api/paas/v4/embeddings "HTTP/1.1 200 OK"
2026-06-03 21:40:42,157 INFO PUT http://localhost:9200/_bulk?refresh=false [status:200 duration:0.027s]
2026-06-03 21:40:42,158 INFO Progress: 42340/51354 (66.4/s) — ETA 136s
2026-06-03 21:40:42,160 INFO POST http://localhost:9200/_search/scroll [status:200 duration:0.002s]
2026-06-03 21:40:42,379 INFO HTTP Request: POST https://open.bigmodel.cn/api/paas/v4/embeddings "HTTP/1.1 200 OK"
2026-06-03 21:40:42,458 INFO PUT http://localhost:9200/_bulk?refresh=false [status:200 duration:0.027s]
2026-06-03 21:40:42,458 INFO Progress: 42360/51354 (66.4/s) — ETA 135s
2026-06-03 21:40:42,461 INFO POST http://localhost:9200/_search/scroll [status:200 duration:0.003s]
2026-06-03 21:40:42,671 INFO HTTP Request: POST https://open.bigmodel.cn/api/paas/v4/embeddings "HTTP/1.1 200 OK"
2026-06-03 21:40:42,756 INFO PUT http://localhost:9200/_bulk?refresh=false [status:200 duration:0.030s]
2026-06-03 21:40:42,757 INFO Progress: 42380/51354 (66.4/s) — ETA 135s
2026-06-03 21:40:42,759 INFO POST http://localhost:9200/_search/scroll [status:200 duration:0.003s]
2026-06-03 21:40:42,967 INFO HTTP Request: POST https://open.bigmodel.cn/api/paas/v4/embeddings "HTTP/1.1 200 OK"
2026-06-03 21:40:43,054 INFO PUT http://localhost:9200/_bulk?refresh=false [status:200 duration:0.027s]
2026-06-03 21:40:43,054 INFO Progress: 42400/51354 (66.4/s) — ETA 135s
2026-06-03 21:40:43,057 INFO POST http://localhost:9200/_search/scroll [status:200 duration:0.003s]
2026-06-03 21:40:43,271 INFO HTTP Request: POST https://open.bigmodel.cn/api/paas/v4/embeddings "HTTP/1.1 200 OK"
2026-06-03 21:40:43,362 INFO PUT http://localhost:9200/_bulk?refresh=false [status:200 duration:0.029s]
2026-06-03 21:40:43,362 INFO Progress: 42420/51354 (66.4/s) — ETA 134s
2026-06-03 21:40:43,365 INFO POST http://localhost:9200/_search/scroll [status:200 duration:0.003s]
2026-06-03 21:40:43,555 INFO HTTP Request: POST https://open.bigmodel.cn/api/paas/v4/embeddings "HTTP/1.1 200 OK"
2026-06-03 21:40:43,637 INFO PUT http://localhost:9200/_bulk?refresh=false [status:200 duration:0.027s]
2026-06-03 21:40:43,637 INFO Progress: 42440/51354 (66.4/s) — ETA 134s
2026-06-03 21:40:43,640 INFO POST http://localhost:9200/_search/scroll [status:200 duration:0.003s]
2026-06-03 21:40:43,882 INFO HTTP Request: POST https://open.bigmodel.cn/api/paas/v4/embeddings "HTTP/1.1 200 OK"
2026-06-03 21:40:43,966 INFO PUT http://localhost:9200/_bulk?refresh=false [status:200 duration:0.027s]
2026-06-03 21:40:43,967 INFO Progress: 42460/51354 (66.4/s) — ETA 134s
2026-06-03 21:40:43,969 INFO POST http://localhost:9200/_search/scroll [status:200 duration:0.002s]
2026-06-03 21:40:44,167 INFO HTTP Request: POST https://open.bigmodel.cn/api/paas/v4/embeddings "HTTP/1.1 200 OK"
2026-06-03 21:40:44,252 INFO PUT http://localhost:9200/_bulk?refresh=false [status:200 duration:0.026s]
2026-06-03 21:40:44,253 INFO Progress: 42480/51354 (66.4/s) — ETA 134s
2026-06-03 21:40:44,256 INFO POST http://localhost:9200/_search/scroll [status:200 duration:0.003s]
2026-06-03 21:40:44,437 INFO HTTP Request: POST https://open.bigmodel.cn/api/paas/v4/embeddings "HTTP/1.1 200 OK"
2026-06-03 21:40:44,510 INFO PUT http://localhost:9200/_bulk?refresh=false [status:200 duration:0.027s]
2026-06-03 21:40:44,510 INFO Progress: 42500/51354 (66.4/s) — ETA 133s
2026-06-03 21:40:44,513 INFO POST http://localhost:9200/_search/scroll [status:200 duration:0.003s]
2026-06-03 21:40:44,712 INFO HTTP Request: POST https://open.bigmodel.cn/api/paas/v4/embeddings "HTTP/1.1 200 OK"
2026-06-03 21:40:44,776 INFO PUT http://localhost:9200/_bulk?refresh=false [status:200 duration:0.028s]
2026-06-03 21:40:44,777 INFO Progress: 42520/51354 (66.4/s) — ETA 133s
2026-06-03 21:40:44,779 INFO POST http://localhost:9200/_search/scroll [status:200 duration:0.003s]
2026-06-03 21:40:44,945 INFO HTTP Request: POST https://open.bigmodel.cn/api/paas/v4/embeddings "HTTP/1.1 200 OK"
2026-06-03 21:40:45,023 INFO PUT http://localhost:9200/_bulk?refresh=false [status:200 duration:0.026s]
2026-06-03 21:40:45,023 INFO Progress: 42540/51354 (66.5/s) — ETA 133s
2026-06-03 21:40:45,026 INFO POST http://localhost:9200/_search/scroll [status:200 duration:0.003s]
2026-06-03 21:40:45,209 INFO HTTP Request: POST https://open.bigmodel.cn/api/paas/v4/embeddings "HTTP/1.1 200 OK"
2026-06-03 21:40:45,275 INFO PUT http://localhost:9200/_bulk?refresh=false [status:200 duration:0.027s]
2026-06-03 21:40:45,276 INFO Progress: 42560/51354 (66.5/s) — ETA 132s
2026-06-03 21:40:45,278 INFO POST http://localhost:9200/_search/scroll [status:200 duration:0.003s]
2026-06-03 21:40:45,496 INFO HTTP Request: POST https://open.bigmodel.cn/api/paas/v4/embeddings "HTTP/1.1 200 OK"
2026-06-03 21:40:45,582 INFO PUT http://localhost:9200/_bulk?refresh=false [status:200 duration:0.027s]
2026-06-03 21:40:45,583 INFO Progress: 42580/51354 (66.5/s) — ETA 132s
2026-06-03 21:40:45,586 INFO POST http://localhost:9200/_search/scroll [status:200 duration:0.003s]
2026-06-03 21:40:45,790 INFO HTTP Request: POST https://open.bigmodel.cn/api/paas/v4/embeddings "HTTP/1.1 200 OK"
2026-06-03 21:40:45,862 INFO PUT http://localhost:9200/_bulk?refresh=false [status:200 duration:0.026s]
2026-06-03 21:40:45,862 INFO Progress: 42600/51354 (66.5/s) — ETA 132s
2026-06-03 21:40:45,865 INFO POST http://localhost:9200/_search/scroll [status:200 duration:0.002s]
2026-06-03 21:40:46,055 INFO HTTP Request: POST https://open.bigmodel.cn/api/paas/v4/embeddings "HTTP/1.1 200 OK"
2026-06-03 21:40:46,140 INFO PUT http://localhost:9200/_bulk?refresh=false [status:200 duration:0.027s]
2026-06-03 21:40:46,141 INFO Progress: 42620/51354 (66.5/s) — ETA 131s
2026-06-03 21:40:46,143 INFO POST http://localhost:9200/_search/scroll [status:200 duration:0.003s]
2026-06-03 21:40:46,326 INFO HTTP Request: POST https://open.bigmodel.cn/api/paas/v4/embeddings "HTTP/1.1 200 OK"
2026-06-03 21:40:46,414 INFO PUT http://localhost:9200/_bulk?refresh=false [status:200 duration:0.030s]
2026-06-03 21:40:46,414 INFO Progress: 42640/51354 (66.5/s) — ETA 131s
2026-06-03 21:40:46,417 INFO POST http://localhost:9200/_search/scroll [status:200 duration:0.003s]
2026-06-03 21:40:46,615 INFO HTTP Request: POST https://open.bigmodel.cn/api/paas/v4/embeddings "HTTP/1.1 200 OK"
2026-06-03 21:40:46,699 INFO PUT http://localhost:9200/_bulk?refresh=false [status:200 duration:0.028s]
2026-06-03 21:40:46,699 INFO Progress: 42660/51354 (66.5/s) — ETA 131s
2026-06-03 21:40:46,703 INFO POST http://localhost:9200/_search/scroll [status:200 duration:0.003s]
2026-06-03 21:40:46,877 INFO HTTP Request: POST https://open.bigmodel.cn/api/paas/v4/embeddings "HTTP/1.1 200 OK"
2026-06-03 21:40:46,965 INFO PUT http://localhost:9200/_bulk?refresh=false [status:200 duration:0.029s]
2026-06-03 21:40:46,966 INFO Progress: 42680/51354 (66.5/s) — ETA 130s
2026-06-03 21:40:46,968 INFO POST http://localhost:9200/_search/scroll [status:200 duration:0.003s]
2026-06-03 21:40:47,185 INFO HTTP Request: POST https://open.bigmodel.cn/api/paas/v4/embeddings "HTTP/1.1 200 OK"
2026-06-03 21:40:47,253 INFO PUT http://localhost:9200/_bulk?refresh=false [status:200 duration:0.026s]
2026-06-03 21:40:47,253 INFO Progress: 42700/51354 (66.5/s) — ETA 130s
2026-06-03 21:40:47,255 INFO POST http://localhost:9200/_search/scroll [status:200 duration:0.002s]
2026-06-03 21:40:47,448 INFO HTTP Request: POST https://open.bigmodel.cn/api/paas/v4/embeddings "HTTP/1.1 200 OK"
2026-06-03 21:40:47,530 INFO PUT http://localhost:9200/_bulk?refresh=false [status:200 duration:0.026s]
2026-06-03 21:40:47,531 INFO Progress: 42720/51354 (66.5/s) — ETA 130s
2026-06-03 21:40:47,533 INFO POST http://localhost:9200/_search/scroll [status:200 duration:0.002s]
2026-06-03 21:40:47,743 INFO HTTP Request: POST https://open.bigmodel.cn/api/paas/v4/embeddings "HTTP/1.1 200 OK"
2026-06-03 21:40:47,831 INFO PUT http://localhost:9200/_bulk?refresh=false [status:200 duration:0.033s]
2026-06-03 21:40:47,831 INFO Progress: 42740/51354 (66.5/s) — ETA 130s
2026-06-03 21:40:47,836 INFO POST http://localhost:9200/_search/scroll [status:200 duration:0.005s]
2026-06-03 21:40:48,028 INFO HTTP Request: POST https://open.bigmodel.cn/api/paas/v4/embeddings "HTTP/1.1 200 OK"
2026-06-03 21:40:48,113 INFO PUT http://localhost:9200/_bulk?refresh=false [status:200 duration:0.031s]
2026-06-03 21:40:48,113 INFO Progress: 42760/51354 (66.5/s) — ETA 129s
2026-06-03 21:40:48,117 INFO POST http://localhost:9200/_search/scroll [status:200 duration:0.004s]
2026-06-03 21:40:48,331 INFO HTTP Request: POST https://open.bigmodel.cn/api/paas/v4/embeddings "HTTP/1.1 200 OK"
2026-06-03 21:40:48,407 INFO PUT http://localhost:9200/_bulk?refresh=false [status:200 duration:0.027s]
2026-06-03 21:40:48,407 INFO Progress: 42780/51354 (66.5/s) — ETA 129s
2026-06-03 21:40:48,410 INFO POST http://localhost:9200/_search/scroll [status:200 duration:0.003s]
2026-06-03 21:40:48,594 INFO HTTP Request: POST https://open.bigmodel.cn/api/paas/v4/embeddings "HTTP/1.1 200 OK"
2026-06-03 21:40:48,671 INFO PUT http://localhost:9200/_bulk?refresh=false [status:200 duration:0.027s]
2026-06-03 21:40:48,671 INFO Progress: 42800/51354 (66.5/s) — ETA 129s
2026-06-03 21:40:48,674 INFO POST http://localhost:9200/_search/scroll [status:200 duration:0.003s]
2026-06-03 21:40:48,916 INFO HTTP Request: POST https://open.bigmodel.cn/api/paas/v4/embeddings "HTTP/1.1 200 OK"
2026-06-03 21:40:48,981 INFO PUT http://localhost:9200/_bulk?refresh=false [status:200 duration:0.028s]
2026-06-03 21:40:48,981 INFO Progress: 42820/51354 (66.5/s) — ETA 128s
2026-06-03 21:40:48,984 INFO POST http://localhost:9200/_search/scroll [status:200 duration:0.003s]
2026-06-03 21:40:49,177 INFO HTTP Request: POST https://open.bigmodel.cn/api/paas/v4/embeddings "HTTP/1.1 200 OK"
2026-06-03 21:40:49,257 INFO PUT http://localhost:9200/_bulk?refresh=false [status:200 duration:0.028s]
2026-06-03 21:40:49,257 INFO Progress: 42840/51354 (66.5/s) — ETA 128s
2026-06-03 21:40:49,260 INFO POST http://localhost:9200/_search/scroll [status:200 duration:0.002s]
2026-06-03 21:40:49,451 INFO HTTP Request: POST https://open.bigmodel.cn/api/paas/v4/embeddings "HTTP/1.1 200 OK"
2026-06-03 21:40:49,513 INFO PUT http://localhost:9200/_bulk?refresh=false [status:200 duration:0.027s]
2026-06-03 21:40:49,514 INFO Progress: 42860/51354 (66.5/s) — ETA 128s
2026-06-03 21:40:49,516 INFO POST http://localhost:9200/_search/scroll [status:200 duration:0.003s]
2026-06-03 21:40:49,707 INFO HTTP Request: POST https://open.bigmodel.cn/api/paas/v4/embeddings "HTTP/1.1 200 OK"
2026-06-03 21:40:49,790 INFO PUT http://localhost:9200/_bulk?refresh=false [status:200 duration:0.025s]
2026-06-03 21:40:49,790 INFO Progress: 42880/51354 (66.5/s) — ETA 127s
2026-06-03 21:40:49,793 INFO POST http://localhost:9200/_search/scroll [status:200 duration:0.003s]
2026-06-03 21:40:50,012 INFO HTTP Request: POST https://open.bigmodel.cn/api/paas/v4/embeddings "HTTP/1.1 200 OK"
2026-06-03 21:40:50,095 INFO PUT http://localhost:9200/_bulk?refresh=false [status:200 duration:0.026s]
2026-06-03 21:40:50,095 INFO Progress: 42900/51354 (66.5/s) — ETA 127s
2026-06-03 21:40:50,098 INFO POST http://localhost:9200/_search/scroll [status:200 duration:0.003s]
2026-06-03 21:40:50,278 INFO HTTP Request: POST https://open.bigmodel.cn/api/paas/v4/embeddings "HTTP/1.1 200 OK"
2026-06-03 21:40:50,365 INFO PUT http://localhost:9200/_bulk?refresh=false [status:200 duration:0.028s]
2026-06-03 21:40:50,365 INFO Progress: 42920/51354 (66.5/s) — ETA 127s
2026-06-03 21:40:50,368 INFO POST http://localhost:9200/_search/scroll [status:200 duration:0.003s]
2026-06-03 21:40:50,545 INFO HTTP Request: POST https://open.bigmodel.cn/api/paas/v4/embeddings "HTTP/1.1 200 OK"
2026-06-03 21:40:50,629 INFO PUT http://localhost:9200/_bulk?refresh=false [status:200 duration:0.028s]
2026-06-03 21:40:50,629 INFO Progress: 42940/51354 (66.5/s) — ETA 127s
2026-06-03 21:40:50,632 INFO POST http://localhost:9200/_search/scroll [status:200 duration:0.003s]
2026-06-03 21:40:50,900 INFO HTTP Request: POST https://open.bigmodel.cn/api/paas/v4/embeddings "HTTP/1.1 200 OK"
2026-06-03 21:40:50,989 INFO PUT http://localhost:9200/_bulk?refresh=false [status:200 duration:0.030s]
2026-06-03 21:40:50,989 INFO Progress: 42960/51354 (66.5/s) — ETA 126s
2026-06-03 21:40:50,992 INFO POST http://localhost:9200/_search/scroll [status:200 duration:0.002s]
2026-06-03 21:40:51,157 INFO HTTP Request: POST https://open.bigmodel.cn/api/paas/v4/embeddings "HTTP/1.1 200 OK"
2026-06-03 21:40:51,247 INFO PUT http://localhost:9200/_bulk?refresh=false [status:200 duration:0.029s]
2026-06-03 21:40:51,247 INFO Progress: 42980/51354 (66.5/s) — ETA 126s
2026-06-03 21:40:51,250 INFO POST http://localhost:9200/_search/scroll [status:200 duration:0.003s]
2026-06-03 21:40:51,439 INFO HTTP Request: POST https://open.bigmodel.cn/api/paas/v4/embeddings "HTTP/1.1 200 OK"
2026-06-03 21:40:51,509 INFO PUT http://localhost:9200/_bulk?refresh=false [status:200 duration:0.027s]
2026-06-03 21:40:51,509 INFO Progress: 43000/51354 (66.5/s) — ETA 126s
2026-06-03 21:40:51,512 INFO POST http://localhost:9200/_search/scroll [status:200 duration:0.002s]
2026-06-03 21:40:51,710 INFO HTTP Request: POST https://open.bigmodel.cn/api/paas/v4/embeddings "HTTP/1.1 200 OK"
2026-06-03 21:40:51,796 INFO PUT http://localhost:9200/_bulk?refresh=false [status:200 duration:0.026s]
2026-06-03 21:40:51,797 INFO Progress: 43020/51354 (66.5/s) — ETA 125s
2026-06-03 21:40:51,799 INFO POST http://localhost:9200/_search/scroll [status:200 duration:0.002s]
2026-06-03 21:40:51,999 INFO HTTP Request: POST https://open.bigmodel.cn/api/paas/v4/embeddings "HTTP/1.1 200 OK"
2026-06-03 21:40:52,088 INFO PUT http://localhost:9200/_bulk?refresh=false [status:200 duration:0.025s]
2026-06-03 21:40:52,088 INFO Progress: 43040/51354 (66.5/s) — ETA 125s
2026-06-03 21:40:52,091 INFO POST http://localhost:9200/_search/scroll [status:200 duration:0.003s]
2026-06-03 21:40:52,250 INFO HTTP Request: POST https://open.bigmodel.cn/api/paas/v4/embeddings "HTTP/1.1 200 OK"
2026-06-03 21:40:52,325 INFO PUT http://localhost:9200/_bulk?refresh=false [status:200 duration:0.029s]
2026-06-03 21:40:52,325 INFO Progress: 43060/51354 (66.5/s) — ETA 125s
2026-06-03 21:40:52,328 INFO POST http://localhost:9200/_search/scroll [status:200 duration:0.003s]
2026-06-03 21:40:52,521 INFO HTTP Request: POST https://open.bigmodel.cn/api/paas/v4/embeddings "HTTP/1.1 200 OK"
2026-06-03 21:40:52,595 INFO PUT http://localhost:9200/_bulk?refresh=false [status:200 duration:0.029s]
2026-06-03 21:40:52,595 INFO Progress: 43080/51354 (66.5/s) — ETA 124s
2026-06-03 21:40:52,598 INFO POST http://localhost:9200/_search/scroll [status:200 duration:0.003s]
2026-06-03 21:40:52,771 INFO HTTP Request: POST https://open.bigmodel.cn/api/paas/v4/embeddings "HTTP/1.1 200 OK"
2026-06-03 21:40:52,857 INFO PUT http://localhost:9200/_bulk?refresh=false [status:200 duration:0.028s]
2026-06-03 21:40:52,857 INFO Progress: 43100/51354 (66.5/s) — ETA 124s
2026-06-03 21:40:52,860 INFO POST http://localhost:9200/_search/scroll [status:200 duration:0.003s]
2026-06-03 21:40:53,058 INFO HTTP Request: POST https://open.bigmodel.cn/api/paas/v4/embeddings "HTTP/1.1 200 OK"
2026-06-03 21:40:53,144 INFO PUT http://localhost:9200/_bulk?refresh=false [status:200 duration:0.028s]
2026-06-03 21:40:53,144 INFO Progress: 43120/51354 (66.5/s) — ETA 124s
2026-06-03 21:40:53,147 INFO POST http://localhost:9200/_search/scroll [status:200 duration:0.003s]
2026-06-03 21:40:53,319 INFO HTTP Request: POST https://open.bigmodel.cn/api/paas/v4/embeddings "HTTP/1.1 200 OK"
2026-06-03 21:40:53,407 INFO PUT http://localhost:9200/_bulk?refresh=false [status:200 duration:0.028s]
2026-06-03 21:40:53,408 INFO Progress: 43140/51354 (66.5/s) — ETA 123s
2026-06-03 21:40:53,410 INFO POST http://localhost:9200/_search/scroll [status:200 duration:0.002s]
2026-06-03 21:40:53,585 INFO HTTP Request: POST https://open.bigmodel.cn/api/paas/v4/embeddings "HTTP/1.1 200 OK"
2026-06-03 21:40:53,671 INFO PUT http://localhost:9200/_bulk?refresh=false [status:200 duration:0.027s]
2026-06-03 21:40:53,671 INFO Progress: 43160/51354 (66.5/s) — ETA 123s
2026-06-03 21:40:53,674 INFO POST http://localhost:9200/_search/scroll [status:200 duration:0.003s]
2026-06-03 21:40:53,904 INFO HTTP Request: POST https://open.bigmodel.cn/api/paas/v4/embeddings "HTTP/1.1 200 OK"
2026-06-03 21:40:53,981 INFO PUT http://localhost:9200/_bulk?refresh=false [status:200 duration:0.025s]
2026-06-03 21:40:53,981 INFO Progress: 43180/51354 (66.5/s) — ETA 123s
2026-06-03 21:40:53,984 INFO POST http://localhost:9200/_search/scroll [status:200 duration:0.003s]
2026-06-03 21:40:54,224 INFO HTTP Request: POST https://open.bigmodel.cn/api/paas/v4/embeddings "HTTP/1.1 200 OK"
2026-06-03 21:40:54,308 INFO PUT http://localhost:9200/_bulk?refresh=false [status:200 duration:0.025s]
2026-06-03 21:40:54,308 INFO Progress: 43200/51354 (66.5/s) — ETA 123s
2026-06-03 21:40:54,311 INFO POST http://localhost:9200/_search/scroll [status:200 duration:0.002s]
2026-06-03 21:40:54,495 INFO HTTP Request: POST https://open.bigmodel.cn/api/paas/v4/embeddings "HTTP/1.1 200 OK"
2026-06-03 21:40:54,579 INFO PUT http://localhost:9200/_bulk?refresh=false [status:200 duration:0.026s]
2026-06-03 21:40:54,579 INFO Progress: 43220/51354 (66.5/s) — ETA 122s
2026-06-03 21:40:54,582 INFO POST http://localhost:9200/_search/scroll [status:200 duration:0.003s]
2026-06-03 21:40:54,815 INFO HTTP Request: POST https://open.bigmodel.cn/api/paas/v4/embeddings "HTTP/1.1 200 OK"
2026-06-03 21:40:54,894 INFO PUT http://localhost:9200/_bulk?refresh=false [status:200 duration:0.028s]
2026-06-03 21:40:54,895 INFO Progress: 43240/51354 (66.5/s) — ETA 122s
2026-06-03 21:40:54,897 INFO POST http://localhost:9200/_search/scroll [status:200 duration:0.002s]
2026-06-03 21:40:55,102 INFO HTTP Request: POST https://open.bigmodel.cn/api/paas/v4/embeddings "HTTP/1.1 200 OK"
2026-06-03 21:40:55,191 INFO PUT http://localhost:9200/_bulk?refresh=false [status:200 duration:0.030s]
2026-06-03 21:40:55,191 INFO Progress: 43260/51354 (66.5/s) — ETA 122s
2026-06-03 21:40:55,194 INFO POST http://localhost:9200/_search/scroll [status:200 duration:0.002s]
2026-06-03 21:40:55,422 INFO HTTP Request: POST https://open.bigmodel.cn/api/paas/v4/embeddings "HTTP/1.1 200 OK"
2026-06-03 21:40:55,480 INFO PUT http://localhost:9200/_bulk?refresh=false [status:200 duration:0.028s]
2026-06-03 21:40:55,480 INFO Progress: 43280/51354 (66.5/s) — ETA 121s
2026-06-03 21:40:55,483 INFO POST http://localhost:9200/_search/scroll [status:200 duration:0.003s]
2026-06-03 21:40:55,703 INFO HTTP Request: POST https://open.bigmodel.cn/api/paas/v4/embeddings "HTTP/1.1 200 OK"
2026-06-03 21:40:55,780 INFO PUT http://localhost:9200/_bulk?refresh=false [status:200 duration:0.031s]
2026-06-03 21:40:55,780 INFO Progress: 43300/51354 (66.5/s) — ETA 121s
2026-06-03 21:40:55,783 INFO POST http://localhost:9200/_search/scroll [status:200 duration:0.003s]
2026-06-03 21:40:56,018 INFO HTTP Request: POST https://open.bigmodel.cn/api/paas/v4/embeddings "HTTP/1.1 200 OK"
2026-06-03 21:40:56,104 INFO PUT http://localhost:9200/_bulk?refresh=false [status:200 duration:0.027s]
2026-06-03 21:40:56,104 INFO Progress: 43320/51354 (66.5/s) — ETA 121s
2026-06-03 21:40:56,107 INFO POST http://localhost:9200/_search/scroll [status:200 duration:0.003s]
2026-06-03 21:40:56,330 INFO HTTP Request: POST https://open.bigmodel.cn/api/paas/v4/embeddings "HTTP/1.1 200 OK"
2026-06-03 21:40:56,395 INFO PUT http://localhost:9200/_bulk?refresh=false [status:200 duration:0.028s]
2026-06-03 21:40:56,395 INFO Progress: 43340/51354 (66.5/s) — ETA 120s
2026-06-03 21:40:56,397 INFO POST http://localhost:9200/_search/scroll [status:200 duration:0.003s]
2026-06-03 21:40:56,601 INFO HTTP Request: POST https://open.bigmodel.cn/api/paas/v4/embeddings "HTTP/1.1 200 OK"
2026-06-03 21:40:56,688 INFO PUT http://localhost:9200/_bulk?refresh=false [status:200 duration:0.033s]
2026-06-03 21:40:56,688 INFO Progress: 43360/51354 (66.5/s) — ETA 120s
2026-06-03 21:40:56,691 INFO POST http://localhost:9200/_search/scroll [status:200 duration:0.002s]
2026-06-03 21:40:56,869 INFO HTTP Request: POST https://open.bigmodel.cn/api/paas/v4/embeddings "HTTP/1.1 200 OK"
2026-06-03 21:40:56,952 INFO PUT http://localhost:9200/_bulk?refresh=false [status:200 duration:0.028s]
2026-06-03 21:40:56,952 INFO Progress: 43380/51354 (66.5/s) — ETA 120s
2026-06-03 21:40:56,955 INFO POST http://localhost:9200/_search/scroll [status:200 duration:0.003s]
2026-06-03 21:40:57,157 INFO HTTP Request: POST https://open.bigmodel.cn/api/paas/v4/embeddings "HTTP/1.1 200 OK"
2026-06-03 21:40:57,237 INFO PUT http://localhost:9200/_bulk?refresh=false [status:200 duration:0.028s]
2026-06-03 21:40:57,237 INFO Progress: 43400/51354 (66.5/s) — ETA 120s
2026-06-03 21:40:57,240 INFO POST http://localhost:9200/_search/scroll [status:200 duration:0.003s]
2026-06-03 21:40:57,434 INFO HTTP Request: POST https://open.bigmodel.cn/api/paas/v4/embeddings "HTTP/1.1 200 OK"
2026-06-03 21:40:57,518 INFO PUT http://localhost:9200/_bulk?refresh=false [status:200 duration:0.027s]
2026-06-03 21:40:57,519 INFO Progress: 43420/51354 (66.5/s) — ETA 119s
2026-06-03 21:40:57,521 INFO POST http://localhost:9200/_search/scroll [status:200 duration:0.003s]
2026-06-03 21:40:57,737 INFO HTTP Request: POST https://open.bigmodel.cn/api/paas/v4/embeddings "HTTP/1.1 200 OK"
2026-06-03 21:40:57,821 INFO PUT http://localhost:9200/_bulk?refresh=false [status:200 duration:0.027s]
2026-06-03 21:40:57,822 INFO Progress: 43440/51354 (66.5/s) — ETA 119s
2026-06-03 21:40:57,824 INFO POST http://localhost:9200/_search/scroll [status:200 duration:0.003s]
2026-06-03 21:40:58,067 INFO HTTP Request: POST https://open.bigmodel.cn/api/paas/v4/embeddings "HTTP/1.1 200 OK"
2026-06-03 21:40:58,152 INFO PUT http://localhost:9200/_bulk?refresh=false [status:200 duration:0.026s]
2026-06-03 21:40:58,153 INFO Progress: 43460/51354 (66.5/s) — ETA 119s
2026-06-03 21:40:58,156 INFO POST http://localhost:9200/_search/scroll [status:200 duration:0.003s]
2026-06-03 21:40:58,399 INFO HTTP Request: POST https://open.bigmodel.cn/api/paas/v4/embeddings "HTTP/1.1 200 OK"
2026-06-03 21:40:58,467 INFO PUT http://localhost:9200/_bulk?refresh=false [status:200 duration:0.029s]
2026-06-03 21:40:58,467 INFO Progress: 43480/51354 (66.5/s) — ETA 118s
2026-06-03 21:40:58,470 INFO POST http://localhost:9200/_search/scroll [status:200 duration:0.003s]
2026-06-03 21:40:58,657 INFO HTTP Request: POST https://open.bigmodel.cn/api/paas/v4/embeddings "HTTP/1.1 200 OK"
2026-06-03 21:40:58,741 INFO PUT http://localhost:9200/_bulk?refresh=false [status:200 duration:0.025s]
2026-06-03 21:40:58,741 INFO Progress: 43500/51354 (66.5/s) — ETA 118s
2026-06-03 21:40:58,744 INFO POST http://localhost:9200/_search/scroll [status:200 duration:0.003s]
2026-06-03 21:40:58,951 INFO HTTP Request: POST https://open.bigmodel.cn/api/paas/v4/embeddings "HTTP/1.1 200 OK"
2026-06-03 21:40:59,025 INFO PUT http://localhost:9200/_bulk?refresh=false [status:200 duration:0.028s]
2026-06-03 21:40:59,025 INFO Progress: 43520/51354 (66.5/s) — ETA 118s
2026-06-03 21:40:59,028 INFO POST http://localhost:9200/_search/scroll [status:200 duration:0.003s]
2026-06-03 21:40:59,233 INFO HTTP Request: POST https://open.bigmodel.cn/api/paas/v4/embeddings "HTTP/1.1 200 OK"
2026-06-03 21:40:59,313 INFO PUT http://localhost:9200/_bulk?refresh=false [status:200 duration:0.026s]
2026-06-03 21:40:59,313 INFO Progress: 43540/51354 (66.5/s) — ETA 117s
2026-06-03 21:40:59,316 INFO POST http://localhost:9200/_search/scroll [status:200 duration:0.003s]
2026-06-03 21:40:59,520 INFO HTTP Request: POST https://open.bigmodel.cn/api/paas/v4/embeddings "HTTP/1.1 200 OK"
2026-06-03 21:40:59,612 INFO PUT http://localhost:9200/_bulk?refresh=false [status:200 duration:0.031s]
2026-06-03 21:40:59,612 INFO Progress: 43560/51354 (66.5/s) — ETA 117s
2026-06-03 21:40:59,615 INFO POST http://localhost:9200/_search/scroll [status:200 duration:0.003s]
2026-06-03 21:40:59,799 INFO HTTP Request: POST https://open.bigmodel.cn/api/paas/v4/embeddings "HTTP/1.1 200 OK"
2026-06-03 21:40:59,866 INFO PUT http://localhost:9200/_bulk?refresh=false [status:200 duration:0.030s]
2026-06-03 21:40:59,866 INFO Progress: 43580/51354 (66.5/s) — ETA 117s
2026-06-03 21:40:59,869 INFO POST http://localhost:9200/_search/scroll [status:200 duration:0.003s]
2026-06-03 21:41:00,092 INFO HTTP Request: POST https://open.bigmodel.cn/api/paas/v4/embeddings "HTTP/1.1 200 OK"
2026-06-03 21:41:00,167 INFO PUT http://localhost:9200/_bulk?refresh=false [status:200 duration:0.027s]
2026-06-03 21:41:00,167 INFO Progress: 43600/51354 (66.5/s) — ETA 117s
2026-06-03 21:41:00,170 INFO POST http://localhost:9200/_search/scroll [status:200 duration:0.002s]
2026-06-03 21:41:00,368 INFO HTTP Request: POST https://open.bigmodel.cn/api/paas/v4/embeddings "HTTP/1.1 200 OK"
2026-06-03 21:41:00,449 INFO PUT http://localhost:9200/_bulk?refresh=false [status:200 duration:0.024s]
2026-06-03 21:41:00,449 INFO Progress: 43620/51354 (66.5/s) — ETA 116s
2026-06-03 21:41:00,452 INFO POST http://localhost:9200/_search/scroll [status:200 duration:0.002s]
2026-06-03 21:41:00,632 INFO HTTP Request: POST https://open.bigmodel.cn/api/paas/v4/embeddings "HTTP/1.1 200 OK"
2026-06-03 21:41:00,699 INFO PUT http://localhost:9200/_bulk?refresh=false [status:200 duration:0.025s]
2026-06-03 21:41:00,700 INFO Progress: 43640/51354 (66.5/s) — ETA 116s
2026-06-03 21:41:00,703 INFO POST http://localhost:9200/_search/scroll [status:200 duration:0.003s]
2026-06-03 21:41:00,871 INFO HTTP Request: POST https://open.bigmodel.cn/api/paas/v4/embeddings "HTTP/1.1 200 OK"
2026-06-03 21:41:00,939 INFO PUT http://localhost:9200/_bulk?refresh=false [status:200 duration:0.027s]
2026-06-03 21:41:00,939 INFO Progress: 43660/51354 (66.5/s) — ETA 116s
2026-06-03 21:41:00,942 INFO POST http://localhost:9200/_search/scroll [status:200 duration:0.003s]
2026-06-03 21:41:01,158 INFO HTTP Request: POST https://open.bigmodel.cn/api/paas/v4/embeddings "HTTP/1.1 200 OK"
2026-06-03 21:41:01,257 INFO PUT http://localhost:9200/_bulk?refresh=false [status:200 duration:0.034s]
2026-06-03 21:41:01,258 INFO Progress: 43680/51354 (66.5/s) — ETA 115s
2026-06-03 21:41:01,262 INFO POST http://localhost:9200/_search/scroll [status:200 duration:0.005s]
2026-06-03 21:41:01,485 INFO HTTP Request: POST https://open.bigmodel.cn/api/paas/v4/embeddings "HTTP/1.1 200 OK"
2026-06-03 21:41:01,562 INFO PUT http://localhost:9200/_bulk?refresh=false [status:200 duration:0.028s]
2026-06-03 21:41:01,562 INFO Progress: 43700/51354 (66.5/s) — ETA 115s
2026-06-03 21:41:01,566 INFO POST http://localhost:9200/_search/scroll [status:200 duration:0.004s]
2026-06-03 21:41:01,781 INFO HTTP Request: POST https://open.bigmodel.cn/api/paas/v4/embeddings "HTTP/1.1 200 OK"
2026-06-03 21:41:01,849 INFO PUT http://localhost:9200/_bulk?refresh=false [status:200 duration:0.026s]
2026-06-03 21:41:01,850 INFO Progress: 43720/51354 (66.5/s) — ETA 115s
2026-06-03 21:41:01,852 INFO POST http://localhost:9200/_search/scroll [status:200 duration:0.003s]
2026-06-03 21:41:02,051 INFO HTTP Request: POST https://open.bigmodel.cn/api/paas/v4/embeddings "HTTP/1.1 200 OK"
2026-06-03 21:41:02,138 INFO PUT http://localhost:9200/_bulk?refresh=false [status:200 duration:0.028s]
2026-06-03 21:41:02,138 INFO Progress: 43740/51354 (66.5/s) — ETA 114s
2026-06-03 21:41:02,141 INFO POST http://localhost:9200/_search/scroll [status:200 duration:0.003s]
2026-06-03 21:41:02,357 INFO HTTP Request: POST https://open.bigmodel.cn/api/paas/v4/embeddings "HTTP/1.1 200 OK"
2026-06-03 21:41:02,444 INFO PUT http://localhost:9200/_bulk?refresh=false [status:200 duration:0.029s]
2026-06-03 21:41:02,445 INFO Progress: 43760/51354 (66.5/s) — ETA 114s
2026-06-03 21:41:02,448 INFO POST http://localhost:9200/_search/scroll [status:200 duration:0.003s]
2026-06-03 21:41:02,620 INFO HTTP Request: POST https://open.bigmodel.cn/api/paas/v4/embeddings "HTTP/1.1 200 OK"
2026-06-03 21:41:02,691 INFO PUT http://localhost:9200/_bulk?refresh=false [status:200 duration:0.026s]
2026-06-03 21:41:02,691 INFO Progress: 43780/51354 (66.6/s) — ETA 114s
2026-06-03 21:41:02,694 INFO POST http://localhost:9200/_search/scroll [status:200 duration:0.003s]
2026-06-03 21:41:02,891 INFO HTTP Request: POST https://open.bigmodel.cn/api/paas/v4/embeddings "HTTP/1.1 200 OK"
2026-06-03 21:41:02,981 INFO PUT http://localhost:9200/_bulk?refresh=false [status:200 duration:0.030s]
2026-06-03 21:41:02,981 INFO Progress: 43800/51354 (66.6/s) — ETA 114s
2026-06-03 21:41:02,984 INFO POST http://localhost:9200/_search/scroll [status:200 duration:0.003s]
2026-06-03 21:41:03,187 INFO HTTP Request: POST https://open.bigmodel.cn/api/paas/v4/embeddings "HTTP/1.1 200 OK"
2026-06-03 21:41:03,267 INFO PUT http://localhost:9200/_bulk?refresh=false [status:200 duration:0.028s]
2026-06-03 21:41:03,268 INFO Progress: 43820/51354 (66.6/s) — ETA 113s
2026-06-03 21:41:03,271 INFO POST http://localhost:9200/_search/scroll [status:200 duration:0.003s]
2026-06-03 21:41:03,487 INFO HTTP Request: POST https://open.bigmodel.cn/api/paas/v4/embeddings "HTTP/1.1 200 OK"
2026-06-03 21:41:03,562 INFO PUT http://localhost:9200/_bulk?refresh=false [status:200 duration:0.030s]
2026-06-03 21:41:03,562 INFO Progress: 43840/51354 (66.6/s) — ETA 113s
2026-06-03 21:41:03,565 INFO POST http://localhost:9200/_search/scroll [status:200 duration:0.003s]
2026-06-03 21:41:03,810 INFO HTTP Request: POST https://open.bigmodel.cn/api/paas/v4/embeddings "HTTP/1.1 200 OK"
2026-06-03 21:41:03,896 INFO PUT http://localhost:9200/_bulk?refresh=false [status:200 duration:0.031s]
2026-06-03 21:41:03,896 INFO Progress: 43860/51354 (66.6/s) — ETA 113s
2026-06-03 21:41:03,899 INFO POST http://localhost:9200/_search/scroll [status:200 duration:0.002s]
2026-06-03 21:41:04,185 INFO HTTP Request: POST https://open.bigmodel.cn/api/paas/v4/embeddings "HTTP/1.1 200 OK"
2026-06-03 21:41:04,274 INFO PUT http://localhost:9200/_bulk?refresh=false [status:200 duration:0.029s]
2026-06-03 21:41:04,274 INFO Progress: 43880/51354 (66.5/s) — ETA 112s
2026-06-03 21:41:04,277 INFO POST http://localhost:9200/_search/scroll [status:200 duration:0.003s]
2026-06-03 21:41:04,480 INFO HTTP Request: POST https://open.bigmodel.cn/api/paas/v4/embeddings "HTTP/1.1 200 OK"
2026-06-03 21:41:04,563 INFO PUT http://localhost:9200/_bulk?refresh=false [status:200 duration:0.027s]
2026-06-03 21:41:04,564 INFO Progress: 43900/51354 (66.5/s) — ETA 112s
2026-06-03 21:41:04,566 INFO POST http://localhost:9200/_search/scroll [status:200 duration:0.002s]
2026-06-03 21:41:04,777 INFO HTTP Request: POST https://open.bigmodel.cn/api/paas/v4/embeddings "HTTP/1.1 200 OK"
2026-06-03 21:41:04,858 INFO PUT http://localhost:9200/_bulk?refresh=false [status:200 duration:0.027s]
2026-06-03 21:41:04,858 INFO Progress: 43920/51354 (66.5/s) — ETA 112s
2026-06-03 21:41:04,861 INFO POST http://localhost:9200/_search/scroll [status:200 duration:0.003s]
2026-06-03 21:41:05,075 INFO HTTP Request: POST https://open.bigmodel.cn/api/paas/v4/embeddings "HTTP/1.1 200 OK"
2026-06-03 21:41:05,156 INFO PUT http://localhost:9200/_bulk?refresh=false [status:200 duration:0.027s]
2026-06-03 21:41:05,157 INFO Progress: 43940/51354 (66.5/s) — ETA 111s
2026-06-03 21:41:05,160 INFO POST http://localhost:9200/_search/scroll [status:200 duration:0.003s]
2026-06-03 21:41:05,374 INFO HTTP Request: POST https://open.bigmodel.cn/api/paas/v4/embeddings "HTTP/1.1 200 OK"
2026-06-03 21:41:05,440 INFO PUT http://localhost:9200/_bulk?refresh=false [status:200 duration:0.026s]
2026-06-03 21:41:05,440 INFO Progress: 43960/51354 (66.5/s) — ETA 111s
2026-06-03 21:41:05,443 INFO POST http://localhost:9200/_search/scroll [status:200 duration:0.002s]
2026-06-03 21:41:05,613 INFO HTTP Request: POST https://open.bigmodel.cn/api/paas/v4/embeddings "HTTP/1.1 200 OK"
2026-06-03 21:41:05,701 INFO PUT http://localhost:9200/_bulk?refresh=false [status:200 duration:0.027s]
2026-06-03 21:41:05,701 INFO Progress: 43980/51354 (66.6/s) — ETA 111s
2026-06-03 21:41:05,704 INFO POST http://localhost:9200/_search/scroll [status:200 duration:0.003s]
2026-06-03 21:41:05,905 INFO HTTP Request: POST https://open.bigmodel.cn/api/paas/v4/embeddings "HTTP/1.1 200 OK"
2026-06-03 21:41:05,992 INFO PUT http://localhost:9200/_bulk?refresh=false [status:200 duration:0.031s]
2026-06-03 21:41:05,992 INFO Progress: 44000/51354 (66.6/s) — ETA 110s
2026-06-03 21:41:05,995 INFO POST http://localhost:9200/_search/scroll [status:200 duration:0.003s]
2026-06-03 21:41:06,205 INFO HTTP Request: POST https://open.bigmodel.cn/api/paas/v4/embeddings "HTTP/1.1 200 OK"
2026-06-03 21:41:06,283 INFO PUT http://localhost:9200/_bulk?refresh=false [status:200 duration:0.027s]
2026-06-03 21:41:06,283 INFO Progress: 44020/51354 (66.6/s) — ETA 110s
2026-06-03 21:41:06,286 INFO POST http://localhost:9200/_search/scroll [status:200 duration:0.003s]
2026-06-03 21:41:06,486 INFO HTTP Request: POST https://open.bigmodel.cn/api/paas/v4/embeddings "HTTP/1.1 200 OK"
2026-06-03 21:41:06,571 INFO PUT http://localhost:9200/_bulk?refresh=false [status:200 duration:0.031s]
2026-06-03 21:41:06,571 INFO Progress: 44040/51354 (66.6/s) — ETA 110s
2026-06-03 21:41:06,574 INFO POST http://localhost:9200/_search/scroll [status:200 duration:0.003s]
2026-06-03 21:41:06,770 INFO HTTP Request: POST https://open.bigmodel.cn/api/paas/v4/embeddings "HTTP/1.1 200 OK"
2026-06-03 21:41:06,850 INFO PUT http://localhost:9200/_bulk?refresh=false [status:200 duration:0.028s]
2026-06-03 21:41:06,851 INFO Progress: 44060/51354 (66.6/s) — ETA 110s
2026-06-03 21:41:06,853 INFO POST http://localhost:9200/_search/scroll [status:200 duration:0.003s]
2026-06-03 21:41:07,025 INFO HTTP Request: POST https://open.bigmodel.cn/api/paas/v4/embeddings "HTTP/1.1 200 OK"
2026-06-03 21:41:07,109 INFO PUT http://localhost:9200/_bulk?refresh=false [status:200 duration:0.027s]
2026-06-03 21:41:07,109 INFO Progress: 44080/51354 (66.6/s) — ETA 109s
2026-06-03 21:41:07,111 INFO POST http://localhost:9200/_search/scroll [status:200 duration:0.002s]
2026-06-03 21:41:07,336 INFO HTTP Request: POST https://open.bigmodel.cn/api/paas/v4/embeddings "HTTP/1.1 200 OK"
2026-06-03 21:41:07,417 INFO PUT http://localhost:9200/_bulk?refresh=false [status:200 duration:0.028s]
2026-06-03 21:41:07,417 INFO Progress: 44100/51354 (66.6/s) — ETA 109s
2026-06-03 21:41:07,420 INFO POST http://localhost:9200/_search/scroll [status:200 duration:0.003s]
2026-06-03 21:41:07,605 INFO HTTP Request: POST https://open.bigmodel.cn/api/paas/v4/embeddings "HTTP/1.1 200 OK"
2026-06-03 21:41:07,698 INFO PUT http://localhost:9200/_bulk?refresh=false [status:200 duration:0.034s]
2026-06-03 21:41:07,698 INFO Progress: 44120/51354 (66.6/s) — ETA 109s
2026-06-03 21:41:07,702 INFO POST http://localhost:9200/_search/scroll [status:200 duration:0.003s]
2026-06-03 21:41:07,887 INFO HTTP Request: POST https://open.bigmodel.cn/api/paas/v4/embeddings "HTTP/1.1 200 OK"
2026-06-03 21:41:08,112 INFO PUT http://localhost:9200/_bulk?refresh=false [status:200 duration:0.164s]
2026-06-03 21:41:08,112 INFO Progress: 44140/51354 (66.6/s) — ETA 108s
2026-06-03 21:41:08,115 INFO POST http://localhost:9200/_search/scroll [status:200 duration:0.003s]
2026-06-03 21:41:08,331 INFO HTTP Request: POST https://open.bigmodel.cn/api/paas/v4/embeddings "HTTP/1.1 200 OK"
2026-06-03 21:41:08,401 INFO PUT http://localhost:9200/_bulk?refresh=false [status:200 duration:0.024s]
2026-06-03 21:41:08,401 INFO Progress: 44160/51354 (66.6/s) — ETA 108s
2026-06-03 21:41:08,404 INFO POST http://localhost:9200/_search/scroll [status:200 duration:0.003s]
2026-06-03 21:41:08,624 INFO HTTP Request: POST https://open.bigmodel.cn/api/paas/v4/embeddings "HTTP/1.1 200 OK"
2026-06-03 21:41:08,706 INFO PUT http://localhost:9200/_bulk?refresh=false [status:200 duration:0.021s]
2026-06-03 21:41:08,707 INFO Progress: 44180/51354 (66.6/s) — ETA 108s
2026-06-03 21:41:08,709 INFO POST http://localhost:9200/_search/scroll [status:200 duration:0.002s]
2026-06-03 21:41:08,898 INFO HTTP Request: POST https://open.bigmodel.cn/api/paas/v4/embeddings "HTTP/1.1 200 OK"
2026-06-03 21:41:08,979 INFO PUT http://localhost:9200/_bulk?refresh=false [status:200 duration:0.024s]
2026-06-03 21:41:08,979 INFO Progress: 44200/51354 (66.6/s) — ETA 107s
2026-06-03 21:41:08,982 INFO POST http://localhost:9200/_search/scroll [status:200 duration:0.003s]
2026-06-03 21:41:09,192 INFO HTTP Request: POST https://open.bigmodel.cn/api/paas/v4/embeddings "HTTP/1.1 200 OK"
2026-06-03 21:41:09,259 INFO PUT http://localhost:9200/_bulk?refresh=false [status:200 duration:0.022s]
2026-06-03 21:41:09,259 INFO Progress: 44220/51354 (66.6/s) — ETA 107s
2026-06-03 21:41:09,262 INFO POST http://localhost:9200/_search/scroll [status:200 duration:0.003s]
2026-06-03 21:41:09,463 INFO HTTP Request: POST https://open.bigmodel.cn/api/paas/v4/embeddings "HTTP/1.1 200 OK"
2026-06-03 21:41:09,528 INFO PUT http://localhost:9200/_bulk?refresh=false [status:200 duration:0.027s]
2026-06-03 21:41:09,528 INFO Progress: 44240/51354 (66.6/s) — ETA 107s
2026-06-03 21:41:09,531 INFO POST http://localhost:9200/_search/scroll [status:200 duration:0.003s]
2026-06-03 21:41:09,731 INFO HTTP Request: POST https://open.bigmodel.cn/api/paas/v4/embeddings "HTTP/1.1 200 OK"
2026-06-03 21:41:09,796 INFO PUT http://localhost:9200/_bulk?refresh=false [status:200 duration:0.022s]
2026-06-03 21:41:09,796 INFO Progress: 44260/51354 (66.6/s) — ETA 107s
2026-06-03 21:41:09,799 INFO POST http://localhost:9200/_search/scroll [status:200 duration:0.003s]
2026-06-03 21:41:09,987 INFO HTTP Request: POST https://open.bigmodel.cn/api/paas/v4/embeddings "HTTP/1.1 200 OK"
2026-06-03 21:41:10,070 INFO PUT http://localhost:9200/_bulk?refresh=false [status:200 duration:0.027s]
2026-06-03 21:41:10,071 INFO Progress: 44280/51354 (66.6/s) — ETA 106s
2026-06-03 21:41:10,073 INFO POST http://localhost:9200/_search/scroll [status:200 duration:0.003s]
2026-06-03 21:41:10,454 INFO HTTP Request: POST https://open.bigmodel.cn/api/paas/v4/embeddings "HTTP/1.1 200 OK"
2026-06-03 21:41:10,534 INFO PUT http://localhost:9200/_bulk?refresh=false [status:200 duration:0.024s]
2026-06-03 21:41:10,534 INFO Progress: 44300/51354 (66.5/s) — ETA 106s
2026-06-03 21:41:10,537 INFO POST http://localhost:9200/_search/scroll [status:200 duration:0.003s]
2026-06-03 21:41:10,718 INFO HTTP Request: POST https://open.bigmodel.cn/api/paas/v4/embeddings "HTTP/1.1 200 OK"
2026-06-03 21:41:10,796 INFO PUT http://localhost:9200/_bulk?refresh=false [status:200 duration:0.026s]
2026-06-03 21:41:10,796 INFO Progress: 44320/51354 (66.6/s) — ETA 106s
2026-06-03 21:41:10,799 INFO POST http://localhost:9200/_search/scroll [status:200 duration:0.003s]
2026-06-03 21:41:11,033 INFO HTTP Request: POST https://open.bigmodel.cn/api/paas/v4/embeddings "HTTP/1.1 200 OK"
2026-06-03 21:41:11,100 INFO PUT http://localhost:9200/_bulk?refresh=false [status:200 duration:0.023s]
2026-06-03 21:41:11,100 INFO Progress: 44340/51354 (66.6/s) — ETA 105s
2026-06-03 21:41:11,103 INFO POST http://localhost:9200/_search/scroll [status:200 duration:0.003s]
2026-06-03 21:41:11,323 INFO HTTP Request: POST https://open.bigmodel.cn/api/paas/v4/embeddings "HTTP/1.1 200 OK"
2026-06-03 21:41:11,399 INFO PUT http://localhost:9200/_bulk?refresh=false [status:200 duration:0.023s]
2026-06-03 21:41:11,400 INFO Progress: 44360/51354 (66.6/s) — ETA 105s
2026-06-03 21:41:11,402 INFO POST http://localhost:9200/_search/scroll [status:200 duration:0.002s]
2026-06-03 21:41:11,577 INFO HTTP Request: POST https://open.bigmodel.cn/api/paas/v4/embeddings "HTTP/1.1 200 OK"
2026-06-03 21:41:11,654 INFO PUT http://localhost:9200/_bulk?refresh=false [status:200 duration:0.023s]
2026-06-03 21:41:11,655 INFO Progress: 44380/51354 (66.6/s) — ETA 105s
2026-06-03 21:41:11,658 INFO POST http://localhost:9200/_search/scroll [status:200 duration:0.003s]
2026-06-03 21:41:11,877 INFO HTTP Request: POST https://open.bigmodel.cn/api/paas/v4/embeddings "HTTP/1.1 200 OK"
2026-06-03 21:41:11,947 INFO PUT http://localhost:9200/_bulk?refresh=false [status:200 duration:0.024s]
2026-06-03 21:41:11,948 INFO Progress: 44400/51354 (66.6/s) — ETA 104s
2026-06-03 21:41:11,951 INFO POST http://localhost:9200/_search/scroll [status:200 duration:0.003s]
2026-06-03 21:41:12,138 INFO HTTP Request: POST https://open.bigmodel.cn/api/paas/v4/embeddings "HTTP/1.1 200 OK"
2026-06-03 21:41:12,222 INFO PUT http://localhost:9200/_bulk?refresh=false [status:200 duration:0.025s]
2026-06-03 21:41:12,222 INFO Progress: 44420/51354 (66.6/s) — ETA 104s
2026-06-03 21:41:12,225 INFO POST http://localhost:9200/_search/scroll [status:200 duration:0.003s]
2026-06-03 21:41:12,470 INFO HTTP Request: POST https://open.bigmodel.cn/api/paas/v4/embeddings "HTTP/1.1 200 OK"
2026-06-03 21:41:12,555 INFO PUT http://localhost:9200/_bulk?refresh=false [status:200 duration:0.024s]
2026-06-03 21:41:12,556 INFO Progress: 44440/51354 (66.6/s) — ETA 104s
2026-06-03 21:41:12,558 INFO POST http://localhost:9200/_search/scroll [status:200 duration:0.002s]
2026-06-03 21:41:12,759 INFO HTTP Request: POST https://open.bigmodel.cn/api/paas/v4/embeddings "HTTP/1.1 200 OK"
2026-06-03 21:41:12,822 INFO PUT http://localhost:9200/_bulk?refresh=false [status:200 duration:0.024s]
2026-06-03 21:41:12,822 INFO Progress: 44460/51354 (66.6/s) — ETA 104s
2026-06-03 21:41:12,825 INFO POST http://localhost:9200/_search/scroll [status:200 duration:0.003s]
2026-06-03 21:41:13,010 INFO HTTP Request: POST https://open.bigmodel.cn/api/paas/v4/embeddings "HTTP/1.1 200 OK"
2026-06-03 21:41:13,090 INFO PUT http://localhost:9200/_bulk?refresh=false [status:200 duration:0.024s]
2026-06-03 21:41:13,091 INFO Progress: 44480/51354 (66.6/s) — ETA 103s
2026-06-03 21:41:13,093 INFO POST http://localhost:9200/_search/scroll [status:200 duration:0.003s]
2026-06-03 21:41:13,286 INFO HTTP Request: POST https://open.bigmodel.cn/api/paas/v4/embeddings "HTTP/1.1 200 OK"
2026-06-03 21:41:13,349 INFO PUT http://localhost:9200/_bulk?refresh=false [status:200 duration:0.024s]
2026-06-03 21:41:13,349 INFO Progress: 44500/51354 (66.6/s) — ETA 103s
2026-06-03 21:41:13,351 INFO POST http://localhost:9200/_search/scroll [status:200 duration:0.003s]
2026-06-03 21:41:13,580 INFO HTTP Request: POST https://open.bigmodel.cn/api/paas/v4/embeddings "HTTP/1.1 200 OK"
2026-06-03 21:41:13,661 INFO PUT http://localhost:9200/_bulk?refresh=false [status:200 duration:0.024s]
2026-06-03 21:41:13,661 INFO Progress: 44520/51354 (66.6/s) — ETA 103s
2026-06-03 21:41:13,664 INFO POST http://localhost:9200/_search/scroll [status:200 duration:0.003s]
2026-06-03 21:41:13,849 INFO HTTP Request: POST https://open.bigmodel.cn/api/paas/v4/embeddings "HTTP/1.1 200 OK"
2026-06-03 21:41:13,930 INFO PUT http://localhost:9200/_bulk?refresh=false [status:200 duration:0.023s]
2026-06-03 21:41:13,931 INFO Progress: 44540/51354 (66.6/s) — ETA 102s
2026-06-03 21:41:13,933 INFO POST http://localhost:9200/_search/scroll [status:200 duration:0.003s]
2026-06-03 21:41:14,105 INFO HTTP Request: POST https://open.bigmodel.cn/api/paas/v4/embeddings "HTTP/1.1 200 OK"
2026-06-03 21:41:14,184 INFO PUT http://localhost:9200/_bulk?refresh=false [status:200 duration:0.025s]
2026-06-03 21:41:14,184 INFO Progress: 44560/51354 (66.6/s) — ETA 102s
2026-06-03 21:41:14,187 INFO POST http://localhost:9200/_search/scroll [status:200 duration:0.003s]
2026-06-03 21:41:14,385 INFO HTTP Request: POST https://open.bigmodel.cn/api/paas/v4/embeddings "HTTP/1.1 200 OK"
2026-06-03 21:41:14,464 INFO PUT http://localhost:9200/_bulk?refresh=false [status:200 duration:0.031s]
2026-06-03 21:41:14,464 INFO Progress: 44580/51354 (66.6/s) — ETA 102s
2026-06-03 21:41:14,469 INFO POST http://localhost:9200/_search/scroll [status:200 duration:0.005s]
2026-06-03 21:41:14,674 INFO HTTP Request: POST https://open.bigmodel.cn/api/paas/v4/embeddings "HTTP/1.1 200 OK"
2026-06-03 21:41:14,764 INFO PUT http://localhost:9200/_bulk?refresh=false [status:200 duration:0.028s]
2026-06-03 21:41:14,765 INFO Progress: 44600/51354 (66.6/s) — ETA 101s
2026-06-03 21:41:14,769 INFO POST http://localhost:9200/_search/scroll [status:200 duration:0.004s]
2026-06-03 21:41:14,971 INFO HTTP Request: POST https://open.bigmodel.cn/api/paas/v4/embeddings "HTTP/1.1 200 OK"
2026-06-03 21:41:15,030 INFO PUT http://localhost:9200/_bulk?refresh=false [status:200 duration:0.024s]
2026-06-03 21:41:15,031 INFO Progress: 44620/51354 (66.6/s) — ETA 101s
2026-06-03 21:41:15,033 INFO POST http://localhost:9200/_search/scroll [status:200 duration:0.003s]
2026-06-03 21:41:15,240 INFO HTTP Request: POST https://open.bigmodel.cn/api/paas/v4/embeddings "HTTP/1.1 200 OK"
2026-06-03 21:41:15,309 INFO PUT http://localhost:9200/_bulk?refresh=false [status:200 duration:0.024s]
2026-06-03 21:41:15,310 INFO Progress: 44640/51354 (66.6/s) — ETA 101s
2026-06-03 21:41:15,312 INFO POST http://localhost:9200/_search/scroll [status:200 duration:0.003s]
2026-06-03 21:41:15,476 INFO HTTP Request: POST https://open.bigmodel.cn/api/paas/v4/embeddings "HTTP/1.1 200 OK"
2026-06-03 21:41:15,555 INFO PUT http://localhost:9200/_bulk?refresh=false [status:200 duration:0.029s]
2026-06-03 21:41:15,555 INFO Progress: 44660/51354 (66.6/s) — ETA 101s
2026-06-03 21:41:15,558 INFO POST http://localhost:9200/_search/scroll [status:200 duration:0.003s]
2026-06-03 21:41:15,724 INFO HTTP Request: POST https://open.bigmodel.cn/api/paas/v4/embeddings "HTTP/1.1 200 OK"
2026-06-03 21:41:15,807 INFO PUT http://localhost:9200/_bulk?refresh=false [status:200 duration:0.024s]
2026-06-03 21:41:15,807 INFO Progress: 44680/51354 (66.6/s) — ETA 100s
2026-06-03 21:41:15,810 INFO POST http://localhost:9200/_search/scroll [status:200 duration:0.003s]
2026-06-03 21:41:15,996 INFO HTTP Request: POST https://open.bigmodel.cn/api/paas/v4/embeddings "HTTP/1.1 200 OK"
2026-06-03 21:41:16,085 INFO PUT http://localhost:9200/_bulk?refresh=false [status:200 duration:0.029s]
2026-06-03 21:41:16,085 INFO Progress: 44700/51354 (66.6/s) — ETA 100s
2026-06-03 21:41:16,088 INFO POST http://localhost:9200/_search/scroll [status:200 duration:0.002s]
2026-06-03 21:41:16,304 INFO HTTP Request: POST https://open.bigmodel.cn/api/paas/v4/embeddings "HTTP/1.1 200 OK"
2026-06-03 21:41:16,388 INFO PUT http://localhost:9200/_bulk?refresh=false [status:200 duration:0.024s]
2026-06-03 21:41:16,388 INFO Progress: 44720/51354 (66.6/s) — ETA 100s
2026-06-03 21:41:16,390 INFO POST http://localhost:9200/_search/scroll [status:200 duration:0.003s]
2026-06-03 21:41:16,623 INFO HTTP Request: POST https://open.bigmodel.cn/api/paas/v4/embeddings "HTTP/1.1 200 OK"
2026-06-03 21:41:16,690 INFO PUT http://localhost:9200/_bulk?refresh=false [status:200 duration:0.025s]
2026-06-03 21:41:16,690 INFO Progress: 44740/51354 (66.6/s) — ETA 99s
2026-06-03 21:41:16,693 INFO POST http://localhost:9200/_search/scroll [status:200 duration:0.003s]
2026-06-03 21:41:16,884 INFO HTTP Request: POST https://open.bigmodel.cn/api/paas/v4/embeddings "HTTP/1.1 200 OK"
2026-06-03 21:41:16,966 INFO PUT http://localhost:9200/_bulk?refresh=false [status:200 duration:0.024s]
2026-06-03 21:41:16,967 INFO Progress: 44760/51354 (66.6/s) — ETA 99s
2026-06-03 21:41:16,969 INFO POST http://localhost:9200/_search/scroll [status:200 duration:0.002s]
2026-06-03 21:41:17,150 INFO HTTP Request: POST https://open.bigmodel.cn/api/paas/v4/embeddings "HTTP/1.1 200 OK"
2026-06-03 21:41:17,223 INFO PUT http://localhost:9200/_bulk?refresh=false [status:200 duration:0.025s]
2026-06-03 21:41:17,223 INFO Progress: 44780/51354 (66.6/s) — ETA 99s
2026-06-03 21:41:17,225 INFO POST http://localhost:9200/_search/scroll [status:200 duration:0.003s]
2026-06-03 21:41:17,427 INFO HTTP Request: POST https://open.bigmodel.cn/api/paas/v4/embeddings "HTTP/1.1 200 OK"
2026-06-03 21:41:17,508 INFO PUT http://localhost:9200/_bulk?refresh=false [status:200 duration:0.024s]
2026-06-03 21:41:17,508 INFO Progress: 44800/51354 (66.6/s) — ETA 98s
2026-06-03 21:41:17,511 INFO POST http://localhost:9200/_search/scroll [status:200 duration:0.002s]
2026-06-03 21:41:17,736 INFO HTTP Request: POST https://open.bigmodel.cn/api/paas/v4/embeddings "HTTP/1.1 200 OK"
2026-06-03 21:41:17,813 INFO PUT http://localhost:9200/_bulk?refresh=false [status:200 duration:0.025s]
2026-06-03 21:41:17,813 INFO Progress: 44820/51354 (66.6/s) — ETA 98s
2026-06-03 21:41:17,816 INFO POST http://localhost:9200/_search/scroll [status:200 duration:0.003s]
2026-06-03 21:41:18,009 INFO HTTP Request: POST https://open.bigmodel.cn/api/paas/v4/embeddings "HTTP/1.1 200 OK"
2026-06-03 21:41:18,092 INFO PUT http://localhost:9200/_bulk?refresh=false [status:200 duration:0.025s]
2026-06-03 21:41:18,092 INFO Progress: 44840/51354 (66.6/s) — ETA 98s
2026-06-03 21:41:18,095 INFO POST http://localhost:9200/_search/scroll [status:200 duration:0.002s]
2026-06-03 21:41:18,269 INFO HTTP Request: POST https://open.bigmodel.cn/api/paas/v4/embeddings "HTTP/1.1 200 OK"
2026-06-03 21:41:18,343 INFO PUT http://localhost:9200/_bulk?refresh=false [status:200 duration:0.025s]
2026-06-03 21:41:18,343 INFO Progress: 44860/51354 (66.6/s) — ETA 97s
2026-06-03 21:41:18,346 INFO POST http://localhost:9200/_search/scroll [status:200 duration:0.003s]
2026-06-03 21:41:18,528 INFO HTTP Request: POST https://open.bigmodel.cn/api/paas/v4/embeddings "HTTP/1.1 200 OK"
2026-06-03 21:41:18,612 INFO PUT http://localhost:9200/_bulk?refresh=false [status:200 duration:0.026s]
2026-06-03 21:41:18,612 INFO Progress: 44880/51354 (66.6/s) — ETA 97s
2026-06-03 21:41:18,616 INFO POST http://localhost:9200/_search/scroll [status:200 duration:0.003s]
2026-06-03 21:41:18,826 INFO HTTP Request: POST https://open.bigmodel.cn/api/paas/v4/embeddings "HTTP/1.1 200 OK"
2026-06-03 21:41:18,909 INFO PUT http://localhost:9200/_bulk?refresh=false [status:200 duration:0.029s]
2026-06-03 21:41:18,909 INFO Progress: 44900/51354 (66.6/s) — ETA 97s
2026-06-03 21:41:18,912 INFO POST http://localhost:9200/_search/scroll [status:200 duration:0.003s]
2026-06-03 21:41:19,112 INFO HTTP Request: POST https://open.bigmodel.cn/api/paas/v4/embeddings "HTTP/1.1 200 OK"
2026-06-03 21:41:19,178 INFO PUT http://localhost:9200/_bulk?refresh=false [status:200 duration:0.024s]
2026-06-03 21:41:19,179 INFO Progress: 44920/51354 (66.6/s) — ETA 97s
2026-06-03 21:41:19,181 INFO POST http://localhost:9200/_search/scroll [status:200 duration:0.003s]
2026-06-03 21:41:19,378 INFO HTTP Request: POST https://open.bigmodel.cn/api/paas/v4/embeddings "HTTP/1.1 200 OK"
2026-06-03 21:41:19,466 INFO PUT http://localhost:9200/_bulk?refresh=false [status:200 duration:0.025s]
2026-06-03 21:41:19,466 INFO Progress: 44940/51354 (66.6/s) — ETA 96s
2026-06-03 21:41:19,469 INFO POST http://localhost:9200/_search/scroll [status:200 duration:0.002s]
2026-06-03 21:41:19,669 INFO HTTP Request: POST https://open.bigmodel.cn/api/paas/v4/embeddings "HTTP/1.1 200 OK"
2026-06-03 21:41:19,723 INFO PUT http://localhost:9200/_bulk?refresh=false [status:200 duration:0.025s]
2026-06-03 21:41:19,724 INFO Progress: 44960/51354 (66.6/s) — ETA 96s
2026-06-03 21:41:19,726 INFO POST http://localhost:9200/_search/scroll [status:200 duration:0.002s]
2026-06-03 21:41:19,884 INFO HTTP Request: POST https://open.bigmodel.cn/api/paas/v4/embeddings "HTTP/1.1 200 OK"
2026-06-03 21:41:19,974 INFO PUT http://localhost:9200/_bulk?refresh=false [status:200 duration:0.031s]
2026-06-03 21:41:19,974 INFO Progress: 44980/51354 (66.6/s) — ETA 96s
2026-06-03 21:41:19,977 INFO POST http://localhost:9200/_search/scroll [status:200 duration:0.003s]
2026-06-03 21:41:20,156 INFO HTTP Request: POST https://open.bigmodel.cn/api/paas/v4/embeddings "HTTP/1.1 200 OK"
2026-06-03 21:41:20,236 INFO PUT http://localhost:9200/_bulk?refresh=false [status:200 duration:0.025s]
2026-06-03 21:41:20,236 INFO Progress: 45000/51354 (66.6/s) — ETA 95s
2026-06-03 21:41:20,238 INFO POST http://localhost:9200/_search/scroll [status:200 duration:0.003s]
2026-06-03 21:41:20,440 INFO HTTP Request: POST https://open.bigmodel.cn/api/paas/v4/embeddings "HTTP/1.1 200 OK"
2026-06-03 21:41:20,519 INFO PUT http://localhost:9200/_bulk?refresh=false [status:200 duration:0.024s]
2026-06-03 21:41:20,519 INFO Progress: 45020/51354 (66.6/s) — ETA 95s
2026-06-03 21:41:20,522 INFO POST http://localhost:9200/_search/scroll [status:200 duration:0.003s]
2026-06-03 21:41:20,698 INFO HTTP Request: POST https://open.bigmodel.cn/api/paas/v4/embeddings "HTTP/1.1 200 OK"
2026-06-03 21:41:20,787 INFO PUT http://localhost:9200/_bulk?refresh=false [status:200 duration:0.025s]
2026-06-03 21:41:20,787 INFO Progress: 45040/51354 (66.6/s) — ETA 95s
2026-06-03 21:41:20,790 INFO POST http://localhost:9200/_search/scroll [status:200 duration:0.003s]
2026-06-03 21:41:20,976 INFO HTTP Request: POST https://open.bigmodel.cn/api/paas/v4/embeddings "HTTP/1.1 200 OK"
2026-06-03 21:41:21,031 INFO PUT http://localhost:9200/_bulk?refresh=false [status:200 duration:0.024s]
2026-06-03 21:41:21,031 INFO Progress: 45060/51354 (66.6/s) — ETA 94s
2026-06-03 21:41:21,034 INFO POST http://localhost:9200/_search/scroll [status:200 duration:0.003s]
2026-06-03 21:41:21,215 INFO HTTP Request: POST https://open.bigmodel.cn/api/paas/v4/embeddings "HTTP/1.1 200 OK"
2026-06-03 21:41:21,297 INFO PUT http://localhost:9200/_bulk?refresh=false [status:200 duration:0.024s]
2026-06-03 21:41:21,297 INFO Progress: 45080/51354 (66.6/s) — ETA 94s
2026-06-03 21:41:21,300 INFO POST http://localhost:9200/_search/scroll [status:200 duration:0.003s]
2026-06-03 21:41:21,499 INFO HTTP Request: POST https://open.bigmodel.cn/api/paas/v4/embeddings "HTTP/1.1 200 OK"
2026-06-03 21:41:21,586 INFO PUT http://localhost:9200/_bulk?refresh=false [status:200 duration:0.025s]
2026-06-03 21:41:21,587 INFO Progress: 45100/51354 (66.6/s) — ETA 94s
2026-06-03 21:41:21,590 INFO POST http://localhost:9200/_search/scroll [status:200 duration:0.003s]
2026-06-03 21:41:21,764 INFO HTTP Request: POST https://open.bigmodel.cn/api/paas/v4/embeddings "HTTP/1.1 200 OK"
2026-06-03 21:41:21,846 INFO PUT http://localhost:9200/_bulk?refresh=false [status:200 duration:0.027s]
2026-06-03 21:41:21,846 INFO Progress: 45120/51354 (66.6/s) — ETA 94s
2026-06-03 21:41:21,849 INFO POST http://localhost:9200/_search/scroll [status:200 duration:0.003s]
2026-06-03 21:41:22,032 INFO HTTP Request: POST https://open.bigmodel.cn/api/paas/v4/embeddings "HTTP/1.1 200 OK"
2026-06-03 21:41:22,117 INFO PUT http://localhost:9200/_bulk?refresh=false [status:200 duration:0.025s]
2026-06-03 21:41:22,117 INFO Progress: 45140/51354 (66.7/s) — ETA 93s
2026-06-03 21:41:22,120 INFO POST http://localhost:9200/_search/scroll [status:200 duration:0.003s]
2026-06-03 21:41:22,311 INFO HTTP Request: POST https://open.bigmodel.cn/api/paas/v4/embeddings "HTTP/1.1 200 OK"
2026-06-03 21:41:22,393 INFO PUT http://localhost:9200/_bulk?refresh=false [status:200 duration:0.025s]
2026-06-03 21:41:22,394 INFO Progress: 45160/51354 (66.7/s) — ETA 93s
2026-06-03 21:41:22,396 INFO POST http://localhost:9200/_search/scroll [status:200 duration:0.003s]
2026-06-03 21:41:22,591 INFO HTTP Request: POST https://open.bigmodel.cn/api/paas/v4/embeddings "HTTP/1.1 200 OK"
2026-06-03 21:41:22,675 INFO PUT http://localhost:9200/_bulk?refresh=false [status:200 duration:0.026s]
2026-06-03 21:41:22,676 INFO Progress: 45180/51354 (66.7/s) — ETA 93s
2026-06-03 21:41:22,678 INFO POST http://localhost:9200/_search/scroll [status:200 duration:0.003s]
2026-06-03 21:41:22,855 INFO HTTP Request: POST https://open.bigmodel.cn/api/paas/v4/embeddings "HTTP/1.1 200 OK"
2026-06-03 21:41:22,937 INFO PUT http://localhost:9200/_bulk?refresh=false [status:200 duration:0.026s]
2026-06-03 21:41:22,937 INFO Progress: 45200/51354 (66.7/s) — ETA 92s
2026-06-03 21:41:22,940 INFO POST http://localhost:9200/_search/scroll [status:200 duration:0.003s]
2026-06-03 21:41:23,146 INFO HTTP Request: POST https://open.bigmodel.cn/api/paas/v4/embeddings "HTTP/1.1 200 OK"
2026-06-03 21:41:23,213 INFO PUT http://localhost:9200/_bulk?refresh=false [status:200 duration:0.030s]
2026-06-03 21:41:23,213 INFO Progress: 45220/51354 (66.7/s) — ETA 92s
2026-06-03 21:41:23,216 INFO POST http://localhost:9200/_search/scroll [status:200 duration:0.003s]
2026-06-03 21:41:23,436 INFO HTTP Request: POST https://open.bigmodel.cn/api/paas/v4/embeddings "HTTP/1.1 200 OK"
2026-06-03 21:41:23,516 INFO PUT http://localhost:9200/_bulk?refresh=false [status:200 duration:0.025s]
2026-06-03 21:41:23,516 INFO Progress: 45240/51354 (66.7/s) — ETA 92s
2026-06-03 21:41:23,519 INFO POST http://localhost:9200/_search/scroll [status:200 duration:0.002s]
2026-06-03 21:41:23,737 INFO HTTP Request: POST https://open.bigmodel.cn/api/paas/v4/embeddings "HTTP/1.1 200 OK"
2026-06-03 21:41:23,822 INFO PUT http://localhost:9200/_bulk?refresh=false [status:200 duration:0.026s]
2026-06-03 21:41:23,823 INFO Progress: 45260/51354 (66.7/s) — ETA 91s
2026-06-03 21:41:23,826 INFO POST http://localhost:9200/_search/scroll [status:200 duration:0.003s]
2026-06-03 21:41:24,015 INFO HTTP Request: POST https://open.bigmodel.cn/api/paas/v4/embeddings "HTTP/1.1 200 OK"
2026-06-03 21:41:24,103 INFO PUT http://localhost:9200/_bulk?refresh=false [status:200 duration:0.026s]
2026-06-03 21:41:24,104 INFO Progress: 45280/51354 (66.7/s) — ETA 91s
2026-06-03 21:41:24,106 INFO POST http://localhost:9200/_search/scroll [status:200 duration:0.003s]
2026-06-03 21:41:24,334 INFO HTTP Request: POST https://open.bigmodel.cn/api/paas/v4/embeddings "HTTP/1.1 200 OK"
2026-06-03 21:41:24,410 INFO PUT http://localhost:9200/_bulk?refresh=false [status:200 duration:0.025s]
2026-06-03 21:41:24,410 INFO Progress: 45300/51354 (66.7/s) — ETA 91s
2026-06-03 21:41:24,413 INFO POST http://localhost:9200/_search/scroll [status:200 duration:0.003s]
2026-06-03 21:41:24,620 INFO HTTP Request: POST https://open.bigmodel.cn/api/paas/v4/embeddings "HTTP/1.1 200 OK"
2026-06-03 21:41:24,690 INFO PUT http://localhost:9200/_bulk?refresh=false [status:200 duration:0.025s]
2026-06-03 21:41:24,691 INFO Progress: 45320/51354 (66.7/s) — ETA 91s
2026-06-03 21:41:24,694 INFO POST http://localhost:9200/_search/scroll [status:200 duration:0.003s]
2026-06-03 21:41:24,877 INFO HTTP Request: POST https://open.bigmodel.cn/api/paas/v4/embeddings "HTTP/1.1 200 OK"
2026-06-03 21:41:24,960 INFO PUT http://localhost:9200/_bulk?refresh=false [status:200 duration:0.025s]
2026-06-03 21:41:24,960 INFO Progress: 45340/51354 (66.7/s) — ETA 90s
2026-06-03 21:41:24,963 INFO POST http://localhost:9200/_search/scroll [status:200 duration:0.003s]
2026-06-03 21:41:25,196 INFO HTTP Request: POST https://open.bigmodel.cn/api/paas/v4/embeddings "HTTP/1.1 200 OK"
2026-06-03 21:41:25,274 INFO PUT http://localhost:9200/_bulk?refresh=false [status:200 duration:0.026s]
2026-06-03 21:41:25,274 INFO Progress: 45360/51354 (66.7/s) — ETA 90s
2026-06-03 21:41:25,277 INFO POST http://localhost:9200/_search/scroll [status:200 duration:0.003s]
2026-06-03 21:41:25,451 INFO HTTP Request: POST https://open.bigmodel.cn/api/paas/v4/embeddings "HTTP/1.1 200 OK"
2026-06-03 21:41:25,510 INFO PUT http://localhost:9200/_bulk?refresh=false [status:200 duration:0.024s]
2026-06-03 21:41:25,510 INFO Progress: 45380/51354 (66.7/s) — ETA 90s
2026-06-03 21:41:25,513 INFO POST http://localhost:9200/_search/scroll [status:200 duration:0.003s]
2026-06-03 21:41:25,681 INFO HTTP Request: POST https://open.bigmodel.cn/api/paas/v4/embeddings "HTTP/1.1 200 OK"
2026-06-03 21:41:25,762 INFO PUT http://localhost:9200/_bulk?refresh=false [status:200 duration:0.027s]
2026-06-03 21:41:25,762 INFO Progress: 45400/51354 (66.7/s) — ETA 89s
2026-06-03 21:41:25,765 INFO POST http://localhost:9200/_search/scroll [status:200 duration:0.003s]
2026-06-03 21:41:25,976 INFO HTTP Request: POST https://open.bigmodel.cn/api/paas/v4/embeddings "HTTP/1.1 200 OK"
2026-06-03 21:41:26,061 INFO PUT http://localhost:9200/_bulk?refresh=false [status:200 duration:0.025s]
2026-06-03 21:41:26,061 INFO Progress: 45420/51354 (66.7/s) — ETA 89s
2026-06-03 21:41:26,064 INFO POST http://localhost:9200/_search/scroll [status:200 duration:0.003s]
2026-06-03 21:41:26,241 INFO HTTP Request: POST https://open.bigmodel.cn/api/paas/v4/embeddings "HTTP/1.1 200 OK"
2026-06-03 21:41:26,323 INFO PUT http://localhost:9200/_bulk?refresh=false [status:200 duration:0.025s]
2026-06-03 21:41:26,323 INFO Progress: 45440/51354 (66.7/s) — ETA 89s
2026-06-03 21:41:26,326 INFO POST http://localhost:9200/_search/scroll [status:200 duration:0.003s]
2026-06-03 21:41:26,494 INFO HTTP Request: POST https://open.bigmodel.cn/api/paas/v4/embeddings "HTTP/1.1 200 OK"
2026-06-03 21:41:26,574 INFO PUT http://localhost:9200/_bulk?refresh=false [status:200 duration:0.026s]
2026-06-03 21:41:26,574 INFO Progress: 45460/51354 (66.7/s) — ETA 88s
2026-06-03 21:41:26,577 INFO POST http://localhost:9200/_search/scroll [status:200 duration:0.003s]
2026-06-03 21:41:26,782 INFO HTTP Request: POST https://open.bigmodel.cn/api/paas/v4/embeddings "HTTP/1.1 200 OK"
2026-06-03 21:41:26,866 INFO PUT http://localhost:9200/_bulk?refresh=false [status:200 duration:0.026s]
2026-06-03 21:41:26,866 INFO Progress: 45480/51354 (66.7/s) — ETA 88s
2026-06-03 21:41:26,869 INFO POST http://localhost:9200/_search/scroll [status:200 duration:0.003s]
2026-06-03 21:41:27,066 INFO HTTP Request: POST https://open.bigmodel.cn/api/paas/v4/embeddings "HTTP/1.1 200 OK"
2026-06-03 21:41:27,143 INFO PUT http://localhost:9200/_bulk?refresh=false [status:200 duration:0.027s]
2026-06-03 21:41:27,143 INFO Progress: 45500/51354 (66.7/s) — ETA 88s
2026-06-03 21:41:27,146 INFO POST http://localhost:9200/_search/scroll [status:200 duration:0.003s]
2026-06-03 21:41:27,314 INFO HTTP Request: POST https://open.bigmodel.cn/api/paas/v4/embeddings "HTTP/1.1 200 OK"
2026-06-03 21:41:27,414 INFO PUT http://localhost:9200/_bulk?refresh=false [status:200 duration:0.041s]
2026-06-03 21:41:27,414 INFO Progress: 45520/51354 (66.7/s) — ETA 87s
2026-06-03 21:41:27,420 INFO POST http://localhost:9200/_search/scroll [status:200 duration:0.005s]
2026-06-03 21:41:27,619 INFO HTTP Request: POST https://open.bigmodel.cn/api/paas/v4/embeddings "HTTP/1.1 200 OK"
2026-06-03 21:41:27,697 INFO PUT http://localhost:9200/_bulk?refresh=false [status:200 duration:0.028s]
2026-06-03 21:41:27,697 INFO Progress: 45540/51354 (66.7/s) — ETA 87s
2026-06-03 21:41:27,701 INFO POST http://localhost:9200/_search/scroll [status:200 duration:0.004s]
2026-06-03 21:41:27,881 INFO HTTP Request: POST https://open.bigmodel.cn/api/paas/v4/embeddings "HTTP/1.1 200 OK"
2026-06-03 21:41:27,957 INFO PUT http://localhost:9200/_bulk?refresh=false [status:200 duration:0.025s]
2026-06-03 21:41:27,958 INFO Progress: 45560/51354 (66.7/s) — ETA 87s
2026-06-03 21:41:27,960 INFO POST http://localhost:9200/_search/scroll [status:200 duration:0.002s]
2026-06-03 21:41:28,191 INFO HTTP Request: POST https://open.bigmodel.cn/api/paas/v4/embeddings "HTTP/1.1 200 OK"
2026-06-03 21:41:28,273 INFO PUT http://localhost:9200/_bulk?refresh=false [status:200 duration:0.025s]
2026-06-03 21:41:28,273 INFO Progress: 45580/51354 (66.7/s) — ETA 87s
2026-06-03 21:41:28,276 INFO POST http://localhost:9200/_search/scroll [status:200 duration:0.003s]
2026-06-03 21:41:28,452 INFO HTTP Request: POST https://open.bigmodel.cn/api/paas/v4/embeddings "HTTP/1.1 200 OK"
2026-06-03 21:41:28,535 INFO PUT http://localhost:9200/_bulk?refresh=false [status:200 duration:0.024s]
2026-06-03 21:41:28,535 INFO Progress: 45600/51354 (66.7/s) — ETA 86s
2026-06-03 21:41:28,538 INFO POST http://localhost:9200/_search/scroll [status:200 duration:0.003s]
2026-06-03 21:41:28,714 INFO HTTP Request: POST https://open.bigmodel.cn/api/paas/v4/embeddings "HTTP/1.1 200 OK"
2026-06-03 21:41:28,795 INFO PUT http://localhost:9200/_bulk?refresh=false [status:200 duration:0.025s]
2026-06-03 21:41:28,795 INFO Progress: 45620/51354 (66.7/s) — ETA 86s
2026-06-03 21:41:28,799 INFO POST http://localhost:9200/_search/scroll [status:200 duration:0.003s]
2026-06-03 21:41:28,969 INFO HTTP Request: POST https://open.bigmodel.cn/api/paas/v4/embeddings "HTTP/1.1 200 OK"
2026-06-03 21:41:29,051 INFO PUT http://localhost:9200/_bulk?refresh=false [status:200 duration:0.024s]
2026-06-03 21:41:29,052 INFO Progress: 45640/51354 (66.7/s) — ETA 86s
2026-06-03 21:41:29,055 INFO POST http://localhost:9200/_search/scroll [status:200 duration:0.003s]
2026-06-03 21:41:29,204 INFO HTTP Request: POST https://open.bigmodel.cn/api/paas/v4/embeddings "HTTP/1.1 200 OK"
2026-06-03 21:41:29,286 INFO PUT http://localhost:9200/_bulk?refresh=false [status:200 duration:0.025s]
2026-06-03 21:41:29,286 INFO Progress: 45660/51354 (66.7/s) — ETA 85s
2026-06-03 21:41:29,289 INFO POST http://localhost:9200/_search/scroll [status:200 duration:0.003s]
2026-06-03 21:41:29,474 INFO HTTP Request: POST https://open.bigmodel.cn/api/paas/v4/embeddings "HTTP/1.1 200 OK"
2026-06-03 21:41:29,561 INFO PUT http://localhost:9200/_bulk?refresh=false [status:200 duration:0.028s]
2026-06-03 21:41:29,561 INFO Progress: 45680/51354 (66.7/s) — ETA 85s
2026-06-03 21:41:29,564 INFO POST http://localhost:9200/_search/scroll [status:200 duration:0.003s]
2026-06-03 21:41:29,774 INFO HTTP Request: POST https://open.bigmodel.cn/api/paas/v4/embeddings "HTTP/1.1 200 OK"
2026-06-03 21:41:29,860 INFO PUT http://localhost:9200/_bulk?refresh=false [status:200 duration:0.030s]
2026-06-03 21:41:29,860 INFO Progress: 45700/51354 (66.7/s) — ETA 85s
2026-06-03 21:41:29,863 INFO POST http://localhost:9200/_search/scroll [status:200 duration:0.003s]
2026-06-03 21:41:30,080 INFO HTTP Request: POST https://open.bigmodel.cn/api/paas/v4/embeddings "HTTP/1.1 200 OK"
2026-06-03 21:41:30,151 INFO PUT http://localhost:9200/_bulk?refresh=false [status:200 duration:0.026s]
2026-06-03 21:41:30,151 INFO Progress: 45720/51354 (66.7/s) — ETA 84s
2026-06-03 21:41:30,154 INFO POST http://localhost:9200/_search/scroll [status:200 duration:0.003s]
2026-06-03 21:41:30,356 INFO HTTP Request: POST https://open.bigmodel.cn/api/paas/v4/embeddings "HTTP/1.1 200 OK"
2026-06-03 21:41:30,443 INFO PUT http://localhost:9200/_bulk?refresh=false [status:200 duration:0.025s]
2026-06-03 21:41:30,444 INFO Progress: 45740/51354 (66.7/s) — ETA 84s
2026-06-03 21:41:30,446 INFO POST http://localhost:9200/_search/scroll [status:200 duration:0.003s]
2026-06-03 21:41:30,658 INFO HTTP Request: POST https://open.bigmodel.cn/api/paas/v4/embeddings "HTTP/1.1 200 OK"
2026-06-03 21:41:30,719 INFO PUT http://localhost:9200/_bulk?refresh=false [status:200 duration:0.026s]
2026-06-03 21:41:30,719 INFO Progress: 45760/51354 (66.7/s) — ETA 84s
2026-06-03 21:41:30,722 INFO POST http://localhost:9200/_search/scroll [status:200 duration:0.003s]
2026-06-03 21:41:30,894 INFO HTTP Request: POST https://open.bigmodel.cn/api/paas/v4/embeddings "HTTP/1.1 200 OK"
2026-06-03 21:41:30,979 INFO PUT http://localhost:9200/_bulk?refresh=false [status:200 duration:0.025s]
2026-06-03 21:41:30,979 INFO Progress: 45780/51354 (66.7/s) — ETA 84s
2026-06-03 21:41:30,982 INFO POST http://localhost:9200/_search/scroll [status:200 duration:0.003s]
2026-06-03 21:41:31,182 INFO HTTP Request: POST https://open.bigmodel.cn/api/paas/v4/embeddings "HTTP/1.1 200 OK"
2026-06-03 21:41:31,264 INFO PUT http://localhost:9200/_bulk?refresh=false [status:200 duration:0.026s]
2026-06-03 21:41:31,264 INFO Progress: 45800/51354 (66.7/s) — ETA 83s
2026-06-03 21:41:31,267 INFO POST http://localhost:9200/_search/scroll [status:200 duration:0.003s]
2026-06-03 21:41:31,479 INFO HTTP Request: POST https://open.bigmodel.cn/api/paas/v4/embeddings "HTTP/1.1 200 OK"
2026-06-03 21:41:31,555 INFO PUT http://localhost:9200/_bulk?refresh=false [status:200 duration:0.029s]
2026-06-03 21:41:31,555 INFO Progress: 45820/51354 (66.7/s) — ETA 83s
2026-06-03 21:41:31,558 INFO POST http://localhost:9200/_search/scroll [status:200 duration:0.003s]
2026-06-03 21:41:31,791 INFO HTTP Request: POST https://open.bigmodel.cn/api/paas/v4/embeddings "HTTP/1.1 200 OK"
2026-06-03 21:41:31,857 INFO PUT http://localhost:9200/_bulk?refresh=false [status:200 duration:0.029s]
2026-06-03 21:41:31,858 INFO Progress: 45840/51354 (66.7/s) — ETA 83s
2026-06-03 21:41:31,860 INFO POST http://localhost:9200/_search/scroll [status:200 duration:0.003s]
2026-06-03 21:41:32,083 INFO HTTP Request: POST https://open.bigmodel.cn/api/paas/v4/embeddings "HTTP/1.1 200 OK"
2026-06-03 21:41:32,154 INFO PUT http://localhost:9200/_bulk?refresh=false [status:200 duration:0.028s]
2026-06-03 21:41:32,154 INFO Progress: 45860/51354 (66.7/s) — ETA 82s
2026-06-03 21:41:32,157 INFO POST http://localhost:9200/_search/scroll [status:200 duration:0.003s]
2026-06-03 21:41:32,371 INFO HTTP Request: POST https://open.bigmodel.cn/api/paas/v4/embeddings "HTTP/1.1 200 OK"
2026-06-03 21:41:32,457 INFO PUT http://localhost:9200/_bulk?refresh=false [status:200 duration:0.028s]
2026-06-03 21:41:32,458 INFO Progress: 45880/51354 (66.7/s) — ETA 82s
2026-06-03 21:41:32,461 INFO POST http://localhost:9200/_search/scroll [status:200 duration:0.003s]
2026-06-03 21:41:32,639 INFO HTTP Request: POST https://open.bigmodel.cn/api/paas/v4/embeddings "HTTP/1.1 200 OK"
2026-06-03 21:41:32,724 INFO PUT http://localhost:9200/_bulk?refresh=false [status:200 duration:0.028s]
2026-06-03 21:41:32,725 INFO Progress: 45900/51354 (66.7/s) — ETA 82s
2026-06-03 21:41:32,727 INFO POST http://localhost:9200/_search/scroll [status:200 duration:0.003s]
2026-06-03 21:41:32,963 INFO HTTP Request: POST https://open.bigmodel.cn/api/paas/v4/embeddings "HTTP/1.1 200 OK"
2026-06-03 21:41:33,026 INFO PUT http://localhost:9200/_bulk?refresh=false [status:200 duration:0.025s]
2026-06-03 21:41:33,026 INFO Progress: 45920/51354 (66.7/s) — ETA 81s
2026-06-03 21:41:33,029 INFO POST http://localhost:9200/_search/scroll [status:200 duration:0.003s]
2026-06-03 21:41:33,256 INFO HTTP Request: POST https://open.bigmodel.cn/api/paas/v4/embeddings "HTTP/1.1 200 OK"
2026-06-03 21:41:33,340 INFO PUT http://localhost:9200/_bulk?refresh=false [status:200 duration:0.026s]
2026-06-03 21:41:33,341 INFO Progress: 45940/51354 (66.7/s) — ETA 81s
2026-06-03 21:41:33,343 INFO POST http://localhost:9200/_search/scroll [status:200 duration:0.003s]
2026-06-03 21:41:33,528 INFO HTTP Request: POST https://open.bigmodel.cn/api/paas/v4/embeddings "HTTP/1.1 200 OK"
2026-06-03 21:41:33,616 INFO PUT http://localhost:9200/_bulk?refresh=false [status:200 duration:0.027s]
2026-06-03 21:41:33,616 INFO Progress: 45960/51354 (66.7/s) — ETA 81s
2026-06-03 21:41:33,619 INFO POST http://localhost:9200/_search/scroll [status:200 duration:0.003s]
2026-06-03 21:41:33,835 INFO HTTP Request: POST https://open.bigmodel.cn/api/paas/v4/embeddings "HTTP/1.1 200 OK"
2026-06-03 21:41:33,908 INFO PUT http://localhost:9200/_bulk?refresh=false [status:200 duration:0.028s]
2026-06-03 21:41:33,908 INFO Progress: 45980/51354 (66.7/s) — ETA 81s
2026-06-03 21:41:33,911 INFO POST http://localhost:9200/_search/scroll [status:200 duration:0.003s]
2026-06-03 21:41:34,203 INFO HTTP Request: POST https://open.bigmodel.cn/api/paas/v4/embeddings "HTTP/1.1 200 OK"
2026-06-03 21:41:34,287 INFO PUT http://localhost:9200/_bulk?refresh=false [status:200 duration:0.026s]
2026-06-03 21:41:34,287 INFO Progress: 46000/51354 (66.7/s) — ETA 80s
2026-06-03 21:41:34,290 INFO POST http://localhost:9200/_search/scroll [status:200 duration:0.003s]
2026-06-03 21:41:34,516 INFO HTTP Request: POST https://open.bigmodel.cn/api/paas/v4/embeddings "HTTP/1.1 200 OK"
2026-06-03 21:41:34,602 INFO PUT http://localhost:9200/_bulk?refresh=false [status:200 duration:0.027s]
2026-06-03 21:41:34,602 INFO Progress: 46020/51354 (66.7/s) — ETA 80s
2026-06-03 21:41:34,605 INFO POST http://localhost:9200/_search/scroll [status:200 duration:0.003s]
2026-06-03 21:41:34,796 INFO HTTP Request: POST https://open.bigmodel.cn/api/paas/v4/embeddings "HTTP/1.1 200 OK"
2026-06-03 21:41:34,883 INFO PUT http://localhost:9200/_bulk?refresh=false [status:200 duration:0.026s]
2026-06-03 21:41:34,883 INFO Progress: 46040/51354 (66.7/s) — ETA 80s
2026-06-03 21:41:34,886 INFO POST http://localhost:9200/_search/scroll [status:200 duration:0.003s]
2026-06-03 21:41:35,075 INFO HTTP Request: POST https://open.bigmodel.cn/api/paas/v4/embeddings "HTTP/1.1 200 OK"
2026-06-03 21:41:35,150 INFO PUT http://localhost:9200/_bulk?refresh=false [status:200 duration:0.028s]
2026-06-03 21:41:35,150 INFO Progress: 46060/51354 (66.7/s) — ETA 79s
2026-06-03 21:41:35,153 INFO POST http://localhost:9200/_search/scroll [status:200 duration:0.003s]
2026-06-03 21:41:35,374 INFO HTTP Request: POST https://open.bigmodel.cn/api/paas/v4/embeddings "HTTP/1.1 200 OK"
2026-06-03 21:41:35,457 INFO PUT http://localhost:9200/_bulk?refresh=false [status:200 duration:0.028s]
2026-06-03 21:41:35,457 INFO Progress: 46080/51354 (66.7/s) — ETA 79s
2026-06-03 21:41:35,460 INFO POST http://localhost:9200/_search/scroll [status:200 duration:0.003s]
2026-06-03 21:41:35,681 INFO HTTP Request: POST https://open.bigmodel.cn/api/paas/v4/embeddings "HTTP/1.1 200 OK"
2026-06-03 21:41:35,765 INFO PUT http://localhost:9200/_bulk?refresh=false [status:200 duration:0.026s]
2026-06-03 21:41:35,765 INFO Progress: 46100/51354 (66.7/s) — ETA 79s
2026-06-03 21:41:35,768 INFO POST http://localhost:9200/_search/scroll [status:200 duration:0.003s]
2026-06-03 21:41:36,002 INFO HTTP Request: POST https://open.bigmodel.cn/api/paas/v4/embeddings "HTTP/1.1 200 OK"
2026-06-03 21:41:36,086 INFO PUT http://localhost:9200/_bulk?refresh=false [status:200 duration:0.027s]
2026-06-03 21:41:36,086 INFO Progress: 46120/51354 (66.7/s) — ETA 78s
2026-06-03 21:41:36,089 INFO POST http://localhost:9200/_search/scroll [status:200 duration:0.003s]
2026-06-03 21:41:36,313 INFO HTTP Request: POST https://open.bigmodel.cn/api/paas/v4/embeddings "HTTP/1.1 200 OK"
2026-06-03 21:41:36,396 INFO PUT http://localhost:9200/_bulk?refresh=false [status:200 duration:0.026s]
2026-06-03 21:41:36,397 INFO Progress: 46140/51354 (66.7/s) — ETA 78s
2026-06-03 21:41:36,400 INFO POST http://localhost:9200/_search/scroll [status:200 duration:0.003s]
2026-06-03 21:41:36,602 INFO HTTP Request: POST https://open.bigmodel.cn/api/paas/v4/embeddings "HTTP/1.1 200 OK"
2026-06-03 21:41:36,690 INFO PUT http://localhost:9200/_bulk?refresh=false [status:200 duration:0.031s]
2026-06-03 21:41:36,690 INFO Progress: 46160/51354 (66.7/s) — ETA 78s
2026-06-03 21:41:36,693 INFO POST http://localhost:9200/_search/scroll [status:200 duration:0.003s]
2026-06-03 21:41:36,892 INFO HTTP Request: POST https://open.bigmodel.cn/api/paas/v4/embeddings "HTTP/1.1 200 OK"
2026-06-03 21:41:36,964 INFO PUT http://localhost:9200/_bulk?refresh=false [status:200 duration:0.028s]
2026-06-03 21:41:36,965 INFO Progress: 46180/51354 (66.7/s) — ETA 78s
2026-06-03 21:41:36,967 INFO POST http://localhost:9200/_search/scroll [status:200 duration:0.003s]
2026-06-03 21:41:37,157 INFO HTTP Request: POST https://open.bigmodel.cn/api/paas/v4/embeddings "HTTP/1.1 200 OK"
2026-06-03 21:41:37,242 INFO PUT http://localhost:9200/_bulk?refresh=false [status:200 duration:0.027s]
2026-06-03 21:41:37,242 INFO Progress: 46200/51354 (66.7/s) — ETA 77s
2026-06-03 21:41:37,245 INFO POST http://localhost:9200/_search/scroll [status:200 duration:0.003s]
2026-06-03 21:41:37,443 INFO HTTP Request: POST https://open.bigmodel.cn/api/paas/v4/embeddings "HTTP/1.1 200 OK"
2026-06-03 21:41:37,525 INFO PUT http://localhost:9200/_bulk?refresh=false [status:200 duration:0.027s]
2026-06-03 21:41:37,525 INFO Progress: 46220/51354 (66.7/s) — ETA 77s
2026-06-03 21:41:37,528 INFO POST http://localhost:9200/_search/scroll [status:200 duration:0.003s]
2026-06-03 21:41:37,726 INFO HTTP Request: POST https://open.bigmodel.cn/api/paas/v4/embeddings "HTTP/1.1 200 OK"
2026-06-03 21:41:37,807 INFO PUT http://localhost:9200/_bulk?refresh=false [status:200 duration:0.026s]
2026-06-03 21:41:37,807 INFO Progress: 46240/51354 (66.7/s) — ETA 77s
2026-06-03 21:41:37,810 INFO POST http://localhost:9200/_search/scroll [status:200 duration:0.003s]
2026-06-03 21:41:37,998 INFO HTTP Request: POST https://open.bigmodel.cn/api/paas/v4/embeddings "HTTP/1.1 200 OK"
2026-06-03 21:41:38,085 INFO PUT http://localhost:9200/_bulk?refresh=false [status:200 duration:0.026s]
2026-06-03 21:41:38,085 INFO Progress: 46260/51354 (66.7/s) — ETA 76s
2026-06-03 21:41:38,088 INFO POST http://localhost:9200/_search/scroll [status:200 duration:0.003s]
2026-06-03 21:41:38,336 INFO HTTP Request: POST https://open.bigmodel.cn/api/paas/v4/embeddings "HTTP/1.1 200 OK"
2026-06-03 21:41:38,421 INFO PUT http://localhost:9200/_bulk?refresh=false [status:200 duration:0.026s]
2026-06-03 21:41:38,422 INFO Progress: 46280/51354 (66.7/s) — ETA 76s
2026-06-03 21:41:38,424 INFO POST http://localhost:9200/_search/scroll [status:200 duration:0.003s]
2026-06-03 21:41:38,622 INFO HTTP Request: POST https://open.bigmodel.cn/api/paas/v4/embeddings "HTTP/1.1 200 OK"
2026-06-03 21:41:38,707 INFO PUT http://localhost:9200/_bulk?refresh=false [status:200 duration:0.027s]
2026-06-03 21:41:38,707 INFO Progress: 46300/51354 (66.7/s) — ETA 76s
2026-06-03 21:41:38,711 INFO POST http://localhost:9200/_search/scroll [status:200 duration:0.003s]
2026-06-03 21:41:38,917 INFO HTTP Request: POST https://open.bigmodel.cn/api/paas/v4/embeddings "HTTP/1.1 200 OK"
2026-06-03 21:41:39,003 INFO PUT http://localhost:9200/_bulk?refresh=false [status:200 duration:0.027s]
2026-06-03 21:41:39,003 INFO Progress: 46320/51354 (66.7/s) — ETA 75s
2026-06-03 21:41:39,006 INFO POST http://localhost:9200/_search/scroll [status:200 duration:0.003s]
2026-06-03 21:41:39,191 INFO HTTP Request: POST https://open.bigmodel.cn/api/paas/v4/embeddings "HTTP/1.1 200 OK"
2026-06-03 21:41:39,320 INFO PUT http://localhost:9200/_bulk?refresh=false [status:200 duration:0.068s]
2026-06-03 21:41:39,320 INFO Progress: 46340/51354 (66.7/s) — ETA 75s
2026-06-03 21:41:39,323 INFO POST http://localhost:9200/_search/scroll [status:200 duration:0.003s]
2026-06-03 21:41:39,531 INFO HTTP Request: POST https://open.bigmodel.cn/api/paas/v4/embeddings "HTTP/1.1 200 OK"
2026-06-03 21:41:39,610 INFO PUT http://localhost:9200/_bulk?refresh=false [status:200 duration:0.028s]
2026-06-03 21:41:39,610 INFO Progress: 46360/51354 (66.7/s) — ETA 75s
2026-06-03 21:41:39,613 INFO POST http://localhost:9200/_search/scroll [status:200 duration:0.003s]
2026-06-03 21:41:39,840 INFO HTTP Request: POST https://open.bigmodel.cn/api/paas/v4/embeddings "HTTP/1.1 200 OK"
2026-06-03 21:41:39,902 INFO PUT http://localhost:9200/_bulk?refresh=false [status:200 duration:0.026s]
2026-06-03 21:41:39,902 INFO Progress: 46380/51354 (66.7/s) — ETA 75s
2026-06-03 21:41:39,905 INFO POST http://localhost:9200/_search/scroll [status:200 duration:0.003s]
2026-06-03 21:41:40,093 INFO HTTP Request: POST https://open.bigmodel.cn/api/paas/v4/embeddings "HTTP/1.1 200 OK"
2026-06-03 21:41:40,172 INFO PUT http://localhost:9200/_bulk?refresh=false [status:200 duration:0.027s]
2026-06-03 21:41:40,172 INFO Progress: 46400/51354 (66.7/s) — ETA 74s
2026-06-03 21:41:40,175 INFO POST http://localhost:9200/_search/scroll [status:200 duration:0.002s]
2026-06-03 21:41:40,388 INFO HTTP Request: POST https://open.bigmodel.cn/api/paas/v4/embeddings "HTTP/1.1 200 OK"
2026-06-03 21:41:40,464 INFO PUT http://localhost:9200/_bulk?refresh=false [status:200 duration:0.026s]
2026-06-03 21:41:40,465 INFO Progress: 46420/51354 (66.7/s) — ETA 74s
2026-06-03 21:41:40,467 INFO POST http://localhost:9200/_search/scroll [status:200 duration:0.003s]
2026-06-03 21:41:40,670 INFO HTTP Request: POST https://open.bigmodel.cn/api/paas/v4/embeddings "HTTP/1.1 200 OK"
2026-06-03 21:41:40,746 INFO PUT http://localhost:9200/_bulk?refresh=false [status:200 duration:0.028s]
2026-06-03 21:41:40,746 INFO Progress: 46440/51354 (66.7/s) — ETA 74s
2026-06-03 21:41:40,749 INFO POST http://localhost:9200/_search/scroll [status:200 duration:0.003s]
2026-06-03 21:41:40,978 INFO HTTP Request: POST https://open.bigmodel.cn/api/paas/v4/embeddings "HTTP/1.1 200 OK"
2026-06-03 21:41:41,048 INFO PUT http://localhost:9200/_bulk?refresh=false [status:200 duration:0.025s]
2026-06-03 21:41:41,048 INFO Progress: 46460/51354 (66.7/s) — ETA 73s
2026-06-03 21:41:41,051 INFO POST http://localhost:9200/_search/scroll [status:200 duration:0.003s]
2026-06-03 21:41:41,264 INFO HTTP Request: POST https://open.bigmodel.cn/api/paas/v4/embeddings "HTTP/1.1 200 OK"
2026-06-03 21:41:41,361 INFO PUT http://localhost:9200/_bulk?refresh=false [status:200 duration:0.037s]
2026-06-03 21:41:41,361 INFO Progress: 46480/51354 (66.7/s) — ETA 73s
2026-06-03 21:41:41,366 INFO POST http://localhost:9200/_search/scroll [status:200 duration:0.005s]
2026-06-03 21:41:41,601 INFO HTTP Request: POST https://open.bigmodel.cn/api/paas/v4/embeddings "HTTP/1.1 200 OK"
2026-06-03 21:41:41,688 INFO PUT http://localhost:9200/_bulk?refresh=false [status:200 duration:0.031s]
2026-06-03 21:41:41,688 INFO Progress: 46500/51354 (66.7/s) — ETA 73s
2026-06-03 21:41:41,693 INFO POST http://localhost:9200/_search/scroll [status:200 duration:0.004s]
2026-06-03 21:41:41,879 INFO HTTP Request: POST https://open.bigmodel.cn/api/paas/v4/embeddings "HTTP/1.1 200 OK"
2026-06-03 21:41:41,961 INFO PUT http://localhost:9200/_bulk?refresh=false [status:200 duration:0.027s]
2026-06-03 21:41:41,961 INFO Progress: 46520/51354 (66.7/s) — ETA 72s
2026-06-03 21:41:41,964 INFO POST http://localhost:9200/_search/scroll [status:200 duration:0.003s]
2026-06-03 21:41:42,160 INFO HTTP Request: POST https://open.bigmodel.cn/api/paas/v4/embeddings "HTTP/1.1 200 OK"
2026-06-03 21:41:42,246 INFO PUT http://localhost:9200/_bulk?refresh=false [status:200 duration:0.028s]
2026-06-03 21:41:42,246 INFO Progress: 46540/51354 (66.7/s) — ETA 72s
2026-06-03 21:41:42,249 INFO POST http://localhost:9200/_search/scroll [status:200 duration:0.003s]
2026-06-03 21:41:42,473 INFO HTTP Request: POST https://open.bigmodel.cn/api/paas/v4/embeddings "HTTP/1.1 200 OK"
2026-06-03 21:41:42,565 INFO PUT http://localhost:9200/_bulk?refresh=false [status:200 duration:0.030s]
2026-06-03 21:41:42,566 INFO Progress: 46560/51354 (66.7/s) — ETA 72s
2026-06-03 21:41:42,569 INFO POST http://localhost:9200/_search/scroll [status:200 duration:0.003s]
2026-06-03 21:41:42,785 INFO HTTP Request: POST https://open.bigmodel.cn/api/paas/v4/embeddings "HTTP/1.1 200 OK"
2026-06-03 21:41:42,869 INFO PUT http://localhost:9200/_bulk?refresh=false [status:200 duration:0.029s]
2026-06-03 21:41:42,869 INFO Progress: 46580/51354 (66.7/s) — ETA 72s
2026-06-03 21:41:42,872 INFO POST http://localhost:9200/_search/scroll [status:200 duration:0.003s]
2026-06-03 21:41:43,079 INFO HTTP Request: POST https://open.bigmodel.cn/api/paas/v4/embeddings "HTTP/1.1 200 OK"
2026-06-03 21:41:43,169 INFO PUT http://localhost:9200/_bulk?refresh=false [status:200 duration:0.029s]
2026-06-03 21:41:43,169 INFO Progress: 46600/51354 (66.7/s) — ETA 71s
2026-06-03 21:41:43,172 INFO POST http://localhost:9200/_search/scroll [status:200 duration:0.003s]
2026-06-03 21:41:43,389 INFO HTTP Request: POST https://open.bigmodel.cn/api/paas/v4/embeddings "HTTP/1.1 200 OK"
2026-06-03 21:41:43,469 INFO PUT http://localhost:9200/_bulk?refresh=false [status:200 duration:0.030s]
2026-06-03 21:41:43,470 INFO Progress: 46620/51354 (66.7/s) — ETA 71s
2026-06-03 21:41:43,472 INFO POST http://localhost:9200/_search/scroll [status:200 duration:0.003s]
2026-06-03 21:41:43,714 INFO HTTP Request: POST https://open.bigmodel.cn/api/paas/v4/embeddings "HTTP/1.1 200 OK"
2026-06-03 21:41:43,785 INFO PUT http://localhost:9200/_bulk?refresh=false [status:200 duration:0.027s]
2026-06-03 21:41:43,785 INFO Progress: 46640/51354 (66.7/s) — ETA 71s
2026-06-03 21:41:43,788 INFO POST http://localhost:9200/_search/scroll [status:200 duration:0.003s]
2026-06-03 21:41:44,002 INFO HTTP Request: POST https://open.bigmodel.cn/api/paas/v4/embeddings "HTTP/1.1 200 OK"
2026-06-03 21:41:44,071 INFO PUT http://localhost:9200/_bulk?refresh=false [status:200 duration:0.026s]
2026-06-03 21:41:44,071 INFO Progress: 46660/51354 (66.7/s) — ETA 70s
2026-06-03 21:41:44,074 INFO POST http://localhost:9200/_search/scroll [status:200 duration:0.003s]
2026-06-03 21:41:44,292 INFO HTTP Request: POST https://open.bigmodel.cn/api/paas/v4/embeddings "HTTP/1.1 200 OK"
2026-06-03 21:41:44,355 INFO PUT http://localhost:9200/_bulk?refresh=false [status:200 duration:0.028s]
2026-06-03 21:41:44,355 INFO Progress: 46680/51354 (66.7/s) — ETA 70s
2026-06-03 21:41:44,358 INFO POST http://localhost:9200/_search/scroll [status:200 duration:0.003s]
2026-06-03 21:41:44,580 INFO HTTP Request: POST https://open.bigmodel.cn/api/paas/v4/embeddings "HTTP/1.1 200 OK"
2026-06-03 21:41:44,668 INFO PUT http://localhost:9200/_bulk?refresh=false [status:200 duration:0.030s]
2026-06-03 21:41:44,668 INFO Progress: 46700/51354 (66.7/s) — ETA 70s
2026-06-03 21:41:44,671 INFO POST http://localhost:9200/_search/scroll [status:200 duration:0.003s]
2026-06-03 21:41:44,885 INFO HTTP Request: POST https://open.bigmodel.cn/api/paas/v4/embeddings "HTTP/1.1 200 OK"
2026-06-03 21:41:44,977 INFO PUT http://localhost:9200/_bulk?refresh=false [status:200 duration:0.029s]
2026-06-03 21:41:44,978 INFO Progress: 46720/51354 (66.7/s) — ETA 69s
2026-06-03 21:41:44,980 INFO POST http://localhost:9200/_search/scroll [status:200 duration:0.003s]
2026-06-03 21:41:45,165 INFO HTTP Request: POST https://open.bigmodel.cn/api/paas/v4/embeddings "HTTP/1.1 200 OK"
2026-06-03 21:41:45,256 INFO PUT http://localhost:9200/_bulk?refresh=false [status:200 duration:0.027s]
2026-06-03 21:41:45,256 INFO Progress: 46740/51354 (66.7/s) — ETA 69s
2026-06-03 21:41:45,259 INFO POST http://localhost:9200/_search/scroll [status:200 duration:0.003s]
2026-06-03 21:41:45,435 INFO HTTP Request: POST https://open.bigmodel.cn/api/paas/v4/embeddings "HTTP/1.1 200 OK"
2026-06-03 21:41:45,509 INFO PUT http://localhost:9200/_bulk?refresh=false [status:200 duration:0.027s]
2026-06-03 21:41:45,509 INFO Progress: 46760/51354 (66.7/s) — ETA 69s
2026-06-03 21:41:45,512 INFO POST http://localhost:9200/_search/scroll [status:200 duration:0.003s]
2026-06-03 21:41:45,706 INFO HTTP Request: POST https://open.bigmodel.cn/api/paas/v4/embeddings "HTTP/1.1 200 OK"
2026-06-03 21:41:45,792 INFO PUT http://localhost:9200/_bulk?refresh=false [status:200 duration:0.028s]
2026-06-03 21:41:45,792 INFO Progress: 46780/51354 (66.7/s) — ETA 69s
2026-06-03 21:41:45,795 INFO POST http://localhost:9200/_search/scroll [status:200 duration:0.003s]
2026-06-03 21:41:45,967 INFO HTTP Request: POST https://open.bigmodel.cn/api/paas/v4/embeddings "HTTP/1.1 200 OK"
2026-06-03 21:41:46,058 INFO PUT http://localhost:9200/_bulk?refresh=false [status:200 duration:0.032s]
2026-06-03 21:41:46,058 INFO Progress: 46800/51354 (66.7/s) — ETA 68s
2026-06-03 21:41:46,061 INFO POST http://localhost:9200/_search/scroll [status:200 duration:0.003s]
2026-06-03 21:41:46,227 INFO HTTP Request: POST https://open.bigmodel.cn/api/paas/v4/embeddings "HTTP/1.1 200 OK"
2026-06-03 21:41:46,317 INFO PUT http://localhost:9200/_bulk?refresh=false [status:200 duration:0.031s]
2026-06-03 21:41:46,317 INFO Progress: 46820/51354 (66.7/s) — ETA 68s
2026-06-03 21:41:46,320 INFO POST http://localhost:9200/_search/scroll [status:200 duration:0.003s]
2026-06-03 21:41:46,503 INFO HTTP Request: POST https://open.bigmodel.cn/api/paas/v4/embeddings "HTTP/1.1 200 OK"
2026-06-03 21:41:46,570 INFO PUT http://localhost:9200/_bulk?refresh=false [status:200 duration:0.028s]
2026-06-03 21:41:46,570 INFO Progress: 46840/51354 (66.8/s) — ETA 68s
2026-06-03 21:41:46,573 INFO POST http://localhost:9200/_search/scroll [status:200 duration:0.003s]
2026-06-03 21:41:46,782 INFO HTTP Request: POST https://open.bigmodel.cn/api/paas/v4/embeddings "HTTP/1.1 200 OK"
2026-06-03 21:41:46,866 INFO PUT http://localhost:9200/_bulk?refresh=false [status:200 duration:0.025s]
2026-06-03 21:41:46,866 INFO Progress: 46860/51354 (66.8/s) — ETA 67s
2026-06-03 21:41:46,869 INFO POST http://localhost:9200/_search/scroll [status:200 duration:0.003s]
2026-06-03 21:41:47,075 INFO HTTP Request: POST https://open.bigmodel.cn/api/paas/v4/embeddings "HTTP/1.1 200 OK"
2026-06-03 21:41:47,144 INFO PUT http://localhost:9200/_bulk?refresh=false [status:200 duration:0.028s]
2026-06-03 21:41:47,145 INFO Progress: 46880/51354 (66.8/s) — ETA 67s
2026-06-03 21:41:47,147 INFO POST http://localhost:9200/_search/scroll [status:200 duration:0.003s]
2026-06-03 21:41:47,332 INFO HTTP Request: POST https://open.bigmodel.cn/api/paas/v4/embeddings "HTTP/1.1 200 OK"
2026-06-03 21:41:47,411 INFO PUT http://localhost:9200/_bulk?refresh=false [status:200 duration:0.028s]
2026-06-03 21:41:47,411 INFO Progress: 46900/51354 (66.8/s) — ETA 67s
2026-06-03 21:41:47,414 INFO POST http://localhost:9200/_search/scroll [status:200 duration:0.003s]
2026-06-03 21:41:47,587 INFO HTTP Request: POST https://open.bigmodel.cn/api/paas/v4/embeddings "HTTP/1.1 200 OK"
2026-06-03 21:41:47,672 INFO PUT http://localhost:9200/_bulk?refresh=false [status:200 duration:0.026s]
2026-06-03 21:41:47,672 INFO Progress: 46920/51354 (66.8/s) — ETA 66s
2026-06-03 21:41:47,675 INFO POST http://localhost:9200/_search/scroll [status:200 duration:0.003s]
2026-06-03 21:41:47,857 INFO HTTP Request: POST https://open.bigmodel.cn/api/paas/v4/embeddings "HTTP/1.1 200 OK"
2026-06-03 21:41:47,926 INFO PUT http://localhost:9200/_bulk?refresh=false [status:200 duration:0.026s]
2026-06-03 21:41:47,926 INFO Progress: 46940/51354 (66.8/s) — ETA 66s
2026-06-03 21:41:47,929 INFO POST http://localhost:9200/_search/scroll [status:200 duration:0.003s]
2026-06-03 21:41:48,127 INFO HTTP Request: POST https://open.bigmodel.cn/api/paas/v4/embeddings "HTTP/1.1 200 OK"
2026-06-03 21:41:48,190 INFO PUT http://localhost:9200/_bulk?refresh=false [status:200 duration:0.026s]
2026-06-03 21:41:48,191 INFO Progress: 46960/51354 (66.8/s) — ETA 66s
2026-06-03 21:41:48,193 INFO POST http://localhost:9200/_search/scroll [status:200 duration:0.003s]
2026-06-03 21:41:48,392 INFO HTTP Request: POST https://open.bigmodel.cn/api/paas/v4/embeddings "HTTP/1.1 200 OK"
2026-06-03 21:41:48,480 INFO PUT http://localhost:9200/_bulk?refresh=false [status:200 duration:0.026s]
2026-06-03 21:41:48,480 INFO Progress: 46980/51354 (66.8/s) — ETA 66s
2026-06-03 21:41:48,483 INFO POST http://localhost:9200/_search/scroll [status:200 duration:0.003s]
2026-06-03 21:41:48,707 INFO HTTP Request: POST https://open.bigmodel.cn/api/paas/v4/embeddings "HTTP/1.1 200 OK"
2026-06-03 21:41:48,796 INFO PUT http://localhost:9200/_bulk?refresh=false [status:200 duration:0.027s]
2026-06-03 21:41:48,797 INFO Progress: 47000/51354 (66.8/s) — ETA 65s
2026-06-03 21:41:48,799 INFO POST http://localhost:9200/_search/scroll [status:200 duration:0.003s]
2026-06-03 21:41:48,995 INFO HTTP Request: POST https://open.bigmodel.cn/api/paas/v4/embeddings "HTTP/1.1 200 OK"
2026-06-03 21:41:49,078 INFO PUT http://localhost:9200/_bulk?refresh=false [status:200 duration:0.025s]
2026-06-03 21:41:49,078 INFO Progress: 47020/51354 (66.8/s) — ETA 65s
2026-06-03 21:41:49,081 INFO POST http://localhost:9200/_search/scroll [status:200 duration:0.003s]
2026-06-03 21:41:49,277 INFO HTTP Request: POST https://open.bigmodel.cn/api/paas/v4/embeddings "HTTP/1.1 200 OK"
2026-06-03 21:41:49,343 INFO PUT http://localhost:9200/_bulk?refresh=false [status:200 duration:0.029s]
2026-06-03 21:41:49,343 INFO Progress: 47040/51354 (66.8/s) — ETA 65s
2026-06-03 21:41:49,346 INFO POST http://localhost:9200/_search/scroll [status:200 duration:0.003s]
2026-06-03 21:41:49,583 INFO HTTP Request: POST https://open.bigmodel.cn/api/paas/v4/embeddings "HTTP/1.1 200 OK"
2026-06-03 21:41:49,669 INFO PUT http://localhost:9200/_bulk?refresh=false [status:200 duration:0.029s]
2026-06-03 21:41:49,670 INFO Progress: 47060/51354 (66.8/s) — ETA 64s
2026-06-03 21:41:49,673 INFO POST http://localhost:9200/_search/scroll [status:200 duration:0.003s]
2026-06-03 21:41:49,880 INFO HTTP Request: POST https://open.bigmodel.cn/api/paas/v4/embeddings "HTTP/1.1 200 OK"
2026-06-03 21:41:49,943 INFO PUT http://localhost:9200/_bulk?refresh=false [status:200 duration:0.028s]
2026-06-03 21:41:49,943 INFO Progress: 47080/51354 (66.8/s) — ETA 64s
2026-06-03 21:41:49,946 INFO POST http://localhost:9200/_search/scroll [status:200 duration:0.003s]
2026-06-03 21:41:50,174 INFO HTTP Request: POST https://open.bigmodel.cn/api/paas/v4/embeddings "HTTP/1.1 200 OK"
2026-06-03 21:41:50,267 INFO PUT http://localhost:9200/_bulk?refresh=false [status:200 duration:0.034s]
2026-06-03 21:41:50,267 INFO Progress: 47100/51354 (66.8/s) — ETA 64s
2026-06-03 21:41:50,271 INFO POST http://localhost:9200/_search/scroll [status:200 duration:0.003s]
2026-06-03 21:41:50,513 INFO HTTP Request: POST https://open.bigmodel.cn/api/paas/v4/embeddings "HTTP/1.1 200 OK"
2026-06-03 21:41:50,595 INFO PUT http://localhost:9200/_bulk?refresh=false [status:200 duration:0.028s]
2026-06-03 21:41:50,596 INFO Progress: 47120/51354 (66.8/s) — ETA 63s
2026-06-03 21:41:50,598 INFO POST http://localhost:9200/_search/scroll [status:200 duration:0.003s]
2026-06-03 21:41:50,818 INFO HTTP Request: POST https://open.bigmodel.cn/api/paas/v4/embeddings "HTTP/1.1 200 OK"
2026-06-03 21:41:50,902 INFO PUT http://localhost:9200/_bulk?refresh=false [status:200 duration:0.029s]
2026-06-03 21:41:50,902 INFO Progress: 47140/51354 (66.8/s) — ETA 63s
2026-06-03 21:41:50,905 INFO POST http://localhost:9200/_search/scroll [status:200 duration:0.003s]
2026-06-03 21:41:51,125 INFO HTTP Request: POST https://open.bigmodel.cn/api/paas/v4/embeddings "HTTP/1.1 200 OK"
2026-06-03 21:41:51,210 INFO PUT http://localhost:9200/_bulk?refresh=false [status:200 duration:0.027s]
2026-06-03 21:41:51,210 INFO Progress: 47160/51354 (66.8/s) — ETA 63s
2026-06-03 21:41:51,213 INFO POST http://localhost:9200/_search/scroll [status:200 duration:0.003s]
2026-06-03 21:41:51,400 INFO HTTP Request: POST https://open.bigmodel.cn/api/paas/v4/embeddings "HTTP/1.1 200 OK"
2026-06-03 21:41:51,472 INFO PUT http://localhost:9200/_bulk?refresh=false [status:200 duration:0.028s]
2026-06-03 21:41:51,472 INFO Progress: 47180/51354 (66.8/s) — ETA 63s
2026-06-03 21:41:51,475 INFO POST http://localhost:9200/_search/scroll [status:200 duration:0.002s]
2026-06-03 21:41:51,667 INFO HTTP Request: POST https://open.bigmodel.cn/api/paas/v4/embeddings "HTTP/1.1 200 OK"
2026-06-03 21:41:51,738 INFO PUT http://localhost:9200/_bulk?refresh=false [status:200 duration:0.028s]
2026-06-03 21:41:51,738 INFO Progress: 47200/51354 (66.8/s) — ETA 62s
2026-06-03 21:41:51,742 INFO POST http://localhost:9200/_search/scroll [status:200 duration:0.003s]
2026-06-03 21:41:51,944 INFO HTTP Request: POST https://open.bigmodel.cn/api/paas/v4/embeddings "HTTP/1.1 200 OK"
2026-06-03 21:41:52,031 INFO PUT http://localhost:9200/_bulk?refresh=false [status:200 duration:0.026s]
2026-06-03 21:41:52,031 INFO Progress: 47220/51354 (66.8/s) — ETA 62s
2026-06-03 21:41:52,034 INFO POST http://localhost:9200/_search/scroll [status:200 duration:0.003s]
2026-06-03 21:41:52,217 INFO HTTP Request: POST https://open.bigmodel.cn/api/paas/v4/embeddings "HTTP/1.1 200 OK"
2026-06-03 21:41:52,283 INFO PUT http://localhost:9200/_bulk?refresh=false [status:200 duration:0.025s]
2026-06-03 21:41:52,283 INFO Progress: 47240/51354 (66.8/s) — ETA 62s
2026-06-03 21:41:52,286 INFO POST http://localhost:9200/_search/scroll [status:200 duration:0.003s]
2026-06-03 21:41:52,497 INFO HTTP Request: POST https://open.bigmodel.cn/api/paas/v4/embeddings "HTTP/1.1 200 OK"
2026-06-03 21:41:52,561 INFO PUT http://localhost:9200/_bulk?refresh=false [status:200 duration:0.028s]
2026-06-03 21:41:52,561 INFO Progress: 47260/51354 (66.8/s) — ETA 61s
2026-06-03 21:41:52,564 INFO POST http://localhost:9200/_search/scroll [status:200 duration:0.003s]
2026-06-03 21:41:52,765 INFO HTTP Request: POST https://open.bigmodel.cn/api/paas/v4/embeddings "HTTP/1.1 200 OK"
2026-06-03 21:41:52,851 INFO PUT http://localhost:9200/_bulk?refresh=false [status:200 duration:0.028s]
2026-06-03 21:41:52,852 INFO Progress: 47280/51354 (66.8/s) — ETA 61s
2026-06-03 21:41:52,854 INFO POST http://localhost:9200/_search/scroll [status:200 duration:0.003s]
2026-06-03 21:41:53,134 INFO HTTP Request: POST https://open.bigmodel.cn/api/paas/v4/embeddings "HTTP/1.1 200 OK"
2026-06-03 21:41:53,217 INFO PUT http://localhost:9200/_bulk?refresh=false [status:200 duration:0.026s]
2026-06-03 21:41:53,218 INFO Progress: 47300/51354 (66.8/s) — ETA 61s
2026-06-03 21:41:53,220 INFO POST http://localhost:9200/_search/scroll [status:200 duration:0.003s]
2026-06-03 21:41:53,396 INFO HTTP Request: POST https://open.bigmodel.cn/api/paas/v4/embeddings "HTTP/1.1 200 OK"
2026-06-03 21:41:53,462 INFO PUT http://localhost:9200/_bulk?refresh=false [status:200 duration:0.024s]
2026-06-03 21:41:53,462 INFO Progress: 47320/51354 (66.8/s) — ETA 60s
2026-06-03 21:41:53,465 INFO POST http://localhost:9200/_search/scroll [status:200 duration:0.003s]
2026-06-03 21:41:53,694 INFO HTTP Request: POST https://open.bigmodel.cn/api/paas/v4/embeddings "HTTP/1.1 200 OK"
2026-06-03 21:41:53,772 INFO PUT http://localhost:9200/_bulk?refresh=false [status:200 duration:0.028s]
2026-06-03 21:41:53,772 INFO Progress: 47340/51354 (66.8/s) — ETA 60s
2026-06-03 21:41:53,775 INFO POST http://localhost:9200/_search/scroll [status:200 duration:0.003s]
2026-06-03 21:41:53,970 INFO HTTP Request: POST https://open.bigmodel.cn/api/paas/v4/embeddings "HTTP/1.1 200 OK"
2026-06-03 21:41:54,056 INFO PUT http://localhost:9200/_bulk?refresh=false [status:200 duration:0.026s]
2026-06-03 21:41:54,056 INFO Progress: 47360/51354 (66.8/s) — ETA 60s
2026-06-03 21:41:54,059 INFO POST http://localhost:9200/_search/scroll [status:200 duration:0.003s]
2026-06-03 21:41:54,239 INFO HTTP Request: POST https://open.bigmodel.cn/api/paas/v4/embeddings "HTTP/1.1 200 OK"
2026-06-03 21:41:54,325 INFO PUT http://localhost:9200/_bulk?refresh=false [status:200 duration:0.029s]
2026-06-03 21:41:54,325 INFO Progress: 47380/51354 (66.8/s) — ETA 60s
2026-06-03 21:41:54,329 INFO POST http://localhost:9200/_search/scroll [status:200 duration:0.003s]
2026-06-03 21:41:54,549 INFO HTTP Request: POST https://open.bigmodel.cn/api/paas/v4/embeddings "HTTP/1.1 200 OK"
2026-06-03 21:41:54,632 INFO PUT http://localhost:9200/_bulk?refresh=false [status:200 duration:0.027s]
2026-06-03 21:41:54,632 INFO Progress: 47400/51354 (66.8/s) — ETA 59s
2026-06-03 21:41:54,635 INFO POST http://localhost:9200/_search/scroll [status:200 duration:0.003s]
2026-06-03 21:41:54,824 INFO HTTP Request: POST https://open.bigmodel.cn/api/paas/v4/embeddings "HTTP/1.1 200 OK"
2026-06-03 21:41:54,919 INFO PUT http://localhost:9200/_bulk?refresh=false [status:200 duration:0.038s]
2026-06-03 21:41:54,919 INFO Progress: 47420/51354 (66.8/s) — ETA 59s
2026-06-03 21:41:54,924 INFO POST http://localhost:9200/_search/scroll [status:200 duration:0.005s]
2026-06-03 21:41:55,126 INFO HTTP Request: POST https://open.bigmodel.cn/api/paas/v4/embeddings "HTTP/1.1 200 OK"
2026-06-03 21:41:55,210 INFO PUT http://localhost:9200/_bulk?refresh=false [status:200 duration:0.031s]
2026-06-03 21:41:55,210 INFO Progress: 47440/51354 (66.8/s) — ETA 59s
2026-06-03 21:41:55,215 INFO POST http://localhost:9200/_search/scroll [status:200 duration:0.004s]
2026-06-03 21:41:55,378 INFO HTTP Request: POST https://open.bigmodel.cn/api/paas/v4/embeddings "HTTP/1.1 200 OK"
2026-06-03 21:41:55,449 INFO PUT http://localhost:9200/_bulk?refresh=false [status:200 duration:0.025s]
2026-06-03 21:41:55,450 INFO Progress: 47460/51354 (66.8/s) — ETA 58s
2026-06-03 21:41:55,453 INFO POST http://localhost:9200/_search/scroll [status:200 duration:0.003s]
2026-06-03 21:41:55,685 INFO HTTP Request: POST https://open.bigmodel.cn/api/paas/v4/embeddings "HTTP/1.1 200 OK"
2026-06-03 21:41:55,770 INFO PUT http://localhost:9200/_bulk?refresh=false [status:200 duration:0.023s]
2026-06-03 21:41:55,771 INFO Progress: 47480/51354 (66.8/s) — ETA 58s
2026-06-03 21:41:55,774 INFO POST http://localhost:9200/_search/scroll [status:200 duration:0.003s]
2026-06-03 21:41:55,978 INFO HTTP Request: POST https://open.bigmodel.cn/api/paas/v4/embeddings "HTTP/1.1 200 OK"
2026-06-03 21:41:56,053 INFO PUT http://localhost:9200/_bulk?refresh=false [status:200 duration:0.033s]
2026-06-03 21:41:56,053 INFO Progress: 47500/51354 (66.8/s) — ETA 58s
2026-06-03 21:41:56,056 INFO POST http://localhost:9200/_search/scroll [status:200 duration:0.003s]
2026-06-03 21:41:56,315 INFO HTTP Request: POST https://open.bigmodel.cn/api/paas/v4/embeddings "HTTP/1.1 200 OK"
2026-06-03 21:41:56,398 INFO PUT http://localhost:9200/_bulk?refresh=false [status:200 duration:0.028s]
2026-06-03 21:41:56,398 INFO Progress: 47520/51354 (66.8/s) — ETA 57s
2026-06-03 21:41:56,401 INFO POST http://localhost:9200/_search/scroll [status:200 duration:0.003s]
2026-06-03 21:41:56,613 INFO HTTP Request: POST https://open.bigmodel.cn/api/paas/v4/embeddings "HTTP/1.1 200 OK"
2026-06-03 21:41:56,699 INFO PUT http://localhost:9200/_bulk?refresh=false [status:200 duration:0.027s]
2026-06-03 21:41:56,700 INFO Progress: 47540/51354 (66.8/s) — ETA 57s
2026-06-03 21:41:56,702 INFO POST http://localhost:9200/_search/scroll [status:200 duration:0.003s]
2026-06-03 21:41:56,908 INFO HTTP Request: POST https://open.bigmodel.cn/api/paas/v4/embeddings "HTTP/1.1 200 OK"
2026-06-03 21:41:56,996 INFO PUT http://localhost:9200/_bulk?refresh=false [status:200 duration:0.028s]
2026-06-03 21:41:56,996 INFO Progress: 47560/51354 (66.8/s) — ETA 57s
2026-06-03 21:41:56,999 INFO POST http://localhost:9200/_search/scroll [status:200 duration:0.003s]
2026-06-03 21:41:57,247 INFO HTTP Request: POST https://open.bigmodel.cn/api/paas/v4/embeddings "HTTP/1.1 200 OK"
2026-06-03 21:41:57,310 INFO PUT http://localhost:9200/_bulk?refresh=false [status:200 duration:0.027s]
2026-06-03 21:41:57,310 INFO Progress: 47580/51354 (66.8/s) — ETA 57s
2026-06-03 21:41:57,313 INFO POST http://localhost:9200/_search/scroll [status:200 duration:0.003s]
2026-06-03 21:41:57,544 INFO HTTP Request: POST https://open.bigmodel.cn/api/paas/v4/embeddings "HTTP/1.1 200 OK"
2026-06-03 21:41:57,630 INFO PUT http://localhost:9200/_bulk?refresh=false [status:200 duration:0.029s]
2026-06-03 21:41:57,630 INFO Progress: 47600/51354 (66.8/s) — ETA 56s
2026-06-03 21:41:57,633 INFO POST http://localhost:9200/_search/scroll [status:200 duration:0.003s]
2026-06-03 21:41:57,828 INFO HTTP Request: POST https://open.bigmodel.cn/api/paas/v4/embeddings "HTTP/1.1 200 OK"
2026-06-03 21:41:57,924 INFO PUT http://localhost:9200/_bulk?refresh=false [status:200 duration:0.028s]
2026-06-03 21:41:57,924 INFO Progress: 47620/51354 (66.8/s) — ETA 56s
2026-06-03 21:41:57,926 INFO POST http://localhost:9200/_search/scroll [status:200 duration:0.002s]
2026-06-03 21:41:58,174 INFO HTTP Request: POST https://open.bigmodel.cn/api/paas/v4/embeddings "HTTP/1.1 200 OK"
2026-06-03 21:41:58,240 INFO PUT http://localhost:9200/_bulk?refresh=false [status:200 duration:0.029s]
2026-06-03 21:41:58,240 INFO Progress: 47640/51354 (66.8/s) — ETA 56s
2026-06-03 21:41:58,243 INFO POST http://localhost:9200/_search/scroll [status:200 duration:0.003s]
2026-06-03 21:41:58,435 INFO HTTP Request: POST https://open.bigmodel.cn/api/paas/v4/embeddings "HTTP/1.1 200 OK"
2026-06-03 21:41:58,503 INFO PUT http://localhost:9200/_bulk?refresh=false [status:200 duration:0.026s]
2026-06-03 21:41:58,503 INFO Progress: 47660/51354 (66.8/s) — ETA 55s
2026-06-03 21:41:58,506 INFO POST http://localhost:9200/_search/scroll [status:200 duration:0.003s]
2026-06-03 21:41:58,734 INFO HTTP Request: POST https://open.bigmodel.cn/api/paas/v4/embeddings "HTTP/1.1 200 OK"
2026-06-03 21:41:58,819 INFO PUT http://localhost:9200/_bulk?refresh=false [status:200 duration:0.028s]
2026-06-03 21:41:58,820 INFO Progress: 47680/51354 (66.8/s) — ETA 55s
2026-06-03 21:41:58,822 INFO POST http://localhost:9200/_search/scroll [status:200 duration:0.003s]
2026-06-03 21:41:59,026 INFO HTTP Request: POST https://open.bigmodel.cn/api/paas/v4/embeddings "HTTP/1.1 200 OK"
2026-06-03 21:41:59,105 INFO PUT http://localhost:9200/_bulk?refresh=false [status:200 duration:0.026s]
2026-06-03 21:41:59,105 INFO Progress: 47700/51354 (66.8/s) — ETA 55s
2026-06-03 21:41:59,108 INFO POST http://localhost:9200/_search/scroll [status:200 duration:0.003s]
2026-06-03 21:41:59,315 INFO HTTP Request: POST https://open.bigmodel.cn/api/paas/v4/embeddings "HTTP/1.1 200 OK"
2026-06-03 21:41:59,400 INFO PUT http://localhost:9200/_bulk?refresh=false [status:200 duration:0.027s]
2026-06-03 21:41:59,400 INFO Progress: 47720/51354 (66.8/s) — ETA 54s
2026-06-03 21:41:59,403 INFO POST http://localhost:9200/_search/scroll [status:200 duration:0.003s]
2026-06-03 21:41:59,580 INFO HTTP Request: POST https://open.bigmodel.cn/api/paas/v4/embeddings "HTTP/1.1 200 OK"
2026-06-03 21:41:59,663 INFO PUT http://localhost:9200/_bulk?refresh=false [status:200 duration:0.030s]
2026-06-03 21:41:59,663 INFO Progress: 47740/51354 (66.8/s) — ETA 54s
2026-06-03 21:41:59,666 INFO POST http://localhost:9200/_search/scroll [status:200 duration:0.003s]
2026-06-03 21:41:59,842 INFO HTTP Request: POST https://open.bigmodel.cn/api/paas/v4/embeddings "HTTP/1.1 200 OK"
2026-06-03 21:41:59,912 INFO PUT http://localhost:9200/_bulk?refresh=false [status:200 duration:0.027s]
2026-06-03 21:41:59,912 INFO Progress: 47760/51354 (66.8/s) — ETA 54s
2026-06-03 21:41:59,915 INFO POST http://localhost:9200/_search/scroll [status:200 duration:0.002s]
2026-06-03 21:42:00,118 INFO HTTP Request: POST https://open.bigmodel.cn/api/paas/v4/embeddings "HTTP/1.1 200 OK"
2026-06-03 21:42:00,206 INFO PUT http://localhost:9200/_bulk?refresh=false [status:200 duration:0.026s]
2026-06-03 21:42:00,206 INFO Progress: 47780/51354 (66.8/s) — ETA 54s
2026-06-03 21:42:00,209 INFO POST http://localhost:9200/_search/scroll [status:200 duration:0.003s]
2026-06-03 21:42:00,437 INFO HTTP Request: POST https://open.bigmodel.cn/api/paas/v4/embeddings "HTTP/1.1 200 OK"
2026-06-03 21:42:00,495 INFO PUT http://localhost:9200/_bulk?refresh=false [status:200 duration:0.028s]
2026-06-03 21:42:00,495 INFO Progress: 47800/51354 (66.8/s) — ETA 53s
2026-06-03 21:42:00,498 INFO POST http://localhost:9200/_search/scroll [status:200 duration:0.003s]
2026-06-03 21:42:00,688 INFO HTTP Request: POST https://open.bigmodel.cn/api/paas/v4/embeddings "HTTP/1.1 200 OK"
2026-06-03 21:42:00,776 INFO PUT http://localhost:9200/_bulk?refresh=false [status:200 duration:0.026s]
2026-06-03 21:42:00,776 INFO Progress: 47820/51354 (66.8/s) — ETA 53s
2026-06-03 21:42:00,779 INFO POST http://localhost:9200/_search/scroll [status:200 duration:0.003s]
2026-06-03 21:42:00,959 INFO HTTP Request: POST https://open.bigmodel.cn/api/paas/v4/embeddings "HTTP/1.1 200 OK"
2026-06-03 21:42:01,043 INFO PUT http://localhost:9200/_bulk?refresh=false [status:200 duration:0.028s]
2026-06-03 21:42:01,043 INFO Progress: 47840/51354 (66.8/s) — ETA 53s
2026-06-03 21:42:01,046 INFO POST http://localhost:9200/_search/scroll [status:200 duration:0.003s]
2026-06-03 21:42:01,244 INFO HTTP Request: POST https://open.bigmodel.cn/api/paas/v4/embeddings "HTTP/1.1 200 OK"
2026-06-03 21:42:01,324 INFO PUT http://localhost:9200/_bulk?refresh=false [status:200 duration:0.026s]
2026-06-03 21:42:01,325 INFO Progress: 47860/51354 (66.8/s) — ETA 52s
2026-06-03 21:42:01,328 INFO POST http://localhost:9200/_search/scroll [status:200 duration:0.003s]
2026-06-03 21:42:01,525 INFO HTTP Request: POST https://open.bigmodel.cn/api/paas/v4/embeddings "HTTP/1.1 200 OK"
2026-06-03 21:42:01,612 INFO PUT http://localhost:9200/_bulk?refresh=false [status:200 duration:0.029s]
2026-06-03 21:42:01,612 INFO Progress: 47880/51354 (66.8/s) — ETA 52s
2026-06-03 21:42:01,615 INFO POST http://localhost:9200/_search/scroll [status:200 duration:0.003s]
2026-06-03 21:42:01,848 INFO HTTP Request: POST https://open.bigmodel.cn/api/paas/v4/embeddings "HTTP/1.1 200 OK"
2026-06-03 21:42:01,935 INFO PUT http://localhost:9200/_bulk?refresh=false [status:200 duration:0.028s]
2026-06-03 21:42:01,935 INFO Progress: 47900/51354 (66.8/s) — ETA 52s
2026-06-03 21:42:01,938 INFO POST http://localhost:9200/_search/scroll [status:200 duration:0.003s]
2026-06-03 21:42:02,125 INFO HTTP Request: POST https://open.bigmodel.cn/api/paas/v4/embeddings "HTTP/1.1 200 OK"
2026-06-03 21:42:02,205 INFO PUT http://localhost:9200/_bulk?refresh=false [status:200 duration:0.024s]
2026-06-03 21:42:02,205 INFO Progress: 47920/51354 (66.8/s) — ETA 51s
2026-06-03 21:42:02,208 INFO POST http://localhost:9200/_search/scroll [status:200 duration:0.003s]
2026-06-03 21:42:02,396 INFO HTTP Request: POST https://open.bigmodel.cn/api/paas/v4/embeddings "HTTP/1.1 200 OK"
2026-06-03 21:42:02,458 INFO PUT http://localhost:9200/_bulk?refresh=false [status:200 duration:0.025s]
2026-06-03 21:42:02,458 INFO Progress: 47940/51354 (66.8/s) — ETA 51s
2026-06-03 21:42:02,461 INFO POST http://localhost:9200/_search/scroll [status:200 duration:0.003s]
2026-06-03 21:42:02,662 INFO HTTP Request: POST https://open.bigmodel.cn/api/paas/v4/embeddings "HTTP/1.1 200 OK"
2026-06-03 21:42:02,723 INFO PUT http://localhost:9200/_bulk?refresh=false [status:200 duration:0.025s]
2026-06-03 21:42:02,723 INFO Progress: 47960/51354 (66.8/s) — ETA 51s
2026-06-03 21:42:02,725 INFO POST http://localhost:9200/_search/scroll [status:200 duration:0.002s]
2026-06-03 21:42:02,926 INFO HTTP Request: POST https://open.bigmodel.cn/api/paas/v4/embeddings "HTTP/1.1 200 OK"
2026-06-03 21:42:03,011 INFO PUT http://localhost:9200/_bulk?refresh=false [status:200 duration:0.030s]
2026-06-03 21:42:03,011 INFO Progress: 47980/51354 (66.8/s) — ETA 51s
2026-06-03 21:42:03,014 INFO POST http://localhost:9200/_search/scroll [status:200 duration:0.003s]
2026-06-03 21:42:03,257 INFO HTTP Request: POST https://open.bigmodel.cn/api/paas/v4/embeddings "HTTP/1.1 200 OK"
2026-06-03 21:42:03,350 INFO PUT http://localhost:9200/_bulk?refresh=false [status:200 duration:0.025s]
2026-06-03 21:42:03,350 INFO Progress: 48000/51354 (66.8/s) — ETA 50s
2026-06-03 21:42:03,353 INFO POST http://localhost:9200/_search/scroll [status:200 duration:0.003s]
2026-06-03 21:42:03,534 INFO HTTP Request: POST https://open.bigmodel.cn/api/paas/v4/embeddings "HTTP/1.1 200 OK"
2026-06-03 21:42:03,604 INFO PUT http://localhost:9200/_bulk?refresh=false [status:200 duration:0.027s]
2026-06-03 21:42:03,604 INFO Progress: 48020/51354 (66.8/s) — ETA 50s
2026-06-03 21:42:03,607 INFO POST http://localhost:9200/_search/scroll [status:200 duration:0.003s]
2026-06-03 21:42:03,793 INFO HTTP Request: POST https://open.bigmodel.cn/api/paas/v4/embeddings "HTTP/1.1 200 OK"
2026-06-03 21:42:03,879 INFO PUT http://localhost:9200/_bulk?refresh=false [status:200 duration:0.028s]
2026-06-03 21:42:03,880 INFO Progress: 48040/51354 (66.8/s) — ETA 50s
2026-06-03 21:42:03,882 INFO POST http://localhost:9200/_search/scroll [status:200 duration:0.003s]
2026-06-03 21:42:04,085 INFO HTTP Request: POST https://open.bigmodel.cn/api/paas/v4/embeddings "HTTP/1.1 200 OK"
2026-06-03 21:42:04,167 INFO PUT http://localhost:9200/_bulk?refresh=false [status:200 duration:0.032s]
2026-06-03 21:42:04,167 INFO Progress: 48060/51354 (66.8/s) — ETA 49s
2026-06-03 21:42:04,170 INFO POST http://localhost:9200/_search/scroll [status:200 duration:0.003s]
2026-06-03 21:42:04,367 INFO HTTP Request: POST https://open.bigmodel.cn/api/paas/v4/embeddings "HTTP/1.1 200 OK"
2026-06-03 21:42:04,436 INFO PUT http://localhost:9200/_bulk?refresh=false [status:200 duration:0.029s]
2026-06-03 21:42:04,436 INFO Progress: 48080/51354 (66.8/s) — ETA 49s
2026-06-03 21:42:04,439 INFO POST http://localhost:9200/_search/scroll [status:200 duration:0.003s]
2026-06-03 21:42:04,639 INFO HTTP Request: POST https://open.bigmodel.cn/api/paas/v4/embeddings "HTTP/1.1 200 OK"
2026-06-03 21:42:04,724 INFO PUT http://localhost:9200/_bulk?refresh=false [status:200 duration:0.028s]
2026-06-03 21:42:04,724 INFO Progress: 48100/51354 (66.8/s) — ETA 49s
2026-06-03 21:42:04,727 INFO POST http://localhost:9200/_search/scroll [status:200 duration:0.003s]
2026-06-03 21:42:04,994 INFO HTTP Request: POST https://open.bigmodel.cn/api/paas/v4/embeddings "HTTP/1.1 200 OK"
2026-06-03 21:42:05,069 INFO PUT http://localhost:9200/_bulk?refresh=false [status:200 duration:0.030s]
2026-06-03 21:42:05,070 INFO Progress: 48120/51354 (66.8/s) — ETA 48s
2026-06-03 21:42:05,073 INFO POST http://localhost:9200/_search/scroll [status:200 duration:0.003s]
2026-06-03 21:42:05,307 INFO HTTP Request: POST https://open.bigmodel.cn/api/paas/v4/embeddings "HTTP/1.1 200 OK"
2026-06-03 21:42:05,391 INFO PUT http://localhost:9200/_bulk?refresh=false [status:200 duration:0.027s]
2026-06-03 21:42:05,391 INFO Progress: 48140/51354 (66.8/s) — ETA 48s
2026-06-03 21:42:05,394 INFO POST http://localhost:9200/_search/scroll [status:200 duration:0.003s]
2026-06-03 21:42:05,640 INFO HTTP Request: POST https://open.bigmodel.cn/api/paas/v4/embeddings "HTTP/1.1 200 OK"
2026-06-03 21:42:05,728 INFO PUT http://localhost:9200/_bulk?refresh=false [status:200 duration:0.028s]
2026-06-03 21:42:05,728 INFO Progress: 48160/51354 (66.8/s) — ETA 48s
2026-06-03 21:42:05,731 INFO POST http://localhost:9200/_search/scroll [status:200 duration:0.003s]
2026-06-03 21:42:05,918 INFO HTTP Request: POST https://open.bigmodel.cn/api/paas/v4/embeddings "HTTP/1.1 200 OK"
2026-06-03 21:42:05,992 INFO PUT http://localhost:9200/_bulk?refresh=false [status:200 duration:0.027s]
2026-06-03 21:42:05,992 INFO Progress: 48180/51354 (66.8/s) — ETA 48s
2026-06-03 21:42:05,995 INFO POST http://localhost:9200/_search/scroll [status:200 duration:0.003s]
2026-06-03 21:42:06,160 INFO HTTP Request: POST https://open.bigmodel.cn/api/paas/v4/embeddings "HTTP/1.1 200 OK"
2026-06-03 21:42:06,219 INFO PUT http://localhost:9200/_bulk?refresh=false [status:200 duration:0.029s]
2026-06-03 21:42:06,219 INFO Progress: 48200/51354 (66.8/s) — ETA 47s
2026-06-03 21:42:06,222 INFO POST http://localhost:9200/_search/scroll [status:200 duration:0.003s]
2026-06-03 21:42:06,408 INFO HTTP Request: POST https://open.bigmodel.cn/api/paas/v4/embeddings "HTTP/1.1 200 OK"
2026-06-03 21:42:06,490 INFO PUT http://localhost:9200/_bulk?refresh=false [status:200 duration:0.025s]
2026-06-03 21:42:06,490 INFO Progress: 48220/51354 (66.8/s) — ETA 47s
2026-06-03 21:42:06,493 INFO POST http://localhost:9200/_search/scroll [status:200 duration:0.003s]
2026-06-03 21:42:06,727 INFO HTTP Request: POST https://open.bigmodel.cn/api/paas/v4/embeddings "HTTP/1.1 200 OK"
2026-06-03 21:42:06,814 INFO PUT http://localhost:9200/_bulk?refresh=false [status:200 duration:0.029s]
2026-06-03 21:42:06,814 INFO Progress: 48240/51354 (66.8/s) — ETA 47s
2026-06-03 21:42:06,817 INFO POST http://localhost:9200/_search/scroll [status:200 duration:0.003s]
2026-06-03 21:42:06,982 INFO HTTP Request: POST https://open.bigmodel.cn/api/paas/v4/embeddings "HTTP/1.1 200 OK"
2026-06-03 21:42:07,065 INFO PUT http://localhost:9200/_bulk?refresh=false [status:200 duration:0.028s]
2026-06-03 21:42:07,065 INFO Progress: 48260/51354 (66.8/s) — ETA 46s
2026-06-03 21:42:07,068 INFO POST http://localhost:9200/_search/scroll [status:200 duration:0.003s]
2026-06-03 21:42:07,272 INFO HTTP Request: POST https://open.bigmodel.cn/api/paas/v4/embeddings "HTTP/1.1 200 OK"
2026-06-03 21:42:07,358 INFO PUT http://localhost:9200/_bulk?refresh=false [status:200 duration:0.027s]
2026-06-03 21:42:07,358 INFO Progress: 48280/51354 (66.8/s) — ETA 46s
2026-06-03 21:42:07,361 INFO POST http://localhost:9200/_search/scroll [status:200 duration:0.003s]
2026-06-03 21:42:07,578 INFO HTTP Request: POST https://open.bigmodel.cn/api/paas/v4/embeddings "HTTP/1.1 200 OK"
2026-06-03 21:42:07,656 INFO PUT http://localhost:9200/_bulk?refresh=false [status:200 duration:0.032s]
2026-06-03 21:42:07,656 INFO Progress: 48300/51354 (66.8/s) — ETA 46s
2026-06-03 21:42:07,659 INFO POST http://localhost:9200/_search/scroll [status:200 duration:0.003s]
2026-06-03 21:42:07,848 INFO HTTP Request: POST https://open.bigmodel.cn/api/paas/v4/embeddings "HTTP/1.1 200 OK"
2026-06-03 21:42:07,937 INFO PUT http://localhost:9200/_bulk?refresh=false [status:200 duration:0.034s]
2026-06-03 21:42:07,937 INFO Progress: 48320/51354 (66.8/s) — ETA 45s
2026-06-03 21:42:07,941 INFO POST http://localhost:9200/_search/scroll [status:200 duration:0.003s]
2026-06-03 21:42:08,156 INFO HTTP Request: POST https://open.bigmodel.cn/api/paas/v4/embeddings "HTTP/1.1 200 OK"
2026-06-03 21:42:08,362 INFO PUT http://localhost:9200/_bulk?refresh=false [status:200 duration:0.148s]
2026-06-03 21:42:08,362 INFO Progress: 48340/51354 (66.8/s) — ETA 45s
2026-06-03 21:42:08,368 INFO POST http://localhost:9200/_search/scroll [status:200 duration:0.005s]
2026-06-03 21:42:08,567 INFO HTTP Request: POST https://open.bigmodel.cn/api/paas/v4/embeddings "HTTP/1.1 200 OK"
2026-06-03 21:42:08,643 INFO PUT http://localhost:9200/_bulk?refresh=false [status:200 duration:0.025s]
2026-06-03 21:42:08,644 INFO Progress: 48360/51354 (66.8/s) — ETA 45s
2026-06-03 21:42:08,647 INFO POST http://localhost:9200/_search/scroll [status:200 duration:0.003s]
2026-06-03 21:42:08,871 INFO HTTP Request: POST https://open.bigmodel.cn/api/paas/v4/embeddings "HTTP/1.1 200 OK"
2026-06-03 21:42:08,940 INFO PUT http://localhost:9200/_bulk?refresh=false [status:200 duration:0.023s]
2026-06-03 21:42:08,940 INFO Progress: 48380/51354 (66.8/s) — ETA 45s
2026-06-03 21:42:08,943 INFO POST http://localhost:9200/_search/scroll [status:200 duration:0.003s]
2026-06-03 21:42:09,181 INFO HTTP Request: POST https://open.bigmodel.cn/api/paas/v4/embeddings "HTTP/1.1 200 OK"
2026-06-03 21:42:09,242 INFO PUT http://localhost:9200/_bulk?refresh=false [status:200 duration:0.023s]
2026-06-03 21:42:09,242 INFO Progress: 48400/51354 (66.8/s) — ETA 44s
2026-06-03 21:42:09,245 INFO POST http://localhost:9200/_search/scroll [status:200 duration:0.003s]
2026-06-03 21:42:09,413 INFO HTTP Request: POST https://open.bigmodel.cn/api/paas/v4/embeddings "HTTP/1.1 200 OK"
2026-06-03 21:42:09,493 INFO PUT http://localhost:9200/_bulk?refresh=false [status:200 duration:0.023s]
2026-06-03 21:42:09,493 INFO Progress: 48420/51354 (66.8/s) — ETA 44s
2026-06-03 21:42:09,496 INFO POST http://localhost:9200/_search/scroll [status:200 duration:0.003s]
2026-06-03 21:42:09,702 INFO HTTP Request: POST https://open.bigmodel.cn/api/paas/v4/embeddings "HTTP/1.1 200 OK"
2026-06-03 21:42:09,784 INFO PUT http://localhost:9200/_bulk?refresh=false [status:200 duration:0.024s]
2026-06-03 21:42:09,784 INFO Progress: 48440/51354 (66.8/s) — ETA 44s
2026-06-03 21:42:09,787 INFO POST http://localhost:9200/_search/scroll [status:200 duration:0.003s]
2026-06-03 21:42:09,998 INFO HTTP Request: POST https://open.bigmodel.cn/api/paas/v4/embeddings "HTTP/1.1 200 OK"
2026-06-03 21:42:10,061 INFO PUT http://localhost:9200/_bulk?refresh=false [status:200 duration:0.024s]
2026-06-03 21:42:10,061 INFO Progress: 48460/51354 (66.8/s) — ETA 43s
2026-06-03 21:42:10,064 INFO POST http://localhost:9200/_search/scroll [status:200 duration:0.003s]
2026-06-03 21:42:10,300 INFO HTTP Request: POST https://open.bigmodel.cn/api/paas/v4/embeddings "HTTP/1.1 200 OK"
2026-06-03 21:42:10,385 INFO PUT http://localhost:9200/_bulk?refresh=false [status:200 duration:0.024s]
2026-06-03 21:42:10,385 INFO Progress: 48480/51354 (66.8/s) — ETA 43s
2026-06-03 21:42:10,388 INFO POST http://localhost:9200/_search/scroll [status:200 duration:0.003s]
2026-06-03 21:42:10,570 INFO HTTP Request: POST https://open.bigmodel.cn/api/paas/v4/embeddings "HTTP/1.1 200 OK"
2026-06-03 21:42:10,652 INFO PUT http://localhost:9200/_bulk?refresh=false [status:200 duration:0.023s]
2026-06-03 21:42:10,652 INFO Progress: 48500/51354 (66.8/s) — ETA 43s
2026-06-03 21:42:10,655 INFO POST http://localhost:9200/_search/scroll [status:200 duration:0.003s]
2026-06-03 21:42:10,847 INFO HTTP Request: POST https://open.bigmodel.cn/api/paas/v4/embeddings "HTTP/1.1 200 OK"
2026-06-03 21:42:10,922 INFO PUT http://localhost:9200/_bulk?refresh=false [status:200 duration:0.024s]
2026-06-03 21:42:10,922 INFO Progress: 48520/51354 (66.8/s) — ETA 42s
2026-06-03 21:42:10,925 INFO POST http://localhost:9200/_search/scroll [status:200 duration:0.003s]
2026-06-03 21:42:11,188 INFO HTTP Request: POST https://open.bigmodel.cn/api/paas/v4/embeddings "HTTP/1.1 200 OK"
2026-06-03 21:42:11,272 INFO PUT http://localhost:9200/_bulk?refresh=false [status:200 duration:0.025s]
2026-06-03 21:42:11,272 INFO Progress: 48540/51354 (66.8/s) — ETA 42s
2026-06-03 21:42:11,275 INFO POST http://localhost:9200/_search/scroll [status:200 duration:0.003s]
2026-06-03 21:42:11,455 INFO HTTP Request: POST https://open.bigmodel.cn/api/paas/v4/embeddings "HTTP/1.1 200 OK"
2026-06-03 21:42:11,537 INFO PUT http://localhost:9200/_bulk?refresh=false [status:200 duration:0.024s]
2026-06-03 21:42:11,538 INFO Progress: 48560/51354 (66.8/s) — ETA 42s
2026-06-03 21:42:11,541 INFO POST http://localhost:9200/_search/scroll [status:200 duration:0.003s]
2026-06-03 21:42:11,750 INFO HTTP Request: POST https://open.bigmodel.cn/api/paas/v4/embeddings "HTTP/1.1 200 OK"
2026-06-03 21:42:11,834 INFO PUT http://localhost:9200/_bulk?refresh=false [status:200 duration:0.025s]
2026-06-03 21:42:11,834 INFO Progress: 48580/51354 (66.8/s) — ETA 42s
2026-06-03 21:42:11,837 INFO POST http://localhost:9200/_search/scroll [status:200 duration:0.003s]
2026-06-03 21:42:12,029 INFO HTTP Request: POST https://open.bigmodel.cn/api/paas/v4/embeddings "HTTP/1.1 200 OK"
2026-06-03 21:42:12,106 INFO PUT http://localhost:9200/_bulk?refresh=false [status:200 duration:0.024s]
2026-06-03 21:42:12,106 INFO Progress: 48600/51354 (66.8/s) — ETA 41s
2026-06-03 21:42:12,109 INFO POST http://localhost:9200/_search/scroll [status:200 duration:0.003s]
2026-06-03 21:42:12,291 INFO HTTP Request: POST https://open.bigmodel.cn/api/paas/v4/embeddings "HTTP/1.1 200 OK"
2026-06-03 21:42:12,370 INFO PUT http://localhost:9200/_bulk?refresh=false [status:200 duration:0.026s]
2026-06-03 21:42:12,371 INFO Progress: 48620/51354 (66.8/s) — ETA 41s
2026-06-03 21:42:12,374 INFO POST http://localhost:9200/_search/scroll [status:200 duration:0.003s]
2026-06-03 21:42:12,553 INFO HTTP Request: POST https://open.bigmodel.cn/api/paas/v4/embeddings "HTTP/1.1 200 OK"
2026-06-03 21:42:12,628 INFO PUT http://localhost:9200/_bulk?refresh=false [status:200 duration:0.031s]
2026-06-03 21:42:12,628 INFO Progress: 48640/51354 (66.8/s) — ETA 41s
2026-06-03 21:42:12,631 INFO POST http://localhost:9200/_search/scroll [status:200 duration:0.003s]
2026-06-03 21:42:12,809 INFO HTTP Request: POST https://open.bigmodel.cn/api/paas/v4/embeddings "HTTP/1.1 200 OK"
2026-06-03 21:42:12,870 INFO PUT http://localhost:9200/_bulk?refresh=false [status:200 duration:0.024s]
2026-06-03 21:42:12,871 INFO Progress: 48660/51354 (66.8/s) — ETA 40s
2026-06-03 21:42:12,874 INFO POST http://localhost:9200/_search/scroll [status:200 duration:0.003s]
2026-06-03 21:42:13,096 INFO HTTP Request: POST https://open.bigmodel.cn/api/paas/v4/embeddings "HTTP/1.1 200 OK"
2026-06-03 21:42:13,175 INFO PUT http://localhost:9200/_bulk?refresh=false [status:200 duration:0.024s]
2026-06-03 21:42:13,175 INFO Progress: 48680/51354 (66.8/s) — ETA 40s
2026-06-03 21:42:13,178 INFO POST http://localhost:9200/_search/scroll [status:200 duration:0.003s]
2026-06-03 21:42:13,363 INFO HTTP Request: POST https://open.bigmodel.cn/api/paas/v4/embeddings "HTTP/1.1 200 OK"
2026-06-03 21:42:13,424 INFO PUT http://localhost:9200/_bulk?refresh=false [status:200 duration:0.025s]
2026-06-03 21:42:13,424 INFO Progress: 48700/51354 (66.8/s) — ETA 40s
2026-06-03 21:42:13,427 INFO POST http://localhost:9200/_search/scroll [status:200 duration:0.003s]
2026-06-03 21:42:13,623 INFO HTTP Request: POST https://open.bigmodel.cn/api/paas/v4/embeddings "HTTP/1.1 200 OK"
2026-06-03 21:42:13,693 INFO PUT http://localhost:9200/_bulk?refresh=false [status:200 duration:0.025s]
2026-06-03 21:42:13,694 INFO Progress: 48720/51354 (66.8/s) — ETA 39s
2026-06-03 21:42:13,696 INFO POST http://localhost:9200/_search/scroll [status:200 duration:0.003s]
2026-06-03 21:42:13,960 INFO HTTP Request: POST https://open.bigmodel.cn/api/paas/v4/embeddings "HTTP/1.1 200 OK"
2026-06-03 21:42:14,030 INFO PUT http://localhost:9200/_bulk?refresh=false [status:200 duration:0.026s]
2026-06-03 21:42:14,030 INFO Progress: 48740/51354 (66.8/s) — ETA 39s
2026-06-03 21:42:14,033 INFO POST http://localhost:9200/_search/scroll [status:200 duration:0.003s]
2026-06-03 21:42:14,229 INFO HTTP Request: POST https://open.bigmodel.cn/api/paas/v4/embeddings "HTTP/1.1 200 OK"
2026-06-03 21:42:14,311 INFO PUT http://localhost:9200/_bulk?refresh=false [status:200 duration:0.023s]
2026-06-03 21:42:14,311 INFO Progress: 48760/51354 (66.8/s) — ETA 39s
2026-06-03 21:42:14,314 INFO POST http://localhost:9200/_search/scroll [status:200 duration:0.003s]
2026-06-03 21:42:14,509 INFO HTTP Request: POST https://open.bigmodel.cn/api/paas/v4/embeddings "HTTP/1.1 200 OK"
2026-06-03 21:42:14,590 INFO PUT http://localhost:9200/_bulk?refresh=false [status:200 duration:0.024s]
2026-06-03 21:42:14,591 INFO Progress: 48780/51354 (66.8/s) — ETA 39s
2026-06-03 21:42:14,593 INFO POST http://localhost:9200/_search/scroll [status:200 duration:0.003s]
2026-06-03 21:42:14,799 INFO HTTP Request: POST https://open.bigmodel.cn/api/paas/v4/embeddings "HTTP/1.1 200 OK"
2026-06-03 21:42:14,860 INFO PUT http://localhost:9200/_bulk?refresh=false [status:200 duration:0.023s]
2026-06-03 21:42:14,860 INFO Progress: 48800/51354 (66.8/s) — ETA 38s
2026-06-03 21:42:14,863 INFO POST http://localhost:9200/_search/scroll [status:200 duration:0.003s]
2026-06-03 21:42:15,021 INFO HTTP Request: POST https://open.bigmodel.cn/api/paas/v4/embeddings "HTTP/1.1 200 OK"
2026-06-03 21:42:15,098 INFO PUT http://localhost:9200/_bulk?refresh=false [status:200 duration:0.023s]
2026-06-03 21:42:15,098 INFO Progress: 48820/51354 (66.9/s) — ETA 38s
2026-06-03 21:42:15,101 INFO POST http://localhost:9200/_search/scroll [status:200 duration:0.003s]
2026-06-03 21:42:15,276 INFO HTTP Request: POST https://open.bigmodel.cn/api/paas/v4/embeddings "HTTP/1.1 200 OK"
2026-06-03 21:42:15,358 INFO PUT http://localhost:9200/_bulk?refresh=false [status:200 duration:0.025s]
2026-06-03 21:42:15,359 INFO Progress: 48840/51354 (66.9/s) — ETA 38s
2026-06-03 21:42:15,361 INFO POST http://localhost:9200/_search/scroll [status:200 duration:0.003s]
2026-06-03 21:42:15,734 INFO HTTP Request: POST https://open.bigmodel.cn/api/paas/v4/embeddings "HTTP/1.1 200 OK"
2026-06-03 21:42:15,816 INFO PUT http://localhost:9200/_bulk?refresh=false [status:200 duration:0.027s]
2026-06-03 21:42:15,816 INFO Progress: 48860/51354 (66.8/s) — ETA 37s
2026-06-03 21:42:15,819 INFO POST http://localhost:9200/_search/scroll [status:200 duration:0.003s]
2026-06-03 21:42:16,051 INFO HTTP Request: POST https://open.bigmodel.cn/api/paas/v4/embeddings "HTTP/1.1 200 OK"
2026-06-03 21:42:16,129 INFO PUT http://localhost:9200/_bulk?refresh=false [status:200 duration:0.026s]
2026-06-03 21:42:16,129 INFO Progress: 48880/51354 (66.8/s) — ETA 37s
2026-06-03 21:42:16,132 INFO POST http://localhost:9200/_search/scroll [status:200 duration:0.003s]
2026-06-03 21:42:16,321 INFO HTTP Request: POST https://open.bigmodel.cn/api/paas/v4/embeddings "HTTP/1.1 200 OK"
2026-06-03 21:42:16,388 INFO PUT http://localhost:9200/_bulk?refresh=false [status:200 duration:0.024s]
2026-06-03 21:42:16,389 INFO Progress: 48900/51354 (66.8/s) — ETA 37s
2026-06-03 21:42:16,392 INFO POST http://localhost:9200/_search/scroll [status:200 duration:0.003s]
2026-06-03 21:42:16,607 INFO HTTP Request: POST https://open.bigmodel.cn/api/paas/v4/embeddings "HTTP/1.1 200 OK"
2026-06-03 21:42:16,691 INFO PUT http://localhost:9200/_bulk?refresh=false [status:200 duration:0.025s]
2026-06-03 21:42:16,691 INFO Progress: 48920/51354 (66.8/s) — ETA 36s
2026-06-03 21:42:16,694 INFO POST http://localhost:9200/_search/scroll [status:200 duration:0.003s]
2026-06-03 21:42:16,934 INFO HTTP Request: POST https://open.bigmodel.cn/api/paas/v4/embeddings "HTTP/1.1 200 OK"
2026-06-03 21:42:17,017 INFO PUT http://localhost:9200/_bulk?refresh=false [status:200 duration:0.023s]
2026-06-03 21:42:17,017 INFO Progress: 48940/51354 (66.8/s) — ETA 36s
2026-06-03 21:42:17,019 INFO POST http://localhost:9200/_search/scroll [status:200 duration:0.003s]
2026-06-03 21:42:17,264 INFO HTTP Request: POST https://open.bigmodel.cn/api/paas/v4/embeddings "HTTP/1.1 200 OK"
2026-06-03 21:42:17,331 INFO PUT http://localhost:9200/_bulk?refresh=false [status:200 duration:0.028s]
2026-06-03 21:42:17,332 INFO Progress: 48960/51354 (66.8/s) — ETA 36s
2026-06-03 21:42:17,334 INFO POST http://localhost:9200/_search/scroll [status:200 duration:0.003s]
2026-06-03 21:42:17,508 INFO HTTP Request: POST https://open.bigmodel.cn/api/paas/v4/embeddings "HTTP/1.1 200 OK"
2026-06-03 21:42:17,591 INFO PUT http://localhost:9200/_bulk?refresh=false [status:200 duration:0.024s]
2026-06-03 21:42:17,592 INFO Progress: 48980/51354 (66.8/s) — ETA 36s
2026-06-03 21:42:17,594 INFO POST http://localhost:9200/_search/scroll [status:200 duration:0.003s]
2026-06-03 21:42:17,806 INFO HTTP Request: POST https://open.bigmodel.cn/api/paas/v4/embeddings "HTTP/1.1 200 OK"
2026-06-03 21:42:17,875 INFO PUT http://localhost:9200/_bulk?refresh=false [status:200 duration:0.031s]
2026-06-03 21:42:17,875 INFO Progress: 49000/51354 (66.8/s) — ETA 35s
2026-06-03 21:42:17,878 INFO POST http://localhost:9200/_search/scroll [status:200 duration:0.003s]
2026-06-03 21:42:18,065 INFO HTTP Request: POST https://open.bigmodel.cn/api/paas/v4/embeddings "HTTP/1.1 200 OK"
2026-06-03 21:42:18,133 INFO PUT http://localhost:9200/_bulk?refresh=false [status:200 duration:0.026s]
2026-06-03 21:42:18,133 INFO Progress: 49020/51354 (66.9/s) — ETA 35s
2026-06-03 21:42:18,136 INFO POST http://localhost:9200/_search/scroll [status:200 duration:0.003s]
2026-06-03 21:42:18,300 INFO HTTP Request: POST https://open.bigmodel.cn/api/paas/v4/embeddings "HTTP/1.1 200 OK"
2026-06-03 21:42:18,379 INFO PUT http://localhost:9200/_bulk?refresh=false [status:200 duration:0.025s]
2026-06-03 21:42:18,379 INFO Progress: 49040/51354 (66.9/s) — ETA 35s
2026-06-03 21:42:18,382 INFO POST http://localhost:9200/_search/scroll [status:200 duration:0.003s]
2026-06-03 21:42:18,576 INFO HTTP Request: POST https://open.bigmodel.cn/api/paas/v4/embeddings "HTTP/1.1 200 OK"
2026-06-03 21:42:18,661 INFO PUT http://localhost:9200/_bulk?refresh=false [status:200 duration:0.024s]
2026-06-03 21:42:18,662 INFO Progress: 49060/51354 (66.9/s) — ETA 34s
2026-06-03 21:42:18,665 INFO POST http://localhost:9200/_search/scroll [status:200 duration:0.003s]
2026-06-03 21:42:18,882 INFO HTTP Request: POST https://open.bigmodel.cn/api/paas/v4/embeddings "HTTP/1.1 200 OK"
2026-06-03 21:42:18,966 INFO PUT http://localhost:9200/_bulk?refresh=false [status:200 duration:0.026s]
2026-06-03 21:42:18,967 INFO Progress: 49080/51354 (66.9/s) — ETA 34s
2026-06-03 21:42:18,970 INFO POST http://localhost:9200/_search/scroll [status:200 duration:0.003s]
2026-06-03 21:42:19,144 INFO HTTP Request: POST https://open.bigmodel.cn/api/paas/v4/embeddings "HTTP/1.1 200 OK"
2026-06-03 21:42:19,223 INFO PUT http://localhost:9200/_bulk?refresh=false [status:200 duration:0.025s]
2026-06-03 21:42:19,223 INFO Progress: 49100/51354 (66.9/s) — ETA 34s
2026-06-03 21:42:19,226 INFO POST http://localhost:9200/_search/scroll [status:200 duration:0.003s]
2026-06-03 21:42:19,446 INFO HTTP Request: POST https://open.bigmodel.cn/api/paas/v4/embeddings "HTTP/1.1 200 OK"
2026-06-03 21:42:19,513 INFO PUT http://localhost:9200/_bulk?refresh=false [status:200 duration:0.025s]
2026-06-03 21:42:19,513 INFO Progress: 49120/51354 (66.9/s) — ETA 33s
2026-06-03 21:42:19,516 INFO POST http://localhost:9200/_search/scroll [status:200 duration:0.003s]
2026-06-03 21:42:19,711 INFO HTTP Request: POST https://open.bigmodel.cn/api/paas/v4/embeddings "HTTP/1.1 200 OK"
2026-06-03 21:42:19,773 INFO PUT http://localhost:9200/_bulk?refresh=false [status:200 duration:0.025s]
2026-06-03 21:42:19,773 INFO Progress: 49140/51354 (66.9/s) — ETA 33s
2026-06-03 21:42:19,775 INFO POST http://localhost:9200/_search/scroll [status:200 duration:0.003s]
2026-06-03 21:42:19,963 INFO HTTP Request: POST https://open.bigmodel.cn/api/paas/v4/embeddings "HTTP/1.1 200 OK"
2026-06-03 21:42:20,045 INFO PUT http://localhost:9200/_bulk?refresh=false [status:200 duration:0.025s]
2026-06-03 21:42:20,045 INFO Progress: 49160/51354 (66.9/s) — ETA 33s
2026-06-03 21:42:20,048 INFO POST http://localhost:9200/_search/scroll [status:200 duration:0.003s]
2026-06-03 21:42:20,259 INFO HTTP Request: POST https://open.bigmodel.cn/api/paas/v4/embeddings "HTTP/1.1 200 OK"
2026-06-03 21:42:20,329 INFO PUT http://localhost:9200/_bulk?refresh=false [status:200 duration:0.025s]
2026-06-03 21:42:20,330 INFO Progress: 49180/51354 (66.9/s) — ETA 33s
2026-06-03 21:42:20,332 INFO POST http://localhost:9200/_search/scroll [status:200 duration:0.003s]
2026-06-03 21:42:20,537 INFO HTTP Request: POST https://open.bigmodel.cn/api/paas/v4/embeddings "HTTP/1.1 200 OK"
2026-06-03 21:42:20,625 INFO PUT http://localhost:9200/_bulk?refresh=false [status:200 duration:0.027s]
2026-06-03 21:42:20,625 INFO Progress: 49200/51354 (66.9/s) — ETA 32s
2026-06-03 21:42:20,628 INFO POST http://localhost:9200/_search/scroll [status:200 duration:0.003s]
2026-06-03 21:42:20,824 INFO HTTP Request: POST https://open.bigmodel.cn/api/paas/v4/embeddings "HTTP/1.1 200 OK"
2026-06-03 21:42:20,906 INFO PUT http://localhost:9200/_bulk?refresh=false [status:200 duration:0.025s]
2026-06-03 21:42:20,906 INFO Progress: 49220/51354 (66.9/s) — ETA 32s
2026-06-03 21:42:20,909 INFO POST http://localhost:9200/_search/scroll [status:200 duration:0.003s]
2026-06-03 21:42:21,124 INFO HTTP Request: POST https://open.bigmodel.cn/api/paas/v4/embeddings "HTTP/1.1 200 OK"
2026-06-03 21:42:21,187 INFO PUT http://localhost:9200/_bulk?refresh=false [status:200 duration:0.028s]
2026-06-03 21:42:21,188 INFO Progress: 49240/51354 (66.9/s) — ETA 32s
2026-06-03 21:42:21,191 INFO POST http://localhost:9200/_search/scroll [status:200 duration:0.003s]
2026-06-03 21:42:21,385 INFO HTTP Request: POST https://open.bigmodel.cn/api/paas/v4/embeddings "HTTP/1.1 200 OK"
2026-06-03 21:42:21,470 INFO PUT http://localhost:9200/_bulk?refresh=false [status:200 duration:0.037s]
2026-06-03 21:42:21,470 INFO Progress: 49260/51354 (66.9/s) — ETA 31s
2026-06-03 21:42:21,475 INFO POST http://localhost:9200/_search/scroll [status:200 duration:0.005s]
2026-06-03 21:42:21,686 INFO HTTP Request: POST https://open.bigmodel.cn/api/paas/v4/embeddings "HTTP/1.1 200 OK"
2026-06-03 21:42:21,754 INFO PUT http://localhost:9200/_bulk?refresh=false [status:200 duration:0.028s]
2026-06-03 21:42:21,754 INFO Progress: 49280/51354 (66.9/s) — ETA 31s
2026-06-03 21:42:21,759 INFO POST http://localhost:9200/_search/scroll [status:200 duration:0.004s]
2026-06-03 21:42:21,935 INFO HTTP Request: POST https://open.bigmodel.cn/api/paas/v4/embeddings "HTTP/1.1 200 OK"
2026-06-03 21:42:22,021 INFO PUT http://localhost:9200/_bulk?refresh=false [status:200 duration:0.028s]
2026-06-03 21:42:22,021 INFO Progress: 49300/51354 (66.9/s) — ETA 31s
2026-06-03 21:42:22,024 INFO POST http://localhost:9200/_search/scroll [status:200 duration:0.003s]
2026-06-03 21:42:22,226 INFO HTTP Request: POST https://open.bigmodel.cn/api/paas/v4/embeddings "HTTP/1.1 200 OK"
2026-06-03 21:42:22,289 INFO PUT http://localhost:9200/_bulk?refresh=false [status:200 duration:0.025s]
2026-06-03 21:42:22,290 INFO Progress: 49320/51354 (66.9/s) — ETA 30s
2026-06-03 21:42:22,292 INFO POST http://localhost:9200/_search/scroll [status:200 duration:0.003s]
2026-06-03 21:42:22,527 INFO HTTP Request: POST https://open.bigmodel.cn/api/paas/v4/embeddings "HTTP/1.1 200 OK"
2026-06-03 21:42:22,607 INFO PUT http://localhost:9200/_bulk?refresh=false [status:200 duration:0.025s]
2026-06-03 21:42:22,607 INFO Progress: 49340/51354 (66.9/s) — ETA 30s
2026-06-03 21:42:22,610 INFO POST http://localhost:9200/_search/scroll [status:200 duration:0.003s]
2026-06-03 21:42:22,824 INFO HTTP Request: POST https://open.bigmodel.cn/api/paas/v4/embeddings "HTTP/1.1 200 OK"
2026-06-03 21:42:22,906 INFO PUT http://localhost:9200/_bulk?refresh=false [status:200 duration:0.026s]
2026-06-03 21:42:22,907 INFO Progress: 49360/51354 (66.9/s) — ETA 30s
2026-06-03 21:42:22,910 INFO POST http://localhost:9200/_search/scroll [status:200 duration:0.003s]
2026-06-03 21:42:23,117 INFO HTTP Request: POST https://open.bigmodel.cn/api/paas/v4/embeddings "HTTP/1.1 200 OK"
2026-06-03 21:42:23,202 INFO PUT http://localhost:9200/_bulk?refresh=false [status:200 duration:0.026s]
2026-06-03 21:42:23,202 INFO Progress: 49380/51354 (66.9/s) — ETA 30s
2026-06-03 21:42:23,205 INFO POST http://localhost:9200/_search/scroll [status:200 duration:0.003s]
2026-06-03 21:42:23,366 INFO HTTP Request: POST https://open.bigmodel.cn/api/paas/v4/embeddings "HTTP/1.1 200 OK"
2026-06-03 21:42:23,425 INFO PUT http://localhost:9200/_bulk?refresh=false [status:200 duration:0.023s]
2026-06-03 21:42:23,425 INFO Progress: 49400/51354 (66.9/s) — ETA 29s
2026-06-03 21:42:23,428 INFO POST http://localhost:9200/_search/scroll [status:200 duration:0.003s]
2026-06-03 21:42:23,617 INFO HTTP Request: POST https://open.bigmodel.cn/api/paas/v4/embeddings "HTTP/1.1 200 OK"
2026-06-03 21:42:23,700 INFO PUT http://localhost:9200/_bulk?refresh=false [status:200 duration:0.027s]
2026-06-03 21:42:23,700 INFO Progress: 49420/51354 (66.9/s) — ETA 29s
2026-06-03 21:42:23,703 INFO POST http://localhost:9200/_search/scroll [status:200 duration:0.003s]
2026-06-03 21:42:23,907 INFO HTTP Request: POST https://open.bigmodel.cn/api/paas/v4/embeddings "HTTP/1.1 200 OK"
2026-06-03 21:42:23,992 INFO PUT http://localhost:9200/_bulk?refresh=false [status:200 duration:0.027s]
2026-06-03 21:42:23,992 INFO Progress: 49440/51354 (66.9/s) — ETA 29s
2026-06-03 21:42:23,995 INFO POST http://localhost:9200/_search/scroll [status:200 duration:0.003s]
2026-06-03 21:42:24,229 INFO HTTP Request: POST https://open.bigmodel.cn/api/paas/v4/embeddings "HTTP/1.1 200 OK"
2026-06-03 21:42:24,301 INFO PUT http://localhost:9200/_bulk?refresh=false [status:200 duration:0.024s]
2026-06-03 21:42:24,301 INFO Progress: 49460/51354 (66.9/s) — ETA 28s
2026-06-03 21:42:24,304 INFO POST http://localhost:9200/_search/scroll [status:200 duration:0.003s]
2026-06-03 21:42:24,521 INFO HTTP Request: POST https://open.bigmodel.cn/api/paas/v4/embeddings "HTTP/1.1 200 OK"
2026-06-03 21:42:24,612 INFO PUT http://localhost:9200/_bulk?refresh=false [status:200 duration:0.030s]
2026-06-03 21:42:24,612 INFO Progress: 49480/51354 (66.9/s) — ETA 28s
2026-06-03 21:42:24,615 INFO POST http://localhost:9200/_search/scroll [status:200 duration:0.003s]
2026-06-03 21:42:24,802 INFO HTTP Request: POST https://open.bigmodel.cn/api/paas/v4/embeddings "HTTP/1.1 200 OK"
2026-06-03 21:42:24,887 INFO PUT http://localhost:9200/_bulk?refresh=false [status:200 duration:0.025s]
2026-06-03 21:42:24,887 INFO Progress: 49500/51354 (66.9/s) — ETA 28s
2026-06-03 21:42:24,890 INFO POST http://localhost:9200/_search/scroll [status:200 duration:0.003s]
2026-06-03 21:42:25,065 INFO HTTP Request: POST https://open.bigmodel.cn/api/paas/v4/embeddings "HTTP/1.1 200 OK"
2026-06-03 21:42:25,146 INFO PUT http://localhost:9200/_bulk?refresh=false [status:200 duration:0.026s]
2026-06-03 21:42:25,147 INFO Progress: 49520/51354 (66.9/s) — ETA 27s
2026-06-03 21:42:25,149 INFO POST http://localhost:9200/_search/scroll [status:200 duration:0.003s]
2026-06-03 21:42:25,326 INFO HTTP Request: POST https://open.bigmodel.cn/api/paas/v4/embeddings "HTTP/1.1 200 OK"
2026-06-03 21:42:25,402 INFO PUT http://localhost:9200/_bulk?refresh=false [status:200 duration:0.027s]
2026-06-03 21:42:25,402 INFO Progress: 49540/51354 (66.9/s) — ETA 27s
2026-06-03 21:42:25,405 INFO POST http://localhost:9200/_search/scroll [status:200 duration:0.003s]
2026-06-03 21:42:25,628 INFO HTTP Request: POST https://open.bigmodel.cn/api/paas/v4/embeddings "HTTP/1.1 200 OK"
2026-06-03 21:42:25,695 INFO PUT http://localhost:9200/_bulk?refresh=false [status:200 duration:0.025s]
2026-06-03 21:42:25,695 INFO Progress: 49560/51354 (66.9/s) — ETA 27s
2026-06-03 21:42:25,701 INFO POST http://localhost:9200/_search/scroll [status:200 duration:0.006s]
2026-06-03 21:42:25,882 INFO HTTP Request: POST https://open.bigmodel.cn/api/paas/v4/embeddings "HTTP/1.1 200 OK"
2026-06-03 21:42:25,964 INFO PUT http://localhost:9200/_bulk?refresh=false [status:200 duration:0.026s]
2026-06-03 21:42:25,964 INFO Progress: 49580/51354 (66.9/s) — ETA 27s
2026-06-03 21:42:25,967 INFO POST http://localhost:9200/_search/scroll [status:200 duration:0.003s]
2026-06-03 21:42:26,182 INFO HTTP Request: POST https://open.bigmodel.cn/api/paas/v4/embeddings "HTTP/1.1 200 OK"
2026-06-03 21:42:26,257 INFO PUT http://localhost:9200/_bulk?refresh=false [status:200 duration:0.025s]
2026-06-03 21:42:26,257 INFO Progress: 49600/51354 (66.9/s) — ETA 26s
2026-06-03 21:42:26,260 INFO POST http://localhost:9200/_search/scroll [status:200 duration:0.003s]
2026-06-03 21:42:26,476 INFO HTTP Request: POST https://open.bigmodel.cn/api/paas/v4/embeddings "HTTP/1.1 200 OK"
2026-06-03 21:42:26,564 INFO PUT http://localhost:9200/_bulk?refresh=false [status:200 duration:0.025s]
2026-06-03 21:42:26,564 INFO Progress: 49620/51354 (66.9/s) — ETA 26s
2026-06-03 21:42:26,567 INFO POST http://localhost:9200/_search/scroll [status:200 duration:0.003s]
2026-06-03 21:42:26,747 INFO HTTP Request: POST https://open.bigmodel.cn/api/paas/v4/embeddings "HTTP/1.1 200 OK"
2026-06-03 21:42:26,831 INFO PUT http://localhost:9200/_bulk?refresh=false [status:200 duration:0.026s]
2026-06-03 21:42:26,831 INFO Progress: 49640/51354 (66.9/s) — ETA 26s
2026-06-03 21:42:26,834 INFO POST http://localhost:9200/_search/scroll [status:200 duration:0.003s]
2026-06-03 21:42:27,085 INFO HTTP Request: POST https://open.bigmodel.cn/api/paas/v4/embeddings "HTTP/1.1 200 OK"
2026-06-03 21:42:27,170 INFO PUT http://localhost:9200/_bulk?refresh=false [status:200 duration:0.026s]
2026-06-03 21:42:27,170 INFO Progress: 49660/51354 (66.9/s) — ETA 25s
2026-06-03 21:42:27,173 INFO POST http://localhost:9200/_search/scroll [status:200 duration:0.003s]
2026-06-03 21:42:27,374 INFO HTTP Request: POST https://open.bigmodel.cn/api/paas/v4/embeddings "HTTP/1.1 200 OK"
2026-06-03 21:42:27,457 INFO PUT http://localhost:9200/_bulk?refresh=false [status:200 duration:0.028s]
2026-06-03 21:42:27,458 INFO Progress: 49680/51354 (66.9/s) — ETA 25s
2026-06-03 21:42:27,461 INFO POST http://localhost:9200/_search/scroll [status:200 duration:0.003s]
2026-06-03 21:42:27,689 INFO HTTP Request: POST https://open.bigmodel.cn/api/paas/v4/embeddings "HTTP/1.1 200 OK"
2026-06-03 21:42:27,776 INFO PUT http://localhost:9200/_bulk?refresh=false [status:200 duration:0.028s]
2026-06-03 21:42:27,776 INFO Progress: 49700/51354 (66.9/s) — ETA 25s
2026-06-03 21:42:27,779 INFO POST http://localhost:9200/_search/scroll [status:200 duration:0.003s]
2026-06-03 21:42:27,974 INFO HTTP Request: POST https://open.bigmodel.cn/api/paas/v4/embeddings "HTTP/1.1 200 OK"
2026-06-03 21:42:28,055 INFO PUT http://localhost:9200/_bulk?refresh=false [status:200 duration:0.026s]
2026-06-03 21:42:28,055 INFO Progress: 49720/51354 (66.9/s) — ETA 24s
2026-06-03 21:42:28,058 INFO POST http://localhost:9200/_search/scroll [status:200 duration:0.003s]
2026-06-03 21:42:28,234 INFO HTTP Request: POST https://open.bigmodel.cn/api/paas/v4/embeddings "HTTP/1.1 200 OK"
2026-06-03 21:42:28,301 INFO PUT http://localhost:9200/_bulk?refresh=false [status:200 duration:0.026s]
2026-06-03 21:42:28,301 INFO Progress: 49740/51354 (66.9/s) — ETA 24s
2026-06-03 21:42:28,304 INFO POST http://localhost:9200/_search/scroll [status:200 duration:0.003s]
2026-06-03 21:42:28,542 INFO HTTP Request: POST https://open.bigmodel.cn/api/paas/v4/embeddings "HTTP/1.1 200 OK"
2026-06-03 21:42:28,626 INFO PUT http://localhost:9200/_bulk?refresh=false [status:200 duration:0.025s]
2026-06-03 21:42:28,627 INFO Progress: 49760/51354 (66.9/s) — ETA 24s
2026-06-03 21:42:28,629 INFO POST http://localhost:9200/_search/scroll [status:200 duration:0.003s]
2026-06-03 21:42:28,816 INFO HTTP Request: POST https://open.bigmodel.cn/api/paas/v4/embeddings "HTTP/1.1 200 OK"
2026-06-03 21:42:28,890 INFO PUT http://localhost:9200/_bulk?refresh=false [status:200 duration:0.030s]
2026-06-03 21:42:28,890 INFO Progress: 49780/51354 (66.9/s) — ETA 24s
2026-06-03 21:42:28,893 INFO POST http://localhost:9200/_search/scroll [status:200 duration:0.003s]
2026-06-03 21:42:29,078 INFO HTTP Request: POST https://open.bigmodel.cn/api/paas/v4/embeddings "HTTP/1.1 200 OK"
2026-06-03 21:42:29,168 INFO PUT http://localhost:9200/_bulk?refresh=false [status:200 duration:0.025s]
2026-06-03 21:42:29,169 INFO Progress: 49800/51354 (66.9/s) — ETA 23s
2026-06-03 21:42:29,172 INFO POST http://localhost:9200/_search/scroll [status:200 duration:0.003s]
2026-06-03 21:42:29,345 INFO HTTP Request: POST https://open.bigmodel.cn/api/paas/v4/embeddings "HTTP/1.1 200 OK"
2026-06-03 21:42:29,408 INFO PUT http://localhost:9200/_bulk?refresh=false [status:200 duration:0.026s]
2026-06-03 21:42:29,409 INFO Progress: 49820/51354 (66.9/s) — ETA 23s
2026-06-03 21:42:29,411 INFO POST http://localhost:9200/_search/scroll [status:200 duration:0.003s]
2026-06-03 21:42:29,623 INFO HTTP Request: POST https://open.bigmodel.cn/api/paas/v4/embeddings "HTTP/1.1 200 OK"
2026-06-03 21:42:29,707 INFO PUT http://localhost:9200/_bulk?refresh=false [status:200 duration:0.028s]
2026-06-03 21:42:29,707 INFO Progress: 49840/51354 (66.9/s) — ETA 23s
2026-06-03 21:42:29,710 INFO POST http://localhost:9200/_search/scroll [status:200 duration:0.003s]
2026-06-03 21:42:29,888 INFO HTTP Request: POST https://open.bigmodel.cn/api/paas/v4/embeddings "HTTP/1.1 200 OK"
2026-06-03 21:42:29,958 INFO PUT http://localhost:9200/_bulk?refresh=false [status:200 duration:0.028s]
2026-06-03 21:42:29,958 INFO Progress: 49860/51354 (66.9/s) — ETA 22s
2026-06-03 21:42:29,961 INFO POST http://localhost:9200/_search/scroll [status:200 duration:0.003s]
2026-06-03 21:42:30,199 INFO HTTP Request: POST https://open.bigmodel.cn/api/paas/v4/embeddings "HTTP/1.1 200 OK"
2026-06-03 21:42:30,295 INFO PUT http://localhost:9200/_bulk?refresh=false [status:200 duration:0.030s]
2026-06-03 21:42:30,295 INFO Progress: 49880/51354 (66.9/s) — ETA 22s
2026-06-03 21:42:30,298 INFO POST http://localhost:9200/_search/scroll [status:200 duration:0.003s]
2026-06-03 21:42:30,471 INFO HTTP Request: POST https://open.bigmodel.cn/api/paas/v4/embeddings "HTTP/1.1 200 OK"
2026-06-03 21:42:30,558 INFO PUT http://localhost:9200/_bulk?refresh=false [status:200 duration:0.025s]
2026-06-03 21:42:30,559 INFO Progress: 49900/51354 (66.9/s) — ETA 22s
2026-06-03 21:42:30,561 INFO POST http://localhost:9200/_search/scroll [status:200 duration:0.003s]
2026-06-03 21:42:30,761 INFO HTTP Request: POST https://open.bigmodel.cn/api/paas/v4/embeddings "HTTP/1.1 200 OK"
2026-06-03 21:42:30,837 INFO PUT http://localhost:9200/_bulk?refresh=false [status:200 duration:0.024s]
2026-06-03 21:42:30,837 INFO Progress: 49920/51354 (66.9/s) — ETA 21s
2026-06-03 21:42:30,840 INFO POST http://localhost:9200/_search/scroll [status:200 duration:0.003s]
2026-06-03 21:42:31,047 INFO HTTP Request: POST https://open.bigmodel.cn/api/paas/v4/embeddings "HTTP/1.1 200 OK"
2026-06-03 21:42:31,133 INFO PUT http://localhost:9200/_bulk?refresh=false [status:200 duration:0.025s]
2026-06-03 21:42:31,133 INFO Progress: 49940/51354 (66.9/s) — ETA 21s
2026-06-03 21:42:31,136 INFO POST http://localhost:9200/_search/scroll [status:200 duration:0.003s]
2026-06-03 21:42:31,352 INFO HTTP Request: POST https://open.bigmodel.cn/api/paas/v4/embeddings "HTTP/1.1 200 OK"
2026-06-03 21:42:31,432 INFO PUT http://localhost:9200/_bulk?refresh=false [status:200 duration:0.024s]
2026-06-03 21:42:31,433 INFO Progress: 49960/51354 (66.9/s) — ETA 21s
2026-06-03 21:42:31,435 INFO POST http://localhost:9200/_search/scroll [status:200 duration:0.003s]
2026-06-03 21:42:31,599 INFO HTTP Request: POST https://open.bigmodel.cn/api/paas/v4/embeddings "HTTP/1.1 200 OK"
2026-06-03 21:42:31,662 INFO PUT http://localhost:9200/_bulk?refresh=false [status:200 duration:0.024s]
2026-06-03 21:42:31,662 INFO Progress: 49980/51354 (66.9/s) — ETA 21s
2026-06-03 21:42:31,665 INFO POST http://localhost:9200/_search/scroll [status:200 duration:0.003s]
2026-06-03 21:42:31,839 INFO HTTP Request: POST https://open.bigmodel.cn/api/paas/v4/embeddings "HTTP/1.1 200 OK"
2026-06-03 21:42:31,902 INFO PUT http://localhost:9200/_bulk?refresh=false [status:200 duration:0.025s]
2026-06-03 21:42:31,902 INFO Progress: 50000/51354 (66.9/s) — ETA 20s
2026-06-03 21:42:31,905 INFO POST http://localhost:9200/_search/scroll [status:200 duration:0.003s]
2026-06-03 21:42:32,149 INFO HTTP Request: POST https://open.bigmodel.cn/api/paas/v4/embeddings "HTTP/1.1 200 OK"
2026-06-03 21:42:32,231 INFO PUT http://localhost:9200/_bulk?refresh=false [status:200 duration:0.028s]
2026-06-03 21:42:32,231 INFO Progress: 50020/51354 (66.9/s) — ETA 20s
2026-06-03 21:42:32,234 INFO POST http://localhost:9200/_search/scroll [status:200 duration:0.003s]
2026-06-03 21:42:32,452 INFO HTTP Request: POST https://open.bigmodel.cn/api/paas/v4/embeddings "HTTP/1.1 200 OK"
2026-06-03 21:42:32,520 INFO PUT http://localhost:9200/_bulk?refresh=false [status:200 duration:0.031s]
2026-06-03 21:42:32,520 INFO Progress: 50040/51354 (66.9/s) — ETA 20s
2026-06-03 21:42:32,523 INFO POST http://localhost:9200/_search/scroll [status:200 duration:0.003s]
2026-06-03 21:42:32,730 INFO HTTP Request: POST https://open.bigmodel.cn/api/paas/v4/embeddings "HTTP/1.1 200 OK"
2026-06-03 21:42:32,796 INFO PUT http://localhost:9200/_bulk?refresh=false [status:200 duration:0.027s]
2026-06-03 21:42:32,796 INFO Progress: 50060/51354 (66.9/s) — ETA 19s
2026-06-03 21:42:32,799 INFO POST http://localhost:9200/_search/scroll [status:200 duration:0.003s]
2026-06-03 21:42:33,012 INFO HTTP Request: POST https://open.bigmodel.cn/api/paas/v4/embeddings "HTTP/1.1 200 OK"
2026-06-03 21:42:33,096 INFO PUT http://localhost:9200/_bulk?refresh=false [status:200 duration:0.028s]
2026-06-03 21:42:33,097 INFO Progress: 50080/51354 (66.9/s) — ETA 19s
2026-06-03 21:42:33,099 INFO POST http://localhost:9200/_search/scroll [status:200 duration:0.003s]
2026-06-03 21:42:33,285 INFO HTTP Request: POST https://open.bigmodel.cn/api/paas/v4/embeddings "HTTP/1.1 200 OK"
2026-06-03 21:42:33,372 INFO PUT http://localhost:9200/_bulk?refresh=false [status:200 duration:0.026s]
2026-06-03 21:42:33,373 INFO Progress: 50100/51354 (66.9/s) — ETA 19s
2026-06-03 21:42:33,375 INFO POST http://localhost:9200/_search/scroll [status:200 duration:0.003s]
2026-06-03 21:42:33,632 INFO HTTP Request: POST https://open.bigmodel.cn/api/paas/v4/embeddings "HTTP/1.1 200 OK"
2026-06-03 21:42:33,719 INFO PUT http://localhost:9200/_bulk?refresh=false [status:200 duration:0.028s]
2026-06-03 21:42:33,720 INFO Progress: 50120/51354 (66.9/s) — ETA 18s
2026-06-03 21:42:33,723 INFO POST http://localhost:9200/_search/scroll [status:200 duration:0.003s]
2026-06-03 21:42:33,935 INFO HTTP Request: POST https://open.bigmodel.cn/api/paas/v4/embeddings "HTTP/1.1 200 OK"
2026-06-03 21:42:34,012 INFO PUT http://localhost:9200/_bulk?refresh=false [status:200 duration:0.028s]
2026-06-03 21:42:34,013 INFO Progress: 50140/51354 (66.9/s) — ETA 18s
2026-06-03 21:42:34,016 INFO POST http://localhost:9200/_search/scroll [status:200 duration:0.003s]
2026-06-03 21:42:34,252 INFO HTTP Request: POST https://open.bigmodel.cn/api/paas/v4/embeddings "HTTP/1.1 200 OK"
2026-06-03 21:42:34,325 INFO PUT http://localhost:9200/_bulk?refresh=false [status:200 duration:0.030s]
2026-06-03 21:42:34,325 INFO Progress: 50160/51354 (66.9/s) — ETA 18s
2026-06-03 21:42:34,328 INFO POST http://localhost:9200/_search/scroll [status:200 duration:0.003s]
2026-06-03 21:42:34,543 INFO HTTP Request: POST https://open.bigmodel.cn/api/paas/v4/embeddings "HTTP/1.1 200 OK"
2026-06-03 21:42:34,636 INFO PUT http://localhost:9200/_bulk?refresh=false [status:200 duration:0.033s]
2026-06-03 21:42:34,636 INFO Progress: 50180/51354 (66.9/s) — ETA 18s
2026-06-03 21:42:34,642 INFO POST http://localhost:9200/_search/scroll [status:200 duration:0.005s]
2026-06-03 21:42:34,832 INFO HTTP Request: POST https://open.bigmodel.cn/api/paas/v4/embeddings "HTTP/1.1 200 OK"
2026-06-03 21:42:34,913 INFO PUT http://localhost:9200/_bulk?refresh=false [status:200 duration:0.031s]
2026-06-03 21:42:34,914 INFO Progress: 50200/51354 (66.9/s) — ETA 17s
2026-06-03 21:42:34,918 INFO POST http://localhost:9200/_search/scroll [status:200 duration:0.004s]
2026-06-03 21:42:35,087 INFO HTTP Request: POST https://open.bigmodel.cn/api/paas/v4/embeddings "HTTP/1.1 200 OK"
2026-06-03 21:42:35,166 INFO PUT http://localhost:9200/_bulk?refresh=false [status:200 duration:0.028s]
2026-06-03 21:42:35,166 INFO Progress: 50220/51354 (66.9/s) — ETA 17s
2026-06-03 21:42:35,169 INFO POST http://localhost:9200/_search/scroll [status:200 duration:0.003s]
2026-06-03 21:42:35,423 INFO HTTP Request: POST https://open.bigmodel.cn/api/paas/v4/embeddings "HTTP/1.1 200 OK"
2026-06-03 21:42:35,512 INFO PUT http://localhost:9200/_bulk?refresh=false [status:200 duration:0.029s]
2026-06-03 21:42:35,512 INFO Progress: 50240/51354 (66.9/s) — ETA 17s
2026-06-03 21:42:35,515 INFO POST http://localhost:9200/_search/scroll [status:200 duration:0.003s]
2026-06-03 21:42:35,715 INFO HTTP Request: POST https://open.bigmodel.cn/api/paas/v4/embeddings "HTTP/1.1 200 OK"
2026-06-03 21:42:35,798 INFO PUT http://localhost:9200/_bulk?refresh=false [status:200 duration:0.027s]
2026-06-03 21:42:35,798 INFO Progress: 50260/51354 (66.9/s) — ETA 16s
2026-06-03 21:42:35,801 INFO POST http://localhost:9200/_search/scroll [status:200 duration:0.003s]
2026-06-03 21:42:35,975 INFO HTTP Request: POST https://open.bigmodel.cn/api/paas/v4/embeddings "HTTP/1.1 200 OK"
2026-06-03 21:42:36,059 INFO PUT http://localhost:9200/_bulk?refresh=false [status:200 duration:0.029s]
2026-06-03 21:42:36,059 INFO Progress: 50280/51354 (66.9/s) — ETA 16s
2026-06-03 21:42:36,062 INFO POST http://localhost:9200/_search/scroll [status:200 duration:0.003s]
2026-06-03 21:42:36,263 INFO HTTP Request: POST https://open.bigmodel.cn/api/paas/v4/embeddings "HTTP/1.1 200 OK"
2026-06-03 21:42:36,351 INFO PUT http://localhost:9200/_bulk?refresh=false [status:200 duration:0.027s]
2026-06-03 21:42:36,351 INFO Progress: 50300/51354 (66.9/s) — ETA 16s
2026-06-03 21:42:36,354 INFO POST http://localhost:9200/_search/scroll [status:200 duration:0.003s]
2026-06-03 21:42:36,582 INFO HTTP Request: POST https://open.bigmodel.cn/api/paas/v4/embeddings "HTTP/1.1 200 OK"
2026-06-03 21:42:36,645 INFO PUT http://localhost:9200/_bulk?refresh=false [status:200 duration:0.029s]
2026-06-03 21:42:36,646 INFO Progress: 50320/51354 (66.9/s) — ETA 15s
2026-06-03 21:42:36,649 INFO POST http://localhost:9200/_search/scroll [status:200 duration:0.003s]
2026-06-03 21:42:36,843 INFO HTTP Request: POST https://open.bigmodel.cn/api/paas/v4/embeddings "HTTP/1.1 200 OK"
2026-06-03 21:42:36,911 INFO PUT http://localhost:9200/_bulk?refresh=false [status:200 duration:0.026s]
2026-06-03 21:42:36,911 INFO Progress: 50340/51354 (66.9/s) — ETA 15s
2026-06-03 21:42:36,914 INFO POST http://localhost:9200/_search/scroll [status:200 duration:0.003s]
2026-06-03 21:42:37,139 INFO HTTP Request: POST https://open.bigmodel.cn/api/paas/v4/embeddings "HTTP/1.1 200 OK"
2026-06-03 21:42:37,221 INFO PUT http://localhost:9200/_bulk?refresh=false [status:200 duration:0.026s]
2026-06-03 21:42:37,222 INFO Progress: 50360/51354 (66.9/s) — ETA 15s
2026-06-03 21:42:37,224 INFO POST http://localhost:9200/_search/scroll [status:200 duration:0.003s]
2026-06-03 21:42:37,430 INFO HTTP Request: POST https://open.bigmodel.cn/api/paas/v4/embeddings "HTTP/1.1 200 OK"
2026-06-03 21:42:37,512 INFO PUT http://localhost:9200/_bulk?refresh=false [status:200 duration:0.027s]
2026-06-03 21:42:37,512 INFO Progress: 50380/51354 (66.9/s) — ETA 15s
2026-06-03 21:42:37,515 INFO POST http://localhost:9200/_search/scroll [status:200 duration:0.003s]
2026-06-03 21:42:37,685 INFO HTTP Request: POST https://open.bigmodel.cn/api/paas/v4/embeddings "HTTP/1.1 200 OK"
2026-06-03 21:42:37,771 INFO PUT http://localhost:9200/_bulk?refresh=false [status:200 duration:0.026s]
2026-06-03 21:42:37,771 INFO Progress: 50400/51354 (66.9/s) — ETA 14s
2026-06-03 21:42:37,774 INFO POST http://localhost:9200/_search/scroll [status:200 duration:0.003s]
2026-06-03 21:42:37,981 INFO HTTP Request: POST https://open.bigmodel.cn/api/paas/v4/embeddings "HTTP/1.1 200 OK"
2026-06-03 21:42:38,069 INFO PUT http://localhost:9200/_bulk?refresh=false [status:200 duration:0.026s]
2026-06-03 21:42:38,069 INFO Progress: 50420/51354 (66.9/s) — ETA 14s
2026-06-03 21:42:38,072 INFO POST http://localhost:9200/_search/scroll [status:200 duration:0.003s]
2026-06-03 21:42:38,254 INFO HTTP Request: POST https://open.bigmodel.cn/api/paas/v4/embeddings "HTTP/1.1 200 OK"
2026-06-03 21:42:38,342 INFO PUT http://localhost:9200/_bulk?refresh=false [status:200 duration:0.027s]
2026-06-03 21:42:38,342 INFO Progress: 50440/51354 (66.9/s) — ETA 14s
2026-06-03 21:42:38,345 INFO POST http://localhost:9200/_search/scroll [status:200 duration:0.003s]
2026-06-03 21:42:38,522 INFO HTTP Request: POST https://open.bigmodel.cn/api/paas/v4/embeddings "HTTP/1.1 200 OK"
2026-06-03 21:42:38,608 INFO PUT http://localhost:9200/_bulk?refresh=false [status:200 duration:0.026s]
2026-06-03 21:42:38,608 INFO Progress: 50460/51354 (66.9/s) — ETA 13s
2026-06-03 21:42:38,611 INFO POST http://localhost:9200/_search/scroll [status:200 duration:0.003s]
2026-06-03 21:42:38,817 INFO HTTP Request: POST https://open.bigmodel.cn/api/paas/v4/embeddings "HTTP/1.1 200 OK"
2026-06-03 21:42:38,907 INFO PUT http://localhost:9200/_bulk?refresh=false [status:200 duration:0.033s]
2026-06-03 21:42:38,907 INFO Progress: 50480/51354 (66.9/s) — ETA 13s
2026-06-03 21:42:38,910 INFO POST http://localhost:9200/_search/scroll [status:200 duration:0.003s]
2026-06-03 21:42:39,105 INFO HTTP Request: POST https://open.bigmodel.cn/api/paas/v4/embeddings "HTTP/1.1 200 OK"
2026-06-03 21:42:39,188 INFO PUT http://localhost:9200/_bulk?refresh=false [status:200 duration:0.026s]
2026-06-03 21:42:39,188 INFO Progress: 50500/51354 (66.9/s) — ETA 13s
2026-06-03 21:42:39,191 INFO POST http://localhost:9200/_search/scroll [status:200 duration:0.003s]
2026-06-03 21:42:39,435 INFO HTTP Request: POST https://open.bigmodel.cn/api/paas/v4/embeddings "HTTP/1.1 200 OK"
2026-06-03 21:42:39,519 INFO PUT http://localhost:9200/_bulk?refresh=false [status:200 duration:0.026s]
2026-06-03 21:42:39,519 INFO Progress: 50520/51354 (66.9/s) — ETA 12s
2026-06-03 21:42:39,522 INFO POST http://localhost:9200/_search/scroll [status:200 duration:0.003s]
2026-06-03 21:42:39,710 INFO HTTP Request: POST https://open.bigmodel.cn/api/paas/v4/embeddings "HTTP/1.1 200 OK"
2026-06-03 21:42:39,772 INFO PUT http://localhost:9200/_bulk?refresh=false [status:200 duration:0.027s]
2026-06-03 21:42:39,773 INFO Progress: 50540/51354 (66.9/s) — ETA 12s
2026-06-03 21:42:39,775 INFO POST http://localhost:9200/_search/scroll [status:200 duration:0.003s]
2026-06-03 21:42:40,001 INFO HTTP Request: POST https://open.bigmodel.cn/api/paas/v4/embeddings "HTTP/1.1 200 OK"
2026-06-03 21:42:40,063 INFO PUT http://localhost:9200/_bulk?refresh=false [status:200 duration:0.027s]
2026-06-03 21:42:40,063 INFO Progress: 50560/51354 (66.9/s) — ETA 12s
2026-06-03 21:42:40,066 INFO POST http://localhost:9200/_search/scroll [status:200 duration:0.003s]
2026-06-03 21:42:40,264 INFO HTTP Request: POST https://open.bigmodel.cn/api/paas/v4/embeddings "HTTP/1.1 200 OK"
2026-06-03 21:42:40,350 INFO PUT http://localhost:9200/_bulk?refresh=false [status:200 duration:0.029s]
2026-06-03 21:42:40,350 INFO Progress: 50580/51354 (67.0/s) — ETA 12s
2026-06-03 21:42:40,353 INFO POST http://localhost:9200/_search/scroll [status:200 duration:0.003s]
2026-06-03 21:42:40,642 INFO HTTP Request: POST https://open.bigmodel.cn/api/paas/v4/embeddings "HTTP/1.1 200 OK"
2026-06-03 21:42:40,760 INFO PUT http://localhost:9200/_bulk?refresh=false [status:200 duration:0.064s]
2026-06-03 21:42:40,760 INFO Progress: 50600/51354 (66.9/s) — ETA 11s
2026-06-03 21:42:40,764 INFO POST http://localhost:9200/_search/scroll [status:200 duration:0.003s]
2026-06-03 21:42:40,960 INFO HTTP Request: POST https://open.bigmodel.cn/api/paas/v4/embeddings "HTTP/1.1 200 OK"
2026-06-03 21:42:41,046 INFO PUT http://localhost:9200/_bulk?refresh=false [status:200 duration:0.025s]
2026-06-03 21:42:41,046 INFO Progress: 50620/51354 (66.9/s) — ETA 11s
2026-06-03 21:42:41,049 INFO POST http://localhost:9200/_search/scroll [status:200 duration:0.003s]
2026-06-03 21:42:41,277 INFO HTTP Request: POST https://open.bigmodel.cn/api/paas/v4/embeddings "HTTP/1.1 200 OK"
2026-06-03 21:42:41,359 INFO PUT http://localhost:9200/_bulk?refresh=false [status:200 duration:0.026s]
2026-06-03 21:42:41,359 INFO Progress: 50640/51354 (66.9/s) — ETA 11s
2026-06-03 21:42:41,363 INFO POST http://localhost:9200/_search/scroll [status:200 duration:0.003s]
2026-06-03 21:42:41,596 INFO HTTP Request: POST https://open.bigmodel.cn/api/paas/v4/embeddings "HTTP/1.1 200 OK"
2026-06-03 21:42:41,687 INFO PUT http://localhost:9200/_bulk?refresh=false [status:200 duration:0.030s]
2026-06-03 21:42:41,687 INFO Progress: 50660/51354 (66.9/s) — ETA 10s
2026-06-03 21:42:41,691 INFO POST http://localhost:9200/_search/scroll [status:200 duration:0.003s]
2026-06-03 21:42:41,890 INFO HTTP Request: POST https://open.bigmodel.cn/api/paas/v4/embeddings "HTTP/1.1 200 OK"
2026-06-03 21:42:41,961 INFO PUT http://localhost:9200/_bulk?refresh=false [status:200 duration:0.027s]
2026-06-03 21:42:41,961 INFO Progress: 50680/51354 (66.9/s) — ETA 10s
2026-06-03 21:42:41,964 INFO POST http://localhost:9200/_search/scroll [status:200 duration:0.003s]
2026-06-03 21:42:42,152 INFO HTTP Request: POST https://open.bigmodel.cn/api/paas/v4/embeddings "HTTP/1.1 200 OK"
2026-06-03 21:42:42,232 INFO PUT http://localhost:9200/_bulk?refresh=false [status:200 duration:0.028s]
2026-06-03 21:42:42,233 INFO Progress: 50700/51354 (66.9/s) — ETA 10s
2026-06-03 21:42:42,236 INFO POST http://localhost:9200/_search/scroll [status:200 duration:0.003s]
2026-06-03 21:42:42,407 INFO HTTP Request: POST https://open.bigmodel.cn/api/paas/v4/embeddings "HTTP/1.1 200 OK"
2026-06-03 21:42:42,490 INFO PUT http://localhost:9200/_bulk?refresh=false [status:200 duration:0.027s]
2026-06-03 21:42:42,490 INFO Progress: 50720/51354 (66.9/s) — ETA 9s
2026-06-03 21:42:42,493 INFO POST http://localhost:9200/_search/scroll [status:200 duration:0.003s]
2026-06-03 21:42:42,708 INFO HTTP Request: POST https://open.bigmodel.cn/api/paas/v4/embeddings "HTTP/1.1 200 OK"
2026-06-03 21:42:42,792 INFO PUT http://localhost:9200/_bulk?refresh=false [status:200 duration:0.027s]
2026-06-03 21:42:42,792 INFO Progress: 50740/51354 (66.9/s) — ETA 9s
2026-06-03 21:42:42,795 INFO POST http://localhost:9200/_search/scroll [status:200 duration:0.003s]
2026-06-03 21:42:42,981 INFO HTTP Request: POST https://open.bigmodel.cn/api/paas/v4/embeddings "HTTP/1.1 200 OK"
2026-06-03 21:42:43,065 INFO PUT http://localhost:9200/_bulk?refresh=false [status:200 duration:0.027s]
2026-06-03 21:42:43,065 INFO Progress: 50760/51354 (66.9/s) — ETA 9s
2026-06-03 21:42:43,068 INFO POST http://localhost:9200/_search/scroll [status:200 duration:0.003s]
2026-06-03 21:42:43,245 INFO HTTP Request: POST https://open.bigmodel.cn/api/paas/v4/embeddings "HTTP/1.1 200 OK"
2026-06-03 21:42:43,336 INFO PUT http://localhost:9200/_bulk?refresh=false [status:200 duration:0.033s]
2026-06-03 21:42:43,337 INFO Progress: 50780/51354 (67.0/s) — ETA 9s
2026-06-03 21:42:43,340 INFO POST http://localhost:9200/_search/scroll [status:200 duration:0.003s]
2026-06-03 21:42:43,614 INFO HTTP Request: POST https://open.bigmodel.cn/api/paas/v4/embeddings "HTTP/1.1 200 OK"
2026-06-03 21:42:43,696 INFO PUT http://localhost:9200/_bulk?refresh=false [status:200 duration:0.027s]
2026-06-03 21:42:43,696 INFO Progress: 50800/51354 (66.9/s) — ETA 8s
2026-06-03 21:42:43,699 INFO POST http://localhost:9200/_search/scroll [status:200 duration:0.003s]
2026-06-03 21:42:43,930 INFO HTTP Request: POST https://open.bigmodel.cn/api/paas/v4/embeddings "HTTP/1.1 200 OK"
2026-06-03 21:42:44,015 INFO PUT http://localhost:9200/_bulk?refresh=false [status:200 duration:0.027s]
2026-06-03 21:42:44,015 INFO Progress: 50820/51354 (66.9/s) — ETA 8s
2026-06-03 21:42:44,018 INFO POST http://localhost:9200/_search/scroll [status:200 duration:0.003s]
2026-06-03 21:42:44,194 INFO HTTP Request: POST https://open.bigmodel.cn/api/paas/v4/embeddings "HTTP/1.1 200 OK"
2026-06-03 21:42:44,281 INFO PUT http://localhost:9200/_bulk?refresh=false [status:200 duration:0.027s]
2026-06-03 21:42:44,281 INFO Progress: 50840/51354 (66.9/s) — ETA 8s
2026-06-03 21:42:44,285 INFO POST http://localhost:9200/_search/scroll [status:200 duration:0.003s]
2026-06-03 21:42:44,478 INFO HTTP Request: POST https://open.bigmodel.cn/api/paas/v4/embeddings "HTTP/1.1 200 OK"
2026-06-03 21:42:44,565 INFO PUT http://localhost:9200/_bulk?refresh=false [status:200 duration:0.029s]
2026-06-03 21:42:44,566 INFO Progress: 50860/51354 (66.9/s) — ETA 7s
2026-06-03 21:42:44,568 INFO POST http://localhost:9200/_search/scroll [status:200 duration:0.003s]
2026-06-03 21:42:44,754 INFO HTTP Request: POST https://open.bigmodel.cn/api/paas/v4/embeddings "HTTP/1.1 200 OK"
2026-06-03 21:42:44,816 INFO PUT http://localhost:9200/_bulk?refresh=false [status:200 duration:0.025s]
2026-06-03 21:42:44,816 INFO Progress: 50880/51354 (67.0/s) — ETA 7s
2026-06-03 21:42:44,819 INFO POST http://localhost:9200/_search/scroll [status:200 duration:0.003s]
2026-06-03 21:42:45,020 INFO HTTP Request: POST https://open.bigmodel.cn/api/paas/v4/embeddings "HTTP/1.1 200 OK"
2026-06-03 21:42:45,073 INFO PUT http://localhost:9200/_bulk?refresh=false [status:200 duration:0.023s]
2026-06-03 21:42:45,073 INFO Progress: 50900/51354 (67.0/s) — ETA 7s
2026-06-03 21:42:45,075 INFO POST http://localhost:9200/_search/scroll [status:200 duration:0.002s]
2026-06-03 21:42:45,338 INFO HTTP Request: POST https://open.bigmodel.cn/api/paas/v4/embeddings "HTTP/1.1 200 OK"
2026-06-03 21:42:45,422 INFO PUT http://localhost:9200/_bulk?refresh=false [status:200 duration:0.023s]
2026-06-03 21:42:45,423 INFO Progress: 50920/51354 (67.0/s) — ETA 6s
2026-06-03 21:42:45,426 INFO POST http://localhost:9200/_search/scroll [status:200 duration:0.003s]
2026-06-03 21:42:45,598 INFO HTTP Request: POST https://open.bigmodel.cn/api/paas/v4/embeddings "HTTP/1.1 200 OK"
2026-06-03 21:42:45,665 INFO PUT http://localhost:9200/_bulk?refresh=false [status:200 duration:0.026s]
2026-06-03 21:42:45,666 INFO Progress: 50940/51354 (67.0/s) — ETA 6s
2026-06-03 21:42:45,668 INFO POST http://localhost:9200/_search/scroll [status:200 duration:0.003s]
2026-06-03 21:42:45,882 INFO HTTP Request: POST https://open.bigmodel.cn/api/paas/v4/embeddings "HTTP/1.1 200 OK"
2026-06-03 21:42:45,969 INFO PUT http://localhost:9200/_bulk?refresh=false [status:200 duration:0.025s]
2026-06-03 21:42:45,969 INFO Progress: 50960/51354 (67.0/s) — ETA 6s
2026-06-03 21:42:45,972 INFO POST http://localhost:9200/_search/scroll [status:200 duration:0.003s]
2026-06-03 21:42:46,131 INFO HTTP Request: POST https://open.bigmodel.cn/api/paas/v4/embeddings "HTTP/1.1 200 OK"
2026-06-03 21:42:46,186 INFO PUT http://localhost:9200/_bulk?refresh=false [status:200 duration:0.025s]
2026-06-03 21:42:46,187 INFO Progress: 50980/51354 (67.0/s) — ETA 6s
2026-06-03 21:42:46,190 INFO POST http://localhost:9200/_search/scroll [status:200 duration:0.003s]
2026-06-03 21:42:46,379 INFO HTTP Request: POST https://open.bigmodel.cn/api/paas/v4/embeddings "HTTP/1.1 200 OK"
2026-06-03 21:42:46,457 INFO PUT http://localhost:9200/_bulk?refresh=false [status:200 duration:0.026s]
2026-06-03 21:42:46,457 INFO Progress: 51000/51354 (67.0/s) — ETA 5s
2026-06-03 21:42:46,460 INFO POST http://localhost:9200/_search/scroll [status:200 duration:0.003s]
2026-06-03 21:42:46,679 INFO HTTP Request: POST https://open.bigmodel.cn/api/paas/v4/embeddings "HTTP/1.1 200 OK"
2026-06-03 21:42:46,762 INFO PUT http://localhost:9200/_bulk?refresh=false [status:200 duration:0.024s]
2026-06-03 21:42:46,762 INFO Progress: 51020/51354 (67.0/s) — ETA 5s
2026-06-03 21:42:46,765 INFO POST http://localhost:9200/_search/scroll [status:200 duration:0.003s]
2026-06-03 21:42:46,947 INFO HTTP Request: POST https://open.bigmodel.cn/api/paas/v4/embeddings "HTTP/1.1 200 OK"
2026-06-03 21:42:47,008 INFO PUT http://localhost:9200/_bulk?refresh=false [status:200 duration:0.023s]
2026-06-03 21:42:47,008 INFO Progress: 51040/51354 (67.0/s) — ETA 5s
2026-06-03 21:42:47,011 INFO POST http://localhost:9200/_search/scroll [status:200 duration:0.003s]
2026-06-03 21:42:47,218 INFO HTTP Request: POST https://open.bigmodel.cn/api/paas/v4/embeddings "HTTP/1.1 200 OK"
2026-06-03 21:42:47,302 INFO PUT http://localhost:9200/_bulk?refresh=false [status:200 duration:0.025s]
2026-06-03 21:42:47,302 INFO Progress: 51060/51354 (67.0/s) — ETA 4s
2026-06-03 21:42:47,305 INFO POST http://localhost:9200/_search/scroll [status:200 duration:0.003s]
2026-06-03 21:42:47,488 INFO HTTP Request: POST https://open.bigmodel.cn/api/paas/v4/embeddings "HTTP/1.1 200 OK"
2026-06-03 21:42:47,563 INFO PUT http://localhost:9200/_bulk?refresh=false [status:200 duration:0.024s]
2026-06-03 21:42:47,563 INFO Progress: 51080/51354 (67.0/s) — ETA 4s
2026-06-03 21:42:47,566 INFO POST http://localhost:9200/_search/scroll [status:200 duration:0.003s]
2026-06-03 21:42:47,767 INFO HTTP Request: POST https://open.bigmodel.cn/api/paas/v4/embeddings "HTTP/1.1 200 OK"
2026-06-03 21:42:47,854 INFO PUT http://localhost:9200/_bulk?refresh=false [status:200 duration:0.027s]
2026-06-03 21:42:47,854 INFO Progress: 51100/51354 (67.0/s) — ETA 4s
2026-06-03 21:42:47,857 INFO POST http://localhost:9200/_search/scroll [status:200 duration:0.003s]
2026-06-03 21:42:48,080 INFO HTTP Request: POST https://open.bigmodel.cn/api/paas/v4/embeddings "HTTP/1.1 200 OK"
2026-06-03 21:42:48,147 INFO PUT http://localhost:9200/_bulk?refresh=false [status:200 duration:0.036s]
2026-06-03 21:42:48,148 INFO Progress: 51120/51354 (67.0/s) — ETA 3s
2026-06-03 21:42:48,153 INFO POST http://localhost:9200/_search/scroll [status:200 duration:0.005s]
2026-06-03 21:42:48,303 INFO HTTP Request: POST https://open.bigmodel.cn/api/paas/v4/embeddings "HTTP/1.1 200 OK"
2026-06-03 21:42:48,382 INFO PUT http://localhost:9200/_bulk?refresh=false [status:200 duration:0.026s]
2026-06-03 21:42:48,383 INFO Progress: 51140/51354 (67.0/s) — ETA 3s
2026-06-03 21:42:48,387 INFO POST http://localhost:9200/_search/scroll [status:200 duration:0.004s]
2026-06-03 21:42:48,544 INFO HTTP Request: POST https://open.bigmodel.cn/api/paas/v4/embeddings "HTTP/1.1 200 OK"
2026-06-03 21:42:48,614 INFO PUT http://localhost:9200/_bulk?refresh=false [status:200 duration:0.025s]
2026-06-03 21:42:48,614 INFO Progress: 51160/51354 (67.0/s) — ETA 3s
2026-06-03 21:42:48,617 INFO POST http://localhost:9200/_search/scroll [status:200 duration:0.003s]
2026-06-03 21:42:48,821 INFO HTTP Request: POST https://open.bigmodel.cn/api/paas/v4/embeddings "HTTP/1.1 200 OK"
2026-06-03 21:42:48,884 INFO PUT http://localhost:9200/_bulk?refresh=false [status:200 duration:0.027s]
2026-06-03 21:42:48,884 INFO Progress: 51180/51354 (67.0/s) — ETA 3s
2026-06-03 21:42:48,887 INFO POST http://localhost:9200/_search/scroll [status:200 duration:0.003s]
2026-06-03 21:42:49,124 INFO HTTP Request: POST https://open.bigmodel.cn/api/paas/v4/embeddings "HTTP/1.1 200 OK"
2026-06-03 21:42:49,187 INFO PUT http://localhost:9200/_bulk?refresh=false [status:200 duration:0.027s]
2026-06-03 21:42:49,187 INFO Progress: 51200/51354 (67.0/s) — ETA 2s
2026-06-03 21:42:49,190 INFO POST http://localhost:9200/_search/scroll [status:200 duration:0.003s]
2026-06-03 21:42:49,423 INFO HTTP Request: POST https://open.bigmodel.cn/api/paas/v4/embeddings "HTTP/1.1 200 OK"
2026-06-03 21:42:49,515 INFO PUT http://localhost:9200/_bulk?refresh=false [status:200 duration:0.030s]
2026-06-03 21:42:49,515 INFO Progress: 51220/51354 (67.0/s) — ETA 2s
2026-06-03 21:42:49,518 INFO POST http://localhost:9200/_search/scroll [status:200 duration:0.003s]
2026-06-03 21:42:49,736 INFO HTTP Request: POST https://open.bigmodel.cn/api/paas/v4/embeddings "HTTP/1.1 200 OK"
2026-06-03 21:42:49,817 INFO PUT http://localhost:9200/_bulk?refresh=false [status:200 duration:0.026s]
2026-06-03 21:42:49,818 INFO Progress: 51240/51354 (67.0/s) — ETA 2s
2026-06-03 21:42:49,821 INFO POST http://localhost:9200/_search/scroll [status:200 duration:0.003s]
2026-06-03 21:42:49,995 INFO HTTP Request: POST https://open.bigmodel.cn/api/paas/v4/embeddings "HTTP/1.1 200 OK"
2026-06-03 21:42:50,070 INFO PUT http://localhost:9200/_bulk?refresh=false [status:200 duration:0.025s]
2026-06-03 21:42:50,070 INFO Progress: 51260/51354 (67.0/s) — ETA 1s
2026-06-03 21:42:50,073 INFO POST http://localhost:9200/_search/scroll [status:200 duration:0.003s]
2026-06-03 21:42:50,292 INFO HTTP Request: POST https://open.bigmodel.cn/api/paas/v4/embeddings "HTTP/1.1 200 OK"
2026-06-03 21:42:50,350 INFO PUT http://localhost:9200/_bulk?refresh=false [status:200 duration:0.021s]
2026-06-03 21:42:50,350 INFO Progress: 51280/51354 (67.0/s) — ETA 1s
2026-06-03 21:42:50,353 INFO POST http://localhost:9200/_search/scroll [status:200 duration:0.003s]
2026-06-03 21:42:50,555 INFO HTTP Request: POST https://open.bigmodel.cn/api/paas/v4/embeddings "HTTP/1.1 200 OK"
2026-06-03 21:42:50,617 INFO PUT http://localhost:9200/_bulk?refresh=false [status:200 duration:0.024s]
2026-06-03 21:42:50,617 INFO Progress: 51300/51354 (67.0/s) — ETA 1s
2026-06-03 21:42:50,620 INFO POST http://localhost:9200/_search/scroll [status:200 duration:0.003s]
2026-06-03 21:42:50,861 INFO HTTP Request: POST https://open.bigmodel.cn/api/paas/v4/embeddings "HTTP/1.1 200 OK"
2026-06-03 21:42:50,913 INFO PUT http://localhost:9200/_bulk?refresh=false [status:200 duration:0.023s]
2026-06-03 21:42:50,914 INFO Progress: 51320/51354 (67.0/s) — ETA 1s
2026-06-03 21:42:50,916 INFO POST http://localhost:9200/_search/scroll [status:200 duration:0.003s]
2026-06-03 21:42:51,088 INFO HTTP Request: POST https://open.bigmodel.cn/api/paas/v4/embeddings "HTTP/1.1 200 OK"
2026-06-03 21:42:51,162 INFO PUT http://localhost:9200/_bulk?refresh=false [status:200 duration:0.024s]
2026-06-03 21:42:51,162 INFO Progress: 51340/51354 (67.0/s) — ETA 0s
2026-06-03 21:42:51,165 INFO POST http://localhost:9200/_search/scroll [status:200 duration:0.003s]
2026-06-03 21:42:51,311 INFO HTTP Request: POST https://open.bigmodel.cn/api/paas/v4/embeddings "HTTP/1.1 200 OK"
2026-06-03 21:42:51,374 INFO PUT http://localhost:9200/_bulk?refresh=false [status:200 duration:0.018s]
2026-06-03 21:42:51,374 INFO Progress: 51354/51354 (67.0/s) — ETA 0s
2026-06-03 21:42:51,377 INFO POST http://localhost:9200/_search/scroll [status:200 duration:0.002s]
2026-06-03 21:42:51,410 INFO DELETE http://localhost:9200/_search/scroll [status:200 duration:0.033s]
2026-06-03 21:42:51,652 INFO POST http://localhost:9200/restaurants/_refresh [status:200 duration:0.241s]
2026-06-03 21:42:51,652 INFO Done. Embedded 51354 documents in 766.8s
